t_s,x_m,y_m,z_m
0.0,0.0047,-0.0001,0.0242
0.002,0.0873,-0.0009,0.0733
0.004,0.1699,-0.0018,0.1224
0.006,0.2519,-0.0026,0.1713
0.008,0.3343,-0.0035,0.2203
0.01,0.4167,-0.0043,0.2693
0.012,0.499,-0.0052,0.3183
0.014,0.5812,-0.0061,0.3672
0.016,0.6634,-0.0069,0.4161
0.018,0.7455,-0.0078,0.465
0.02,0.8275,-0.0086,0.5138
0.022,0.9095,-0.0095,0.5626
0.024,0.9915,-0.0103,0.6114
0.026,1.0734,-0.0112,0.6601
0.028,1.1552,-0.012,0.7088
0.03,1.237,-0.0129,0.7575
0.032,1.3187,-0.0137,0.8061
0.034,1.4003,-0.0146,0.8547
0.036,1.4819,-0.0154,0.9032
0.038,1.5635,-0.0163,0.9518
0.04,1.6449,-0.0171,1.0002
0.042,1.7264,-0.018,1.0487
0.044,1.8077,-0.0188,1.0971
0.046,1.889,-0.0197,1.1455
0.048,1.9703,-0.0205,1.1938
0.05,2.0515,-0.0214,1.2421
0.052,2.1326,-0.0222,1.2904
0.054,2.2137,-0.0231,1.3387
0.056,2.2947,-0.0239,1.3869
0.058,2.3757,-0.0247,1.435
0.06,2.4566,-0.0256,1.4832
0.062,2.5375,-0.0264,1.5313
0.064,2.6183,-0.0273,1.5794
0.066,2.699,-0.0281,1.6274
0.068,2.7797,-0.0289,1.6754
0.07,2.8603,-0.0298,1.7233
0.072,2.9409,-0.0306,1.7713
0.074,3.0214,-0.0314,1.8192
0.076,3.1019,-0.0323,1.867
0.078,3.1823,-0.0331,1.9149
0.08,3.2626,-0.0339,1.9626
0.082,3.3429,-0.0348,2.0104
0.084,3.4231,-0.0356,2.0581
0.086,3.5033,-0.0364,2.1058
0.088,3.5834,-0.0373,2.1535
0.09,3.6635,-0.0381,2.2011
0.092,3.7435,-0.0389,2.2487
0.094,3.8235,-0.0397,2.2962
0.096,3.9034,-0.0406,2.3437
0.098,3.9832,-0.0414,2.3912
0.1,4.063,-0.0422,2.4387
0.102,4.1427,-0.043,2.4861
0.104,4.2224,-0.0439,2.5334
0.106,4.302,-0.0447,2.5808
0.108,4.3816,-0.0455,2.6281
0.11,4.4611,-0.0463,2.6754
0.112,4.5406,-0.0472,2.7226
0.114,4.62,-0.048,2.7698
0.116,4.6993,-0.0488,2.817
0.118,4.7786,-0.0496,2.8641
0.12,4.8579,-0.0504,2.9112
0.122,4.9371,-0.0513,2.9583
0.124,5.0162,-0.0521,3.0053
0.126,5.0953,-0.0529,3.0523
0.128,5.1743,-0.0537,3.0993
0.13,5.2533,-0.0545,3.1462
0.132,5.3322,-0.0553,3.1931
0.134,5.411,-0.0562,3.24
0.136,5.4898,-0.057,3.2868
0.138,5.5686,-0.0578,3.3336
0.14,5.6473,-0.0586,3.3803
0.142,5.7259,-0.0594,3.4271
0.144,5.8045,-0.0602,3.4738
0.146,5.883,-0.061,3.5204
0.148,5.9615,-0.0618,3.567
0.15,6.0399,-0.0626,3.6136
0.152,6.1183,-0.0634,3.6602
0.154,6.1966,-0.0642,3.7067
0.156,6.2749,-0.0651,3.7532
0.158,6.3531,-0.0659,3.7996
0.16,6.4313,-0.0667,3.846
0.162,6.5094,-0.0675,3.8924
0.164,6.5874,-0.0683,3.9388
0.166,6.6654,-0.0691,3.9851
0.168,6.7434,-0.0699,4.0314
0.17,6.8213,-0.0707,4.0776
0.172,6.8991,-0.0715,4.1238
0.174,6.9769,-0.0723,4.17
0.176,7.0546,-0.0731,4.2162
0.178,7.1323,-0.0739,4.2623
0.18,7.2099,-0.0747,4.3083
0.182,7.2875,-0.0755,4.3544
0.184,7.365,-0.0763,4.4004
0.186,7.4425,-0.0771,4.4464
0.188,7.5199,-0.0779,4.4923
0.19,7.5973,-0.0786,4.5382
0.192,7.6746,-0.0794,4.5841
0.194,7.7519,-0.0802,4.6299
0.196,7.8291,-0.081,4.6757
0.198,7.9062,-0.0818,4.7215
0.2,7.9833,-0.0826,4.7672
0.202,8.0604,-0.0834,4.8129
0.204,8.1374,-0.0842,4.8586
0.206,8.2143,-0.085,4.9042
0.208,8.2912,-0.0858,4.9498
0.21,8.3681,-0.0866,4.9954
0.212,8.4449,-0.0873,5.0409
0.214,8.5216,-0.0881,5.0864
0.216,8.5983,-0.0889,5.1319
0.218,8.6749,-0.0897,5.1773
0.22,8.7515,-0.0905,5.2227
0.222,8.8281,-0.0913,5.2681
0.224,8.9046,-0.092,5.3134
0.226,8.981,-0.0928,5.3587
0.228,9.0574,-0.0936,5.404
0.23,9.1337,-0.0944,5.4492
0.232,9.21,-0.0952,5.4944
0.234,9.2862,-0.096,5.5396
0.236,9.3624,-0.0967,5.5847
0.238,9.4385,-0.0975,5.6298
0.24,9.5146,-0.0983,5.6748
0.242,9.5906,-0.0991,5.7199
0.244,9.6666,-0.0998,5.7649
0.246,9.7425,-0.1006,5.8098
0.248,9.8184,-0.1014,5.8547
0.25,9.8942,-0.1022,5.8996
0.252,9.97,-0.1029,5.9445
0.254,10.0457,-0.1037,5.9893
0.256,10.1214,-0.1045,6.0341
0.258,10.197,-0.1053,6.0789
0.26,10.2725,-0.106,6.1236
0.262,10.3481,-0.1068,6.1683
0.264,10.4235,-0.1076,6.2129
0.266,10.4989,-0.1083,6.2576
0.268,10.5743,-0.1091,6.3022
0.27,10.6496,-0.1099,6.3467
0.272,10.7249,-0.1106,6.3912
0.274,10.8001,-0.1114,6.4357
0.276,10.8753,-0.1122,6.4802
0.278,10.9504,-0.1129,6.5246
0.28,11.0255,-0.1137,6.569
0.282,11.1005,-0.1145,6.6133
0.284,11.1755,-0.1152,6.6577
0.286,11.2504,-0.116,6.7019
0.288,11.3253,-0.1167,6.7462
0.29,11.4001,-0.1175,6.7904
0.292,11.4749,-0.1183,6.8346
0.294,11.5496,-0.119,6.8788
0.296,11.6243,-0.1198,6.9229
0.298,11.6989,-0.1205,6.967
0.3,11.7735,-0.1213,7.011
0.302,11.848,-0.1221,7.055
0.304,11.9225,-0.1228,7.099
0.306,11.9969,-0.1236,7.143
0.308,12.0713,-0.1243,7.1869
0.31,12.1456,-0.1251,7.2308
0.312,12.2199,-0.1258,7.2746
0.314,12.2941,-0.1266,7.3185
0.316,12.3683,-0.1273,7.3623
0.318,12.4424,-0.1281,7.406
0.32,12.5165,-0.1289,7.4497
0.322,12.5906,-0.1296,7.4934
0.324,12.6645,-0.1304,7.5371
0.326,12.7385,-0.1311,7.5807
0.328,12.8124,-0.1319,7.6243
0.33,12.8862,-0.1326,7.6678
0.332,12.96,-0.1333,7.7113
0.334,13.0338,-0.1341,7.7548
0.336,13.1075,-0.1348,7.7983
0.338,13.1811,-0.1356,7.8417
0.34,13.2547,-0.1363,7.8851
0.342,13.3283,-0.1371,7.9285
0.344,13.4018,-0.1378,7.9718
0.346,13.4753,-0.1386,8.0151
0.348,13.5487,-0.1393,8.0583
0.35,13.622,-0.1401,8.1015
0.352,13.6954,-0.1408,8.1447
0.354,13.7686,-0.1415,8.1879
0.356,13.8419,-0.1423,8.231
0.358,13.915,-0.143,8.2741
0.36,13.9882,-0.1438,8.3172
0.362,14.0612,-0.1445,8.3602
0.364,14.1343,-0.1452,8.4032
0.366,14.2073,-0.146,8.4461
0.368,14.2802,-0.1467,8.489
0.37,14.3531,-0.1474,8.5319
0.372,14.4259,-0.1482,8.5748
0.374,14.4987,-0.1489,8.6176
0.376,14.5715,-0.1496,8.6604
0.378,14.6442,-0.1504,8.7032
0.38,14.7168,-0.1511,8.7459
0.382,14.7895,-0.1518,8.7886
0.384,14.862,-0.1526,8.8312
0.386,14.9345,-0.1533,8.8739
0.388,15.007,-0.154,8.9165
0.39,15.0794,-0.1548,8.959
0.392,15.1518,-0.1555,9.0016
0.394,15.2241,-0.1562,9.0441
0.396,15.2964,-0.157,9.0865
0.398,15.3687,-0.1577,9.1289
0.4,15.4409,-0.1584,9.1713
0.402,15.513,-0.1591,9.2137
0.404,15.5851,-0.1599,9.256
0.406,15.6572,-0.1606,9.2983
0.408,15.7292,-0.1613,9.3406
0.41,15.8011,-0.162,9.3828
0.412,15.873,-0.1628,9.425
0.414,15.9449,-0.1635,9.4672
0.416,16.0167,-0.1642,9.5093
0.418,16.0885,-0.1649,9.5514
0.42,16.1602,-0.1657,9.5935
0.422,16.2319,-0.1664,9.6355
0.424,16.3036,-0.1671,9.6775
0.426,16.3752,-0.1678,9.7195
0.428,16.4467,-0.1685,9.7614
0.43,16.5182,-0.1693,9.8033
0.432,16.5897,-0.17,9.8452
0.434,16.6611,-0.1707,9.887
0.436,16.7324,-0.1714,9.9289
0.438,16.8038,-0.1721,9.9706
0.44,16.875,-0.1728,10.0124
0.442,16.9463,-0.1736,10.0541
0.444,17.0175,-0.1743,10.0957
0.446,17.0886,-0.175,10.1374
0.448,17.1597,-0.1757,10.179
0.45,17.2308,-0.1764,10.2206
0.452,17.3018,-0.1771,10.2621
0.454,17.3727,-0.1778,10.3036
0.456,17.4436,-0.1785,10.3451
0.458,17.5145,-0.1793,10.3866
0.46,17.5853,-0.18,10.428
0.462,17.6561,-0.1807,10.4693
0.464,17.7269,-0.1814,10.5107
0.466,17.7975,-0.1821,10.552
0.468,17.8682,-0.1828,10.5933
0.47,17.9388,-0.1835,10.6345
0.472,18.0094,-0.1842,10.6758
0.474,18.0799,-0.1849,10.7169
0.476,18.1503,-0.1856,10.7581
0.478,18.2208,-0.1863,10.7992
0.48,18.2912,-0.187,10.8403
0.482,18.3615,-0.1877,10.8814
0.484,18.4318,-0.1884,10.9224
0.486,18.502,-0.1891,10.9634
0.488,18.5722,-0.1898,11.0043
0.49,18.6424,-0.1905,11.0452
0.492,18.7125,-0.1912,11.0861
0.494,18.7826,-0.1919,11.127
0.496,18.8526,-0.1926,11.1678
0.498,18.9226,-0.1933,11.2086
0.5,18.9926,-0.194,11.2494
0.502,19.0625,-0.1947,11.2901
0.504,19.1323,-0.1954,11.3308
0.506,19.2021,-0.1961,11.3715
0.508,19.2719,-0.1968,11.4121
0.51,19.3416,-0.1975,11.4527
0.512,19.4113,-0.1982,11.4933
0.514,19.4809,-0.1989,11.5338
0.516,19.5505,-0.1996,11.5743
0.518,19.6201,-0.2003,11.6148
0.52,19.6896,-0.201,11.6552
0.522,19.7591,-0.2017,11.6956
0.524,19.8285,-0.2024,11.736
0.526,19.8979,-0.2031,11.7763
0.528,19.9672,-0.2038,11.8166
0.53,20.0365,-0.2044,11.8569
0.532,20.1057,-0.2051,11.8972
0.534,20.175,-0.2058,11.9374
0.536,20.2441,-0.2065,11.9776
0.538,20.3132,-0.2072,12.0177
0.54,20.3823,-0.2079,12.0578
0.542,20.4514,-0.2086,12.0979
0.544,20.5204,-0.2093,12.1379
0.546,20.5893,-0.2099,12.178
0.548,20.6582,-0.2106,12.218
0.55,20.7271,-0.2113,12.2579
0.552,20.7959,-0.212,12.2978
0.554,20.8647,-0.2127,12.3377
0.556,20.9334,-0.2134,12.3776
0.558,21.0021,-0.214,12.4174
0.56,21.0708,-0.2147,12.4572
0.562,21.1394,-0.2154,12.4969
0.564,21.208,-0.2161,12.5367
0.566,21.2765,-0.2168,12.5764
0.568,21.345,-0.2174,12.616
0.57,21.4134,-0.2181,12.6557
0.572,21.4818,-0.2188,12.6953
0.574,21.5502,-0.2195,12.7348
0.576,21.6185,-0.2202,12.7744
0.578,21.6868,-0.2208,12.8139
0.58,21.755,-0.2215,12.8533
0.582,21.8232,-0.2222,12.8928
0.584,21.8914,-0.2229,12.9322
0.586,21.9595,-0.2235,12.9715
0.588,22.0275,-0.2242,13.0109
0.59,22.0956,-0.2249,13.0502
0.592,22.1636,-0.2256,13.0895
0.594,22.2315,-0.2262,13.1287
0.596,22.2994,-0.2269,13.1679
0.598,22.3673,-0.2276,13.2071
0.6,22.4351,-0.2282,13.2463
0.602,22.5029,-0.2289,13.2854
0.604,22.5706,-0.2296,13.3245
0.606,22.6383,-0.2303,13.3635
0.608,22.706,-0.2309,13.4025
0.61,22.7736,-0.2316,13.4415
0.612,22.8411,-0.2323,13.4805
0.614,22.9087,-0.2329,13.5194
0.616,22.9762,-0.2336,13.5583
0.618,23.0436,-0.2343,13.5972
0.62,23.111,-0.2349,13.636
0.622,23.1784,-0.2356,13.6748
0.624,23.2457,-0.2363,13.7136
0.626,23.313,-0.2369,13.7523
0.628,23.3803,-0.2376,13.791
0.63,23.4475,-0.2382,13.8297
0.632,23.5146,-0.2389,13.8683
0.634,23.5818,-0.2396,13.9069
0.636,23.6489,-0.2402,13.9455
0.638,23.7159,-0.2409,13.984
0.64,23.7829,-0.2416,14.0225
0.642,23.8499,-0.2422,14.061
0.644,23.9168,-0.2429,14.0995
0.646,23.9837,-0.2435,14.1379
0.648,24.0505,-0.2442,14.1763
0.65,24.1173,-0.2449,14.2146
0.652,24.1841,-0.2455,14.2529
0.654,24.2508,-0.2462,14.2912
0.656,24.3175,-0.2468,14.3295
0.658,24.3842,-0.2475,14.3677
0.66,24.4508,-0.2481,14.4059
0.662,24.5173,-0.2488,14.444
0.664,24.5838,-0.2494,14.4822
0.666,24.6503,-0.2501,14.5203
0.668,24.7168,-0.2507,14.5583
0.67,24.7832,-0.2514,14.5964
0.672,24.8495,-0.2521,14.6344
0.674,24.9159,-0.2527,14.6723
0.676,24.9822,-0.2534,14.7103
0.678,25.0484,-0.254,14.7482
0.68,25.1146,-0.2547,14.786
0.682,25.1808,-0.2553,14.8239
0.684,25.2469,-0.256,14.8617
0.686,25.313,-0.2566,14.8995
0.688,25.3791,-0.2573,14.9372
0.69,25.4451,-0.2579,14.9749
0.692,25.511,-0.2586,15.0126
0.694,25.577,-0.2592,15.0503
0.696,25.6429,-0.2598,15.0879
0.698,25.7087,-0.2605,15.1255
0.7,25.7745,-0.2611,15.163
0.702,25.8403,-0.2618,15.2006
0.704,25.9061,-0.2624,15.238
0.706,25.9718,-0.2631,15.2755
0.708,26.0374,-0.2637,15.3129
0.71,26.103,-0.2644,15.3503
0.712,26.1686,-0.265,15.3877
0.714,26.2342,-0.2656,15.425
0.716,26.2997,-0.2663,15.4623
0.718,26.3651,-0.2669,15.4996
0.72,26.4306,-0.2676,15.5369
0.722,26.496,-0.2682,15.5741
0.724,26.5613,-0.2688,15.6112
0.726,26.6266,-0.2695,15.6484
0.728,26.6919,-0.2701,15.6855
0.73,26.7571,-0.2708,15.7226
0.732,26.8223,-0.2714,15.7596
0.734,26.8875,-0.272,15.7966
0.736,26.9526,-0.2727,15.8336
0.738,27.0177,-0.2733,15.8706
0.74,27.0828,-0.2739,15.9075
0.742,27.1478,-0.2746,15.9444
0.744,27.2127,-0.2752,15.9813
0.746,27.2777,-0.2758,16.0181
0.748,27.3426,-0.2765,16.0549
0.75,27.4074,-0.2771,16.0917
0.752,27.4722,-0.2777,16.1284
0.754,27.537,-0.2784,16.1651
0.756,27.6018,-0.279,16.2018
0.758,27.6665,-0.2796,16.2384
0.76,27.7311,-0.2803,16.275
0.762,27.7958,-0.2809,16.3116
0.764,27.8604,-0.2815,16.3482
0.766,27.9249,-0.2822,16.3847
0.768,27.9894,-0.2828,16.4212
0.77,28.0539,-0.2834,16.4576
0.772,28.1183,-0.284,16.494
0.774,28.1828,-0.2847,16.5304
0.776,28.2471,-0.2853,16.5668
0.778,28.3115,-0.2859,16.6031
0.78,28.3757,-0.2865,16.6394
0.782,28.44,-0.2872,16.6757
0.784,28.5042,-0.2878,16.7119
0.786,28.5684,-0.2884,16.7481
0.788,28.6325,-0.289,16.7843
0.79,28.6967,-0.2897,16.8204
0.792,28.7607,-0.2903,16.8565
0.794,28.8248,-0.2909,16.8926
0.796,28.8888,-0.2915,16.9286
0.798,28.9527,-0.2922,16.9646
0.8,29.0166,-0.2928,17.0006
0.802,29.0805,-0.2934,17.0366
0.804,29.1444,-0.294,17.0725
0.806,29.2082,-0.2946,17.1084
0.808,29.272,-0.2953,17.1442
0.81,29.3357,-0.2959,17.1801
0.812,29.3994,-0.2965,17.2159
0.814,29.4631,-0.2971,17.2516
0.816,29.5267,-0.2977,17.2874
0.818,29.5903,-0.2984,17.3231
0.82,29.6538,-0.299,17.3587
0.822,29.7174,-0.2996,17.3944
0.824,29.7809,-0.3002,17.43
0.826,29.8443,-0.3008,17.4656
0.828,29.9077,-0.3014,17.5011
0.83,29.9711,-0.302,17.5366
0.832,30.0344,-0.3027,17.5721
0.834,30.0977,-0.3033,17.6075
0.836,30.161,-0.3039,17.643
0.838,30.2242,-0.3045,17.6783
0.84,30.2874,-0.3051,17.7137
0.842,30.3506,-0.3057,17.749
0.844,30.4137,-0.3063,17.7843
0.846,30.4768,-0.3069,17.8196
0.848,30.5398,-0.3076,17.8548
0.85,30.6029,-0.3082,17.89
0.852,30.6658,-0.3088,17.9252
0.854,30.7288,-0.3094,17.9603
0.856,30.7917,-0.31,17.9954
0.858,30.8546,-0.3106,18.0305
0.86,30.9174,-0.3112,18.0656
0.862,30.9802,-0.3118,18.1006
0.864,31.043,-0.3124,18.1356
0.866,31.1057,-0.313,18.1705
0.868,31.1684,-0.3136,18.2054
0.87,31.2311,-0.3142,18.2403
0.872,31.2937,-0.3148,18.2752
0.874,31.3563,-0.3154,18.31
0.876,31.4188,-0.316,18.3448
0.878,31.4813,-0.3166,18.3796
0.88,31.5438,-0.3173,18.4143
0.882,31.6063,-0.3179,18.449
0.884,31.6687,-0.3185,18.4837
0.886,31.7311,-0.3191,18.5183
0.888,31.7934,-0.3197,18.553
0.89,31.8557,-0.3203,18.5875
0.8921,31.9195,-0.3209,18.6229
0.8941,31.9833,-0.3215,18.6583
0.8962,32.0471,-0.3221,18.6937
0.8982,32.1108,-0.3227,18.729
0.9003,32.1745,-0.3233,18.7643
0.9023,32.2381,-0.3239,18.7995
0.9044,32.3017,-0.3246,18.8347
0.9064,32.3653,-0.3252,18.8699
0.9085,32.4289,-0.3258,18.9051
0.9105,32.4924,-0.3264,18.9402
0.9126,32.5558,-0.327,18.9753
0.9146,32.6192,-0.3276,19.0103
0.9167,32.6826,-0.3282,19.0454
0.9187,32.746,-0.3288,19.0803
0.9208,32.8093,-0.3294,19.1153
0.9228,32.8726,-0.3301,19.1502
0.9249,32.9358,-0.3307,19.1851
0.9269,32.9991,-0.3313,19.22
0.929,33.0622,-0.3319,19.2548
0.931,33.1254,-0.3325,19.2896
0.9331,33.1885,-0.3331,19.3244
0.9351,33.2515,-0.3337,19.3591
0.9372,33.3146,-0.3343,19.3938
0.9392,33.3776,-0.3349,19.4285
0.9413,33.4405,-0.3355,19.4631
0.9433,33.5034,-0.3361,19.4977
0.9454,33.5663,-0.3367,19.5323
0.9474,33.6292,-0.3373,19.5668
0.9495,33.692,-0.3379,19.6013
0.9515,33.7548,-0.3385,19.6358
0.9536,33.8175,-0.3391,19.6702
0.9556,33.8802,-0.3397,19.7046
0.9577,33.9429,-0.3403,19.739
0.9597,34.0056,-0.3409,19.7733
0.9618,34.0682,-0.3415,19.8076
0.9638,34.1307,-0.3421,19.8419
0.9659,34.1933,-0.3427,19.8762
0.9679,34.2558,-0.3433,19.9104
0.97,34.3182,-0.3439,19.9446
0.972,34.3807,-0.3445,19.9787
0.9741,34.4431,-0.3451,20.0128
0.9761,34.5054,-0.3457,20.0469
0.9782,34.5677,-0.3463,20.081
0.9802,34.63,-0.3469,20.115
0.9823,34.6923,-0.3475,20.149
0.9843,34.7545,-0.3481,20.1829
0.9864,34.8167,-0.3487,20.2168
0.9884,34.8788,-0.3493,20.2507
0.9905,34.9409,-0.3499,20.2846
0.9925,35.003,-0.3505,20.3184
0.9946,35.0651,-0.3511,20.3522
0.9966,35.1271,-0.3517,20.386
0.9987,35.189,-0.3522,20.4197
1.0007,35.251,-0.3528,20.4534
1.0028,35.3129,-0.3534,20.487
1.0048,35.3748,-0.354,20.5207
1.0069,35.4366,-0.3546,20.5543
1.0089,35.4984,-0.3552,20.5878
1.011,35.5602,-0.3558,20.6214
1.013,35.6219,-0.3564,20.6549
1.0151,35.6836,-0.357,20.6884
1.0171,35.7453,-0.3576,20.7218
1.0192,35.8069,-0.3581,20.7552
1.0212,35.8685,-0.3587,20.7886
1.0233,35.9301,-0.3593,20.8219
1.0253,35.9916,-0.3599,20.8552
1.0274,36.0531,-0.3605,20.8885
1.0294,36.1145,-0.3611,20.9217
1.0315,36.176,-0.3617,20.955
1.0335,36.2374,-0.3622,20.9881
1.0356,36.2987,-0.3628,21.0213
1.0376,36.3601,-0.3634,21.0544
1.0397,36.4213,-0.364,21.0875
1.0417,36.4826,-0.3646,21.1205
1.0438,36.5438,-0.3652,21.1536
1.0458,36.605,-0.3657,21.1866
1.0479,36.6662,-0.3663,21.2195
1.0499,36.7273,-0.3669,21.2524
1.052,36.7884,-0.3675,21.2853
1.054,36.8494,-0.3681,21.3182
1.0561,36.9105,-0.3686,21.351
1.0581,36.9714,-0.3692,21.3838
1.0602,37.0324,-0.3698,21.4166
1.0622,37.0933,-0.3704,21.4493
1.0643,37.1542,-0.371,21.482
1.0663,37.2151,-0.3715,21.5147
1.0684,37.2759,-0.3721,21.5473
1.0704,37.3367,-0.3727,21.5799
1.0725,37.3974,-0.3733,21.6125
1.0745,37.4582,-0.3738,21.645
1.0766,37.5188,-0.3744,21.6776
1.0786,37.5795,-0.375,21.71
1.0807,37.6401,-0.3756,21.7425
1.0827,37.7007,-0.3761,21.7749
1.0848,37.7613,-0.3767,21.8073
1.0868,37.8218,-0.3773,21.8396
1.0889,37.8823,-0.3779,21.8719
1.0909,37.9427,-0.3784,21.9042
1.093,38.0032,-0.379,21.9365
1.095,38.0636,-0.3796,21.9687
1.0971,38.1239,-0.3802,22.0009
1.0991,38.1842,-0.3807,22.033
1.1012,38.2445,-0.3813,22.0652
1.1032,38.3048,-0.3819,22.0973
1.1053,38.365,-0.3824,22.1293
1.1073,38.4252,-0.383,22.1613
1.1094,38.4854,-0.3836,22.1933
1.1114,38.5455,-0.3841,22.2253
1.1135,38.6056,-0.3847,22.2572
1.1155,38.6657,-0.3853,22.2891
1.1176,38.7257,-0.3859,22.321
1.1196,38.7857,-0.3864,22.3529
1.1217,38.8457,-0.387,22.3847
1.1237,38.9056,-0.3876,22.4164
1.1258,38.9655,-0.3881,22.4482
1.1278,39.0254,-0.3887,22.4799
1.1299,39.0852,-0.3893,22.5116
1.1319,39.1451,-0.3898,22.5432
1.134,39.2048,-0.3904,22.5748
1.136,39.2646,-0.3909,22.6064
1.1381,39.3243,-0.3915,22.638
1.1401,39.384,-0.3921,22.6695
1.1422,39.4436,-0.3926,22.701
1.1442,39.5032,-0.3932,22.7324
1.1463,39.5628,-0.3938,22.7639
1.1483,39.6224,-0.3943,22.7953
1.1504,39.6819,-0.3949,22.8266
1.1524,39.7414,-0.3954,22.8579
1.1545,39.8008,-0.396,22.8892
1.1565,39.8603,-0.3966,22.9205
1.1586,39.9196,-0.3971,22.9517
1.1606,39.979,-0.3977,22.9829
1.1627,40.0383,-0.3982,23.0141
1.1647,40.0976,-0.3988,23.0453
1.1668,40.1569,-0.3994,23.0764
1.1688,40.2161,-0.3999,23.1074
1.1709,40.2753,-0.4005,23.1385
1.1729,40.3345,-0.401,23.1695
1.175,40.3937,-0.4016,23.2005
1.177,40.4528,-0.4021,23.2314
1.1791,40.5119,-0.4027,23.2623
1.1811,40.5709,-0.4033,23.2932
1.1832,40.6299,-0.4038,23.3241
1.1852,40.6889,-0.4044,23.3549
1.1873,40.7479,-0.4049,23.3857
1.1893,40.8068,-0.4055,23.4165
1.1914,40.8657,-0.406,23.4472
1.1934,40.9245,-0.4066,23.4779
1.1955,40.9834,-0.4071,23.5085
1.1975,41.0422,-0.4077,23.5392
1.1996,41.1009,-0.4082,23.5698
1.2016,41.1597,-0.4088,23.6003
1.2037,41.2184,-0.4093,23.6309
1.2057,41.277,-0.4099,23.6614
1.2078,41.3357,-0.4104,23.6919
1.2098,41.3943,-0.411,23.7223
1.2119,41.4529,-0.4115,23.7527
1.2139,41.5114,-0.4121,23.7831
1.216,41.57,-0.4126,23.8134
1.218,41.6285,-0.4132,23.8438
1.2201,41.6869,-0.4137,23.874
1.2221,41.7453,-0.4143,23.9043
1.2242,41.8037,-0.4148,23.9345
1.2262,41.8621,-0.4154,23.9647
1.2283,41.9204,-0.4159,23.9949
1.2303,41.9788,-0.4165,24.025
1.2324,42.037,-0.417,24.0551
1.2344,42.0953,-0.4176,24.0852
1.2365,42.1535,-0.4181,24.1152
1.2385,42.2117,-0.4186,24.1452
1.2406,42.2698,-0.4192,24.1752
1.2426,42.328,-0.4197,24.2051
1.2447,42.3861,-0.4203,24.235
1.2467,42.4441,-0.4208,24.2649
1.2488,42.5022,-0.4214,24.2947
1.2508,42.5602,-0.4219,24.3245
1.2529,42.6181,-0.4225,24.3543
1.2549,42.6761,-0.423,24.3841
1.257,42.734,-0.4235,24.4138
1.259,42.7919,-0.4241,24.4435
1.2611,42.8497,-0.4246,24.4731
1.2631,42.9076,-0.4252,24.5027
1.2652,42.9654,-0.4257,24.5323
1.2672,43.0231,-0.4262,24.5619
1.2693,43.0809,-0.4268,24.5914
1.2713,43.1386,-0.4273,24.6209
1.2734,43.1963,-0.4279,24.6504
1.2754,43.2539,-0.4284,24.6798
1.2775,43.3115,-0.4289,24.7092
1.2795,43.3691,-0.4295,24.7386
1.2816,43.4267,-0.43,24.7679
1.2836,43.4842,-0.4305,24.7973
1.2857,43.5417,-0.4311,24.8265
1.2877,43.5992,-0.4316,24.8558
1.2898,43.6566,-0.4321,24.885
1.2918,43.714,-0.4327,24.9142
1.2939,43.7714,-0.4332,24.9433
1.2959,43.8287,-0.4338,24.9724
1.298,43.8861,-0.4343,25.0015
1.3,43.9434,-0.4348,25.0306
1.3021,44.0006,-0.4354,25.0596
1.3041,44.0579,-0.4359,25.0886
1.3062,44.1151,-0.4364,25.1176
1.3082,44.1722,-0.437,25.1465
1.3103,44.2294,-0.4375,25.1754
1.3123,44.2865,-0.438,25.2043
1.3144,44.3436,-0.4385,25.2331
1.3164,44.4007,-0.4391,25.2619
1.3185,44.4577,-0.4396,25.2907
1.3205,44.5147,-0.4401,25.3195
1.3226,44.5717,-0.4407,25.3482
1.3246,44.6286,-0.4412,25.3768
1.3267,44.6855,-0.4417,25.4055
1.3287,44.7424,-0.4423,25.4341
1.3308,44.7993,-0.4428,25.4627
1.3328,44.8561,-0.4433,25.4913
1.3349,44.9129,-0.4438,25.5198
1.3369,44.9697,-0.4444,25.5483
1.339,45.0264,-0.4449,25.5767
1.341,45.0831,-0.4454,25.6052
1.3431,45.1398,-0.4459,25.6336
1.3451,45.1965,-0.4465,25.6619
1.3472,45.2531,-0.447,25.6903
1.3492,45.3097,-0.4475,25.7186
1.3513,45.3663,-0.4481,25.7469
1.3533,45.4228,-0.4486,25.7751
1.3554,45.4794,-0.4491,25.8033
1.3574,45.5358,-0.4496,25.8315
1.3595,45.5923,-0.4501,25.8597
1.3615,45.6487,-0.4507,25.8878
1.3636,45.7051,-0.4512,25.9159
1.3656,45.7615,-0.4517,25.9439
1.3677,45.8179,-0.4522,25.972
1.3697,45.8742,-0.4528,25.9999
1.3718,45.9305,-0.4533,26.0279
1.3738,45.9867,-0.4538,26.0558
1.3759,46.043,-0.4543,26.0837
1.3779,46.0992,-0.4548,26.1116
1.38,46.1553,-0.4554,26.1395
1.382,46.2115,-0.4559,26.1673
1.3841,46.2676,-0.4564,26.195
1.3861,46.3237,-0.4569,26.2228
1.3882,46.3798,-0.4574,26.2505
1.3902,46.4358,-0.458,26.2782
1.3923,46.4918,-0.4585,26.3058
1.3943,46.5478,-0.459,26.3335
1.3964,46.6038,-0.4595,26.361
1.3984,46.6597,-0.46,26.3886
1.4005,46.7156,-0.4605,26.4161
1.4025,46.7715,-0.4611,26.4436
1.4046,46.8273,-0.4616,26.4711
1.4066,46.8831,-0.4621,26.4985
1.4087,46.9389,-0.4626,26.5259
1.4107,46.9947,-0.4631,26.5533
1.4128,47.0504,-0.4636,26.5806
1.4148,47.1061,-0.4642,26.608
1.4169,47.1618,-0.4647,26.6352
1.4189,47.2175,-0.4652,26.6625
1.421,47.2731,-0.4657,26.6897
1.423,47.3287,-0.4662,26.7169
1.4251,47.3842,-0.4667,26.744
1.4271,47.4398,-0.4672,26.7712
1.4292,47.4953,-0.4678,26.7983
1.4312,47.5508,-0.4683,26.8253
1.4333,47.6063,-0.4688,26.8523
1.4353,47.6617,-0.4693,26.8793
1.4374,47.7171,-0.4698,26.9063
1.4394,47.7725,-0.4703,26.9333
1.4415,47.8278,-0.4708,26.9602
1.4435,47.8832,-0.4713,26.987
1.4456,47.9385,-0.4718,27.0139
1.4476,47.9937,-0.4723,27.0407
1.4497,48.049,-0.4729,27.0675
1.4517,48.1042,-0.4734,27.0942
1.4538,48.1594,-0.4739,27.121
1.4558,48.2145,-0.4744,27.1476
1.4579,48.2697,-0.4749,27.1743
1.4599,48.3248,-0.4754,27.2009
1.462,48.3799,-0.4759,27.2275
1.464,48.4349,-0.4764,27.2541
1.4661,48.49,-0.4769,27.2806
1.4681,48.545,-0.4774,27.3071
1.4702,48.5999,-0.4779,27.3336
1.4722,48.6549,-0.4784,27.36
1.4743,48.7098,-0.4789,27.3865
1.4763,48.7647,-0.4794,27.4128
1.4784,48.8196,-0.4799,27.4392
1.4804,48.8744,-0.4805,27.4655
1.4825,48.9293,-0.481,27.4918
1.4845,48.984,-0.4815,27.518
1.4866,49.0388,-0.482,27.5443
1.4886,49.0936,-0.4825,27.5705
1.4907,49.1483,-0.483,27.5966
1.4927,49.203,-0.4835,27.6228
1.4948,49.2576,-0.484,27.6489
1.4968,49.3122,-0.4845,27.6749
1.4989,49.3669,-0.485,27.701
1.5009,49.4214,-0.4855,27.727
1.503,49.476,-0.486,27.753
1.505,49.5305,-0.4865,27.7789
1.5071,49.585,-0.487,27.8048
1.5091,49.6395,-0.4875,27.8307
1.5112,49.694,-0.488,27.8566
1.5132,49.7484,-0.4885,27.8824
1.5153,49.8028,-0.489,27.9082
1.5173,49.8572,-0.4895,27.934
1.5194,49.9115,-0.49,27.9597
1.5214,49.9658,-0.4905,27.9854
1.5235,50.0201,-0.491,28.0111
1.5255,50.0744,-0.4915,28.0367
1.5276,50.1286,-0.492,28.0623
1.5296,50.1829,-0.4925,28.0879
1.5317,50.237,-0.493,28.1134
1.5337,50.2912,-0.4934,28.1389
1.5358,50.3454,-0.4939,28.1644
1.5378,50.3995,-0.4944,28.1899
1.5399,50.4536,-0.4949,28.2153
1.5419,50.5076,-0.4954,28.2407
1.544,50.5617,-0.4959,28.2661
1.546,50.6157,-0.4964,28.2914
1.5481,50.6697,-0.4969,28.3167
1.5501,50.7236,-0.4974,28.342
1.5522,50.7776,-0.4979,28.3672
1.5542,50.8315,-0.4984,28.3924
1.5563,50.8854,-0.4989,28.4176
1.5583,50.9392,-0.4994,28.4427
1.5604,50.9931,-0.4999,28.4679
1.5624,51.0469,-0.5004,28.4929
1.5645,51.1007,-0.5009,28.518
1.5665,51.1544,-0.5013,28.543
1.5686,51.2082,-0.5018,28.568
1.5706,51.2619,-0.5023,28.593
1.5727,51.3155,-0.5028,28.6179
1.5747,51.3692,-0.5033,28.6428
1.5768,51.4228,-0.5038,28.6677
1.5788,51.4764,-0.5043,28.6925
1.5809,51.53,-0.5048,28.7173
1.5829,51.5836,-0.5053,28.7421
1.585,51.6371,-0.5058,28.7668
1.587,51.6906,-0.5062,28.7916
1.5891,51.7441,-0.5067,28.8162
1.5911,51.7976,-0.5072,28.8409
1.5932,51.851,-0.5077,28.8655
1.5952,51.9044,-0.5082,28.8901
1.5973,51.9578,-0.5087,28.9147
1.5993,52.0112,-0.5092,28.9392
1.6014,52.0645,-0.5096,28.9637
1.6034,52.1178,-0.5101,28.9882
1.6055,52.1711,-0.5106,29.0126
1.6075,52.2244,-0.5111,29.037
1.6096,52.2776,-0.5116,29.0614
1.6116,52.3308,-0.5121,29.0858
1.6137,52.384,-0.5126,29.1101
1.6157,52.4372,-0.513,29.1344
1.6178,52.4903,-0.5135,29.1586
1.6198,52.5434,-0.514,29.1829
1.6219,52.5965,-0.5145,29.2071
1.6239,52.6496,-0.515,29.2312
1.626,52.7026,-0.5155,29.2554
1.628,52.7556,-0.5159,29.2795
1.6301,52.8086,-0.5164,29.3035
1.6321,52.8616,-0.5169,29.3276
1.6342,52.9145,-0.5174,29.3516
1.6362,52.9675,-0.5179,29.3756
1.6383,53.0204,-0.5184,29.3995
1.6403,53.0732,-0.5188,29.4234
1.6424,53.1261,-0.5193,29.4473
1.6444,53.1789,-0.5198,29.4712
1.6465,53.2317,-0.5203,29.495
1.6485,53.2845,-0.5208,29.5188
1.6506,53.3372,-0.5212,29.5426
1.6526,53.3899,-0.5217,29.5663
1.6547,53.4426,-0.5222,29.59
1.6567,53.4953,-0.5227,29.6137
1.6588,53.548,-0.5231,29.6374
1.6608,53.6006,-0.5236,29.661
1.6629,53.6532,-0.5241,29.6846
1.6649,53.7058,-0.5246,29.7081
1.667,53.7584,-0.5251,29.7316
1.669,53.8109,-0.5255,29.7551
1.6711,53.8634,-0.526,29.7786
1.6731,53.9159,-0.5265,29.802
1.6752,53.9684,-0.527,29.8254
1.6772,54.0208,-0.5274,29.8488
1.6793,54.0732,-0.5279,29.8721
1.6813,54.1256,-0.5284,29.8954
1.6834,54.178,-0.5289,29.9187
1.6854,54.2303,-0.5293,29.942
1.6875,54.2826,-0.5298,29.9652
1.6895,54.3349,-0.5303,29.9884
1.6916,54.3872,-0.5308,30.0115
1.6936,54.4395,-0.5312,30.0347
1.6957,54.4917,-0.5317,30.0578
1.6977,54.5439,-0.5322,30.0808
1.6998,54.5961,-0.5327,30.1039
1.7018,54.6482,-0.5331,30.1269
1.7039,54.7004,-0.5336,30.1498
1.7059,54.7525,-0.5341,30.1728
1.708,54.8046,-0.5345,30.1957
1.71,54.8566,-0.535,30.2186
1.7121,54.9087,-0.5355,30.2414
1.7141,54.9607,-0.536,30.2643
1.7162,55.0127,-0.5364,30.287
1.7182,55.0647,-0.5369,30.3098
1.7203,55.1166,-0.5374,30.3325
1.7223,55.1685,-0.5378,30.3552
1.7244,55.2204,-0.5383,30.3779
1.7264,55.2723,-0.5388,30.4005
1.7285,55.3242,-0.5392,30.4232
1.7305,55.376,-0.5397,30.4457
1.7326,55.4278,-0.5402,30.4683
1.7346,55.4796,-0.5406,30.4908
1.7367,55.5314,-0.5411,30.5133
1.7387,55.5831,-0.5416,30.5358
1.7408,55.6348,-0.5421,30.5582
1.7428,55.6865,-0.5425,30.5806
1.7449,55.7382,-0.543,30.6029
1.7469,55.7899,-0.5435,30.6253
1.749,55.8415,-0.5439,30.6476
1.751,55.8931,-0.5444,30.6699
1.7531,55.9447,-0.5449,30.6921
1.7551,55.9962,-0.5453,30.7143
1.7572,56.0478,-0.5458,30.7365
1.7592,56.0993,-0.5462,30.7587
1.7613,56.1508,-0.5467,30.7808
1.7633,56.2022,-0.5472,30.8029
1.7654,56.2537,-0.5476,30.8249
1.7674,56.3051,-0.5481,30.847
1.7695,56.3565,-0.5486,30.869
1.7715,56.4079,-0.549,30.8909
1.7736,56.4592,-0.5495,30.9129
1.7756,56.5106,-0.55,30.9348
1.7777,56.5619,-0.5504,30.9567
1.7797,56.6132,-0.5509,30.9785
1.7818,56.6645,-0.5513,31.0004
1.7838,56.7157,-0.5518,31.0221
1.7859,56.7669,-0.5523,31.0439
1.7879,56.8181,-0.5527,31.0656
1.79,56.8693,-0.5532,31.0873
1.792,56.9205,-0.5537,31.109
1.7941,56.9716,-0.5541,31.1306
1.7961,57.0227,-0.5546,31.1522
1.7982,57.0738,-0.555,31.1738
1.8002,57.1249,-0.5555,31.1954
1.8023,57.1759,-0.556,31.2169
1.8043,57.2269,-0.5564,31.2384
1.8064,57.2779,-0.5569,31.2598
1.8084,57.3289,-0.5573,31.2813
1.8105,57.3799,-0.5578,31.3027
1.8125,57.4308,-0.5582,31.324
1.8146,57.4817,-0.5587,31.3454
1.8166,57.5326,-0.5592,31.3667
1.8187,57.5835,-0.5596,31.3879
1.8207,57.6343,-0.5601,31.4092
1.8228,57.6851,-0.5605,31.4304
1.8248,57.7359,-0.561,31.4516
1.8269,57.7867,-0.5615,31.4727
1.8289,57.8375,-0.5619,31.4939
1.831,57.8882,-0.5624,31.515
1.833,57.9389,-0.5628,31.536
1.8351,57.9896,-0.5633,31.5571
1.8371,58.0403,-0.5637,31.5781
1.8392,58.091,-0.5642,31.599
1.8412,58.1416,-0.5646,31.62
1.8433,58.1922,-0.5651,31.6409
1.8453,58.2428,-0.5655,31.6618
1.8474,58.2934,-0.566,31.6826
1.8494,58.3439,-0.5665,31.7035
1.8515,58.3944,-0.5669,31.7243
1.8535,58.4449,-0.5674,31.745
1.8556,58.4954,-0.5678,31.7657
1.8576,58.5459,-0.5683,31.7864
1.8597,58.5963,-0.5687,31.8071
1.8617,58.6467,-0.5692,31.8278
1.8638,58.6971,-0.5696,31.8484
1.8658,58.7475,-0.5701,31.869
1.8679,58.7978,-0.5705,31.8895
1.8699,58.8482,-0.571,31.91
1.872,58.8985,-0.5714,31.9305
1.874,58.9488,-0.5719,31.951
1.8761,58.999,-0.5723,31.9714
1.8781,59.0493,-0.5728,31.9918
1.8802,59.0995,-0.5732,32.0122
1.8822,59.1497,-0.5737,32.0325
1.8843,59.1999,-0.5741,32.0528
1.8863,59.25,-0.5746,32.0731
1.8884,59.3002,-0.575,32.0934
1.8904,59.3503,-0.5755,32.1136
1.8925,59.4004,-0.5759,32.1338
1.8945,59.4505,-0.5764,32.1539
1.8966,59.5005,-0.5768,32.1741
1.8986,59.5506,-0.5773,32.1942
1.9007,59.6006,-0.5777,32.2142
1.9027,59.6506,-0.5782,32.2343
1.9048,59.7005,-0.5786,32.2543
1.9068,59.7505,-0.5791,32.2743
1.9089,59.8004,-0.5795,32.2942
1.9109,59.8503,-0.58,32.3141
1.913,59.9002,-0.5804,32.334
1.915,59.9501,-0.5809,32.3539
1.9171,59.9999,-0.5813,32.3737
1.9191,60.0498,-0.5818,32.3935
1.9212,60.0996,-0.5822,32.4133
1.9232,60.1494,-0.5826,32.433
1.9253,60.1991,-0.5831,32.4527
1.9273,60.2489,-0.5835,32.4724
1.9294,60.2986,-0.584,32.4921
1.9314,60.3483,-0.5844,32.5117
1.9335,60.398,-0.5849,32.5313
1.9355,60.4477,-0.5853,32.5508
1.9376,60.4973,-0.5858,32.5703
1.9396,60.5469,-0.5862,32.5898
1.9417,60.5965,-0.5866,32.6093
1.9437,60.6461,-0.5871,32.6288
1.9458,60.6957,-0.5875,32.6482
1.9478,60.7452,-0.588,32.6675
1.9499,60.7947,-0.5884,32.6869
1.9519,60.8442,-0.5889,32.7062
1.954,60.8937,-0.5893,32.7255
1.956,60.9432,-0.5897,32.7448
1.9581,60.9926,-0.5902,32.764
1.9601,61.042,-0.5906,32.7832
1.9622,61.0914,-0.5911,32.8024
1.9642,61.1408,-0.5915,32.8215
1.9663,61.1902,-0.5919,32.8406
1.9683,61.2395,-0.5924,32.8597
1.9704,61.2888,-0.5928,32.8787
1.9724,61.3381,-0.5933,32.8977
1.9745,61.3874,-0.5937,32.9167
1.9765,61.4367,-0.5942,32.9357
1.9786,61.4859,-0.5946,32.9546
1.9806,61.5351,-0.595,32.9735
1.9827,61.5843,-0.5955,32.9924
1.9847,61.6335,-0.5959,33.0112
1.9868,61.6827,-0.5963,33.03
1.9888,61.7318,-0.5968,33.0488
1.9909,61.7809,-0.5972,33.0676
1.9929,61.83,-0.5977,33.0863
1.995,61.8791,-0.5981,33.105
1.997,61.9282,-0.5985,33.1236
1.9991,61.9772,-0.599,33.1423
2.0011,62.0262,-0.5994,33.1609
2.0032,62.0752,-0.5998,33.1794
2.0052,62.1242,-0.6003,33.198
2.0073,62.1732,-0.6007,33.2165
2.0093,62.2221,-0.6012,33.235
2.0114,62.271,-0.6016,33.2534
2.0134,62.3199,-0.602,33.2718
2.0155,62.3688,-0.6025,33.2902
2.0175,62.4177,-0.6029,33.3086
2.0196,62.4665,-0.6033,33.3269
2.0216,62.5153,-0.6038,33.3452
2.0237,62.5642,-0.6042,33.3635
2.0257,62.6129,-0.6046,33.3817
2.0278,62.6617,-0.6051,33.3999
2.0298,62.7105,-0.6055,33.4181
2.0319,62.7592,-0.6059,33.4363
2.0339,62.8079,-0.6064,33.4544
2.036,62.8566,-0.6068,33.4725
2.038,62.9052,-0.6072,33.4906
2.0401,62.9539,-0.6077,33.5086
2.0421,63.0025,-0.6081,33.5266
2.0442,63.0511,-0.6085,33.5446
2.0462,63.0997,-0.609,33.5625
2.0483,63.1483,-0.6094,33.5804
2.0503,63.1969,-0.6098,33.5983
2.0524,63.2454,-0.6103,33.6162
2.0544,63.2939,-0.6107,33.634
2.0565,63.3424,-0.6111,33.6518
2.0585,63.3909,-0.6116,33.6695
2.0606,63.4393,-0.612,33.6873
2.0626,63.4878,-0.6124,33.705
2.0647,63.5362,-0.6129,33.7226
2.0667,63.5846,-0.6133,33.7403
2.0688,63.633,-0.6137,33.7579
2.0708,63.6814,-0.6141,33.7755
2.0729,63.7297,-0.6146,33.793
2.0749,63.778,-0.615,33.8106
2.077,63.8263,-0.6154,33.8281
2.079,63.8746,-0.6159,33.8455
2.0811,63.9229,-0.6163,33.863
2.0831,63.9712,-0.6167,33.8804
2.0852,64.0194,-0.6172,33.8977
2.0872,64.0676,-0.6176,33.9151
2.0893,64.1158,-0.618,33.9324
2.0913,64.164,-0.6184,33.9497
2.0934,64.2121,-0.6189,33.967
2.0954,64.2603,-0.6193,33.9842
2.0975,64.3084,-0.6197,34.0014
2.0995,64.3565,-0.6201,34.0185
2.1016,64.4046,-0.6206,34.0357
2.1036,64.4526,-0.621,34.0528
2.1057,64.5007,-0.6214,34.0699
2.1077,64.5487,-0.6219,34.0869
2.1098,64.5967,-0.6223,34.1039
2.1118,64.6447,-0.6227,34.1209
2.1139,64.6927,-0.6231,34.1379
2.1159,64.7406,-0.6236,34.1548
2.118,64.7886,-0.624,34.1717
2.12,64.8365,-0.6244,34.1886
2.1221,64.8844,-0.6248,34.2054
2.1241,64.9323,-0.6253,34.2222
2.1262,64.9801,-0.6257,34.239
2.1282,65.028,-0.6261,34.2558
2.1303,65.0758,-0.6265,34.2725
2.1323,65.1236,-0.627,34.2892
2.1344,65.1714,-0.6274,34.3058
2.1364,65.2192,-0.6278,34.3225
2.1385,65.2669,-0.6282,34.3391
2.1405,65.3146,-0.6287,34.3557
2.1426,65.3624,-0.6291,34.3722
2.1446,65.4101,-0.6295,34.3887
2.1467,65.4577,-0.6299,34.4052
2.1487,65.5054,-0.6303,34.4216
2.1508,65.553,-0.6308,34.4381
2.1528,65.6007,-0.6312,34.4545
2.1549,65.6483,-0.6316,34.4708
2.1569,65.6959,-0.632,34.4872
2.159,65.7434,-0.6325,34.5035
2.161,65.791,-0.6329,34.5198
2.1631,65.8385,-0.6333,34.536
2.1651,65.886,-0.6337,34.5522
2.1672,65.9335,-0.6341,34.5684
2.1692,65.981,-0.6346,34.5846
2.1713,66.0285,-0.635,34.6007
2.1733,66.0759,-0.6354,34.6168
2.1754,66.1234,-0.6358,34.6329
2.1774,66.1708,-0.6362,34.6489
2.1795,66.2182,-0.6367,34.6649
2.1815,66.2655,-0.6371,34.6809
2.1836,66.3129,-0.6375,34.6968
2.1856,66.3602,-0.6379,34.7128
2.1877,66.4076,-0.6383,34.7286
2.1897,66.4549,-0.6388,34.7445
2.1918,66.5021,-0.6392,34.7603
2.1938,66.5494,-0.6396,34.7761
2.1959,66.5967,-0.64,34.7919
2.1979,66.6439,-0.6404,34.8077
2.2,66.6911,-0.6409,34.8234
2.202,66.7383,-0.6413,34.8391
2.2041,66.7855,-0.6417,34.8547
2.2061,66.8327,-0.6421,34.8703
2.2082,66.8798,-0.6425,34.8859
2.2102,66.9269,-0.6429,34.9015
2.2123,66.974,-0.6434,34.917
2.2143,67.0211,-0.6438,34.9325
2.2164,67.0682,-0.6442,34.948
2.2184,67.1153,-0.6446,34.9635
2.2205,67.1623,-0.645,34.9789
2.2225,67.2093,-0.6454,34.9943
2.2246,67.2564,-0.6459,35.0096
2.2266,67.3033,-0.6463,35.0249
2.2287,67.3503,-0.6467,35.0402
2.2307,67.3973,-0.6471,35.0555
2.2328,67.4442,-0.6475,35.0708
2.2348,67.4911,-0.6479,35.086
2.2369,67.538,-0.6483,35.1011
2.2389,67.5849,-0.6488,35.1163
2.241,67.6318,-0.6492,35.1314
2.243,67.6786,-0.6496,35.1465
2.2451,67.7255,-0.65,35.1616
2.2471,67.7723,-0.6504,35.1766
2.2492,67.8191,-0.6508,35.1916
2.2512,67.8659,-0.6512,35.2066
2.2533,67.9126,-0.6517,35.2215
2.2553,67.9594,-0.6521,35.2364
2.2574,68.0061,-0.6525,35.2513
2.2594,68.0528,-0.6529,35.2662
2.2615,68.0995,-0.6533,35.281
2.2635,68.1462,-0.6537,35.2958
2.2656,68.1929,-0.6541,35.3106
2.2676,68.2395,-0.6546,35.3253
2.2697,68.2862,-0.655,35.34
2.2717,68.3328,-0.6554,35.3547
2.2738,68.3794,-0.6558,35.3693
2.2758,68.426,-0.6562,35.384
2.2779,68.4725,-0.6566,35.3986
2.2799,68.5191,-0.657,35.4131
2.282,68.5656,-0.6574,35.4276
2.284,68.6121,-0.6578,35.4421
2.2861,68.6586,-0.6583,35.4566
2.2881,68.7051,-0.6587,35.4711
2.2902,68.7516,-0.6591,35.4855
2.2922,68.798,-0.6595,35.4999
2.2943,68.8444,-0.6599,35.5142
2.2963,68.8909,-0.6603,35.5285
2.2984,68.9373,-0.6607,35.5428
2.3004,68.9836,-0.6611,35.5571
2.3025,69.03,-0.6615,35.5713
2.3045,69.0764,-0.6619,35.5855
2.3066,69.1227,-0.6624,35.5997
2.3086,69.169,-0.6628,35.6139
2.3107,69.2153,-0.6632,35.628
2.3127,69.2616,-0.6636,35.6421
2.3148,69.3079,-0.664,35.6561
2.3168,69.3541,-0.6644,35.6702
2.3189,69.4003,-0.6648,35.6842
2.3209,69.4466,-0.6652,35.6981
2.323,69.4928,-0.6656,35.7121
2.325,69.5389,-0.666,35.726
2.3271,69.5851,-0.6664,35.7399
2.3291,69.6313,-0.6668,35.7537
2.3312,69.6774,-0.6673,35.7676
2.3332,69.7235,-0.6677,35.7813
2.3353,69.7696,-0.6681,35.7951
2.3373,69.8157,-0.6685,35.8088
2.3394,69.8618,-0.6689,35.8226
2.3414,69.9078,-0.6693,35.8362
2.3435,69.9539,-0.6697,35.8499
2.3455,69.9999,-0.6701,35.8635
2.3476,70.0459,-0.6705,35.8771
2.3496,70.0919,-0.6709,35.8906
2.3517,70.1379,-0.6713,35.9042
2.3537,70.1838,-0.6717,35.9177
2.3558,70.2298,-0.6721,35.9311
2.3578,70.2757,-0.6725,35.9446
2.3599,70.3216,-0.6729,35.958
2.3619,70.3675,-0.6733,35.9714
2.364,70.4134,-0.6737,35.9847
2.366,70.4592,-0.6742,35.9981
2.3681,70.5051,-0.6746,36.0114
2.3701,70.5509,-0.675,36.0246
2.3722,70.5967,-0.6754,36.0379
2.3742,70.6425,-0.6758,36.0511
2.3763,70.6883,-0.6762,36.0642
2.3783,70.7341,-0.6766,36.0774
2.3804,70.7798,-0.677,36.0905
2.3824,70.8256,-0.6774,36.1036
2.3845,70.8713,-0.6778,36.1167
2.3865,70.917,-0.6782,36.1297
2.3886,70.9627,-0.6786,36.1427
2.3906,71.0084,-0.679,36.1557
2.3927,71.054,-0.6794,36.1686
2.3947,71.0997,-0.6798,36.1815
2.3968,71.1453,-0.6802,36.1944
2.3988,71.1909,-0.6806,36.2073
2.4009,71.2365,-0.681,36.2201
2.4029,71.2821,-0.6814,36.2329
2.405,71.3276,-0.6818,36.2456
2.407,71.3732,-0.6822,36.2584
2.4091,71.4187,-0.6826,36.2711
2.4111,71.4642,-0.683,36.2838
2.4132,71.5097,-0.6834,36.2964
2.4152,71.5552,-0.6838,36.309
2.4173,71.6007,-0.6842,36.3216
2.4193,71.6462,-0.6846,36.3342
2.4214,71.6916,-0.685,36.3467
2.4234,71.737,-0.6854,36.3592
2.4255,71.7824,-0.6858,36.3717
2.4275,71.8278,-0.6862,36.3841
2.4296,71.8732,-0.6866,36.3965
2.4316,71.9186,-0.687,36.4089
2.4337,71.9639,-0.6874,36.4213
2.4357,72.0093,-0.6878,36.4336
2.4378,72.0546,-0.6882,36.4459
2.4398,72.0999,-0.6886,36.4582
2.4419,72.1452,-0.689,36.4704
2.4439,72.1904,-0.6894,36.4826
2.446,72.2357,-0.6898,36.4948
2.448,72.2809,-0.6902,36.507
2.4501,72.3262,-0.6906,36.5191
2.4521,72.3714,-0.691,36.5312
2.4542,72.4166,-0.6914,36.5432
2.4562,72.4618,-0.6918,36.5553
2.4583,72.5069,-0.6922,36.5673
2.4603,72.5521,-0.6926,36.5793
2.4624,72.5972,-0.693,36.5912
2.4644,72.6423,-0.6934,36.6031
2.4665,72.6875,-0.6938,36.615
2.4685,72.7325,-0.6942,36.6269
2.4706,72.7776,-0.6946,36.6387
2.4726,72.8227,-0.695,36.6505
2.4747,72.8677,-0.6954,36.6623
2.4767,72.9128,-0.6958,36.674
2.4788,72.9578,-0.6962,36.6857
2.4808,73.0028,-0.6966,36.6974
2.4829,73.0478,-0.697,36.7091
2.4849,73.0928,-0.6974,36.7207
2.487,73.1377,-0.6978,36.7323
2.489,73.1827,-0.6982,36.7438
2.4911,73.2276,-0.6986,36.7554
2.4931,73.2725,-0.699,36.7669
2.4952,73.3174,-0.6994,36.7784
2.4972,73.3623,-0.6997,36.7898
2.4993,73.4072,-0.7001,36.8012
2.5013,73.452,-0.7005,36.8126
2.5034,73.4969,-0.7009,36.824
2.5054,73.5417,-0.7013,36.8353
2.5075,73.5865,-0.7017,36.8466
2.5095,73.6313,-0.7021,36.8579
2.5116,73.6761,-0.7025,36.8691
2.5136,73.7208,-0.7029,36.8804
2.5157,73.7656,-0.7033,36.8915
2.5177,73.8103,-0.7037,36.9027
2.5198,73.8551,-0.7041,36.9138
2.5218,73.8998,-0.7045,36.9249
2.5239,73.9445,-0.7049,36.936
2.5259,73.9892,-0.7053,36.947
2.528,74.0338,-0.7057,36.958
2.53,74.0785,-0.7061,36.969
2.5321,74.1231,-0.7064,36.98
2.5341,74.1677,-0.7068,36.9909
2.5362,74.2123,-0.7072,37.0018
2.5382,74.2569,-0.7076,37.0127
2.5403,74.3015,-0.708,37.0235
2.5423,74.3461,-0.7084,37.0343
2.5444,74.3906,-0.7088,37.0451
2.5464,74.4352,-0.7092,37.0558
2.5485,74.4797,-0.7096,37.0666
2.5505,74.5242,-0.71,37.0772
2.5526,74.5687,-0.7104,37.0879
2.5546,74.6132,-0.7108,37.0985
2.5567,74.6577,-0.7112,37.1091
2.5587,74.7021,-0.7116,37.1197
2.5608,74.7466,-0.7119,37.1303
2.5628,74.791,-0.7123,37.1408
2.5649,74.8354,-0.7127,37.1513
2.5669,74.8798,-0.7131,37.1617
2.569,74.9242,-0.7135,37.1721
2.571,74.9685,-0.7139,37.1825
2.5731,75.0129,-0.7143,37.1929
2.5751,75.0572,-0.7147,37.2033
2.5772,75.1016,-0.7151,37.2136
2.5792,75.1459,-0.7155,37.2239
2.5813,75.1902,-0.7159,37.2341
2.5833,75.2345,-0.7162,37.2443
2.5854,75.2787,-0.7166,37.2545
2.5874,75.323,-0.717,37.2647
2.5895,75.3672,-0.7174,37.2748
2.5915,75.4115,-0.7178,37.2849
2.5936,75.4557,-0.7182,37.295
2.5956,75.4999,-0.7186,37.3051
2.5977,75.5441,-0.719,37.3151
2.5997,75.5882,-0.7194,37.3251
2.6018,75.6324,-0.7197,37.335
2.6038,75.6766,-0.7201,37.345
2.6059,75.7207,-0.7205,37.3549
2.6079,75.7648,-0.7209,37.3648
2.61,75.8089,-0.7213,37.3746
2.612,75.853,-0.7217,37.3844
2.6141,75.8971,-0.7221,37.3942
2.6161,75.9411,-0.7225,37.404
2.6182,75.9852,-0.7229,37.4137
2.6202,76.0292,-0.7232,37.4234
2.6223,76.0733,-0.7236,37.4331
2.6243,76.1173,-0.724,37.4427
2.6264,76.1613,-0.7244,37.4523
2.6284,76.2052,-0.7248,37.4619
2.6305,76.2492,-0.7252,37.4715
2.6325,76.2932,-0.7256,37.481
2.6346,76.3371,-0.726,37.4905
2.6366,76.381,-0.7263,37.5
2.6387,76.425,-0.7267,37.5094
2.6407,76.4689,-0.7271,37.5188
2.6428,76.5128,-0.7275,37.5282
2.6448,76.5566,-0.7279,37.5375
2.6469,76.6005,-0.7283,37.5469
2.6489,76.6443,-0.7287,37.5562
2.651,76.6882,-0.7291,37.5654
2.653,76.732,-0.7294,37.5747
2.6551,76.7758,-0.7298,37.5839
2.6571,76.8196,-0.7302,37.593
2.6592,76.8634,-0.7306,37.6022
2.6612,76.9072,-0.731,37.6113
2.6633,76.9509,-0.7314,37.6204
2.6653,76.9947,-0.7318,37.6295
2.6674,77.0384,-0.7321,37.6385
2.6694,77.0821,-0.7325,37.6475
2.6715,77.1258,-0.7329,37.6565
2.6735,77.1695,-0.7333,37.6654
2.6756,77.2132,-0.7337,37.6743
2.6776,77.2568,-0.7341,37.6832
2.6797,77.3005,-0.7345,37.6921
2.6817,77.3441,-0.7348,37.7009
2.6838,77.3878,-0.7352,37.7097
2.6858,77.4314,-0.7356,37.7185
2.6879,77.475,-0.736,37.7272
2.6899,77.5185,-0.7364,37.736
2.692,77.5621,-0.7368,37.7446
2.694,77.6057,-0.7371,37.7533
2.6961,77.6492,-0.7375,37.7619
2.6981,77.6928,-0.7379,37.7705
2.7002,77.7363,-0.7383,37.7791
2.7022,77.7798,-0.7387,37.7876
2.7043,77.8233,-0.7391,37.7961
2.7063,77.8668,-0.7394,37.8046
2.7084,77.9102,-0.7398,37.8131
2.7104,77.9537,-0.7402,37.8215
2.7125,77.9971,-0.7406,37.8299
2.7145,78.0406,-0.741,37.8383
2.7166,78.084,-0.7414,37.8466
2.7186,78.1274,-0.7417,37.8549
2.7207,78.1708,-0.7421,37.8632
2.7227,78.2142,-0.7425,37.8714
2.7248,78.2575,-0.7429,37.8797
2.7268,78.3009,-0.7433,37.8879
2.7289,78.3442,-0.7437,37.896
2.7309,78.3876,-0.744,37.9042
2.733,78.4309,-0.7444,37.9123
2.735,78.4742,-0.7448,37.9203
2.7371,78.5175,-0.7452,37.9284
2.7391,78.5607,-0.7456,37.9364
2.7412,78.604,-0.746,37.9444
2.7432,78.6473,-0.7463,37.9524
2.7453,78.6905,-0.7467,37.9603
2.7473,78.7337,-0.7471,37.9682
2.7494,78.7769,-0.7475,37.9761
2.7514,78.8201,-0.7479,37.9839
2.7535,78.8633,-0.7482,37.9917
2.7555,78.9065,-0.7486,37.9995
2.7576,78.9497,-0.749,38.0073
2.7596,78.9928,-0.7494,38.015
2.7617,79.036,-0.7498,38.0227
2.7637,79.0791,-0.7502,38.0304
2.7658,79.1222,-0.7505,38.038
2.7678,79.1653,-0.7509,38.0456
2.7699,79.2084,-0.7513,38.0532
2.7719,79.2515,-0.7517,38.0608
2.774,79.2946,-0.7521,38.0683
2.776,79.3376,-0.7524,38.0758
2.7781,79.3807,-0.7528,38.0833
2.7801,79.4237,-0.7532,38.0907
2.7822,79.4667,-0.7536,38.0981
2.7842,79.5097,-0.754,38.1055
2.7863,79.5527,-0.7543,38.1129
2.7883,79.5957,-0.7547,38.1202
2.7904,79.6386,-0.7551,38.1275
2.7924,79.6816,-0.7555,38.1348
2.7945,79.7245,-0.7559,38.142
2.7965,79.7675,-0.7562,38.1492
2.7986,79.8104,-0.7566,38.1564
2.8006,79.8533,-0.757,38.1635
2.8027,79.8962,-0.7574,38.1707
2.8047,79.9391,-0.7577,38.1778
2.8068,79.982,-0.7581,38.1848
2.8088,80.0248,-0.7585,38.1919
2.8109,80.0677,-0.7589,38.1989
2.8129,80.1105,-0.7593,38.2059
2.815,80.1533,-0.7596,38.2128
2.817,80.1961,-0.76,38.2197
2.8191,80.2389,-0.7604,38.2266
2.8211,80.2817,-0.7608,38.2335
2.8232,80.3245,-0.7612,38.2403
2.8252,80.3673,-0.7615,38.2471
2.8273,80.41,-0.7619,38.2539
2.8293,80.4527,-0.7623,38.2607
2.8314,80.4955,-0.7627,38.2674
2.8334,80.5382,-0.763,38.2741
2.8355,80.5809,-0.7634,38.2807
2.8375,80.6236,-0.7638,38.2874
2.8396,80.6663,-0.7642,38.294
2.8416,80.7089,-0.7646,38.3005
2.8437,80.7516,-0.7649,38.3071
2.8457,80.7942,-0.7653,38.3136
2.8478,80.8369,-0.7657,38.3201
2.8498,80.8795,-0.7661,38.3266
2.8519,80.9221,-0.7664,38.333
2.8539,80.9647,-0.7668,38.3394
2.856,81.0073,-0.7672,38.3458
2.858,81.0498,-0.7676,38.3521
2.8601,81.0924,-0.768,38.3584
2.8621,81.135,-0.7683,38.3647
2.8642,81.1775,-0.7687,38.371
2.8662,81.22,-0.7691,38.3772
2.8683,81.2625,-0.7695,38.3834
2.8703,81.3051,-0.7698,38.3896
2.8724,81.3475,-0.7702,38.3957
2.8744,81.39,-0.7706,38.4018
2.8765,81.4325,-0.771,38.4079
2.8785,81.475,-0.7713,38.414
2.8806,81.5174,-0.7717,38.42
2.8826,81.5598,-0.7721,38.426
2.8847,81.6023,-0.7725,38.432
2.8867,81.6447,-0.7728,38.4379
2.8888,81.6871,-0.7732,38.4438
2.8908,81.7295,-0.7736,38.4497
2.8929,81.7718,-0.774,38.4556
2.8949,81.8142,-0.7743,38.4614
2.897,81.8566,-0.7747,38.4672
2.899,81.8989,-0.7751,38.473
2.9011,81.9412,-0.7755,38.4787
2.9031,81.9836,-0.7758,38.4844
2.9052,82.0259,-0.7762,38.4901
2.9072,82.0682,-0.7766,38.4958
2.9093,82.1105,-0.777,38.5014
2.9113,82.1527,-0.7773,38.507
2.9134,82.195,-0.7777,38.5126
2.9154,82.2373,-0.7781,38.5181
2.9175,82.2795,-0.7785,38.5236
2.9195,82.3217,-0.7788,38.5291
2.9216,82.3639,-0.7792,38.5346
2.9236,82.4062,-0.7796,38.54
2.9257,82.4483,-0.78,38.5454
2.9277,82.4905,-0.7803,38.5507
2.9298,82.5327,-0.7807,38.5561
2.9318,82.5749,-0.7811,38.5614
2.9339,82.617,-0.7815,38.5667
2.9359,82.6592,-0.7818,38.5719
2.938,82.7013,-0.7822,38.5772
2.94,82.7434,-0.7826,38.5823
2.9421,82.7855,-0.783,38.5875
2.9441,82.8276,-0.7833,38.5927
2.9462,82.8697,-0.7837,38.5978
2.9482,82.9118,-0.7841,38.6028
2.9503,82.9539,-0.7845,38.6079
2.9523,82.9959,-0.7848,38.6129
2.9544,83.038,-0.7852,38.6179
2.9564,83.08,-0.7856,38.6229
2.9585,83.122,-0.786,38.6278
2.9605,83.164,-0.7863,38.6327
2.9626,83.206,-0.7867,38.6376
2.9646,83.248,-0.7871,38.6425
2.9667,83.29,-0.7874,38.6473
2.9687,83.3319,-0.7878,38.6521
2.9708,83.3739,-0.7882,38.6568
2.9728,83.4158,-0.7886,38.6616
2.9749,83.4578,-0.7889,38.6663
2.9769,83.4997,-0.7893,38.671
2.979,83.5416,-0.7897,38.6756
2.981,83.5835,-0.7901,38.6802
2.9831,83.6254,-0.7904,38.6848
2.9851,83.6673,-0.7908,38.6894
2.9872,83.7092,-0.7912,38.6939
2.9892,83.751,-0.7915,38.6984
2.9913,83.7929,-0.7919,38.7029
2.9933,83.8347,-0.7923,38.7074
2.9954,83.8765,-0.7927,38.7118
2.9974,83.9183,-0.793,38.7162
2.9995,83.9601,-0.7934,38.7206
3.0015,84.0019,-0.7938,38.7249
3.0036,84.0437,-0.7941,38.7292
3.0056,84.0855,-0.7945,38.7335
3.0077,84.1273,-0.7949,38.7377
3.0097,84.169,-0.7953,38.7419
3.0118,84.2108,-0.7956,38.7461
3.0138,84.2525,-0.796,38.7503
3.0159,84.2942,-0.7964,38.7544
3.0179,84.3359,-0.7967,38.7585
3.02,84.3776,-0.7971,38.7626
3.022,84.4193,-0.7975,38.7667
3.0241,84.461,-0.7979,38.7707
3.0261,84.5027,-0.7982,38.7747
3.0282,84.5443,-0.7986,38.7787
3.0302,84.586,-0.799,38.7826
3.0323,84.6276,-0.7993,38.7865
3.0343,84.6692,-0.7997,38.7904
3.0364,84.7108,-0.8001,38.7942
3.0384,84.7524,-0.8005,38.798
3.0405,84.794,-0.8008,38.8018
3.0425,84.8356,-0.8012,38.8056
3.0446,84.8772,-0.8016,38.8093
3.0466,84.9188,-0.8019,38.813
3.0487,84.9603,-0.8023,38.8167
3.0507,85.0019,-0.8027,38.8204
3.0528,85.0434,-0.8031,38.824
3.0548,85.0849,-0.8034,38.8276
3.0569,85.1264,-0.8038,38.8311
3.0589,85.1679,-0.8042,38.8347
3.061,85.2094,-0.8045,38.8382
3.063,85.2509,-0.8049,38.8417
3.0651,85.2924,-0.8053,38.8451
3.0671,85.3339,-0.8056,38.8485
3.0692,85.3753,-0.806,38.8519
3.0712,85.4167,-0.8064,38.8553
3.0733,85.4582,-0.8068,38.8586
3.0753,85.4996,-0.8071,38.8619
3.0774,85.541,-0.8075,38.8652
3.0794,85.5824,-0.8079,38.8685
3.0815,85.6238,-0.8082,38.8717
3.0835,85.6652,-0.8086,38.8749
3.0856,85.7066,-0.809,38.878
3.0876,85.7479,-0.8093,38.8812
3.0897,85.7893,-0.8097,38.8843
3.0917,85.8306,-0.8101,38.8874
3.0938,85.8719,-0.8105,38.8904
3.0958,85.9133,-0.8108,38.8934
3.0979,85.9546,-0.8112,38.8964
3.0999,85.9959,-0.8116,38.8994
3.102,86.0372,-0.8119,38.9023
3.104,86.0785,-0.8123,38.9052
3.1061,86.1197,-0.8127,38.9081
3.1081,86.161,-0.813,38.911
3.1102,86.2022,-0.8134,38.9138
3.1122,86.2435,-0.8138,38.9166
3.1143,86.2847,-0.8141,38.9193
3.1163,86.3259,-0.8145,38.9221
3.1184,86.3672,-0.8149,38.9248
3.1204,86.4084,-0.8153,38.9275
3.1225,86.4496,-0.8156,38.9301
3.1245,86.4907,-0.816,38.9327
3.1266,86.5319,-0.8164,38.9353
3.1286,86.5731,-0.8167,38.9379
3.1307,86.6142,-0.8171,38.9404
3.1327,86.6554,-0.8175,38.9429
3.1348,86.6965,-0.8178,38.9454
3.1368,86.7376,-0.8182,38.9479
3.1389,86.7788,-0.8186,38.9503
3.1409,86.8199,-0.8189,38.9527
3.143,86.861,-0.8193,38.955
3.145,86.902,-0.8197,38.9574
3.1471,86.9431,-0.82,38.9597
3.1491,86.9842,-0.8204,38.962
3.1512,87.0252,-0.8208,38.9642
3.1532,87.0663,-0.8211,38.9665
3.1553,87.1073,-0.8215,38.9686
3.1573,87.1484,-0.8219,38.9708
3.1594,87.1894,-0.8222,38.973
3.1614,87.2304,-0.8226,38.9751
3.1635,87.2714,-0.823,38.9771
3.1655,87.3124,-0.8234,38.9792
3.1676,87.3534,-0.8237,38.9812
3.1696,87.3943,-0.8241,38.9832
3.1717,87.4353,-0.8245,38.9852
3.1737,87.4763,-0.8248,38.9871
3.1758,87.5172,-0.8252,38.989
3.1778,87.5581,-0.8256,38.9909
3.1799,87.5991,-0.8259,38.9928
3.1819,87.64,-0.8263,38.9946
3.184,87.6809,-0.8267,38.9964
3.186,87.7218,-0.827,38.9982
3.1881,87.7627,-0.8274,38.9999
3.1901,87.8035,-0.8278,39.0016
3.1922,87.8444,-0.8281,39.0033
3.1942,87.8853,-0.8285,39.0049
3.1963,87.9261,-0.8289,39.0066
3.1983,87.967,-0.8292,39.0082
3.2004,88.0078,-0.8296,39.0097
3.2024,88.0486,-0.83,39.0113
3.2045,88.0894,-0.8303,39.0128
3.2065,88.1302,-0.8307,39.0143
3.2086,88.171,-0.8311,39.0157
3.2106,88.2118,-0.8314,39.0172
3.2127,88.2526,-0.8318,39.0186
3.2147,88.2934,-0.8322,39.0199
3.2168,88.3341,-0.8325,39.0213
3.2188,88.3749,-0.8329,39.0226
3.2209,88.4156,-0.8333,39.0239
3.2229,88.4563,-0.8336,39.0251
3.225,88.4971,-0.834,39.0264
3.227,88.5378,-0.8344,39.0276
3.2291,88.5785,-0.8347,39.0287
3.2311,88.6192,-0.8351,39.0299
3.2332,88.6599,-0.8355,39.031
3.2352,88.7005,-0.8358,39.0321
3.2373,88.7412,-0.8362,39.0331
3.2393,88.7819,-0.8366,39.0342
3.2414,88.8225,-0.8369,39.0352
3.2434,88.8632,-0.8373,39.0361
3.2455,88.9038,-0.8377,39.0371
3.2475,88.9444,-0.838,39.038
3.2496,88.985,-0.8384,39.0389
3.2516,89.0256,-0.8388,39.0398
3.2537,89.0662,-0.8391,39.0406
3.2557,89.1068,-0.8395,39.0414
3.2578,89.1474,-0.8399,39.0422
3.2598,89.188,-0.8402,39.0429
3.2619,89.2285,-0.8406,39.0436
3.2639,89.2691,-0.841,39.0443
3.266,89.3096,-0.8413,39.045
3.268,89.3502,-0.8417,39.0456
3.2701,89.3907,-0.8421,39.0462
3.2721,89.4312,-0.8424,39.0468
3.2742,89.4717,-0.8428,39.0473
3.2762,89.5122,-0.8432,39.0479
3.2783,89.5527,-0.8435,39.0484
3.2803,89.5932,-0.8439,39.0488
3.2824,89.6336,-0.8443,39.0493
3.2844,89.6741,-0.8446,39.0497
3.2865,89.7146,-0.845,39.05
3.2885,89.755,-0.8454,39.0504
3.2906,89.7955,-0.8457,39.0507
3.2926,89.8359,-0.8461,39.051
3.2947,89.8763,-0.8465,39.0513
3.2967,89.9167,-0.8468,39.0515
3.2988,89.9571,-0.8472,39.0517
3.3008,89.9975,-0.8476,39.0519
3.3029,90.0379,-0.8479,39.052
3.3049,90.0783,-0.8483,39.0522
3.307,90.1186,-0.8487,39.0523
3.309,90.159,-0.849,39.0523
3.3111,90.1994,-0.8494,39.0524
3.3131,90.2397,-0.8498,39.0524
3.3152,90.28,-0.8501,39.0524
3.3172,90.3204,-0.8505,39.0523
3.3193,90.3607,-0.8508,39.0522
3.3213,90.401,-0.8512,39.0521
3.3234,90.4413,-0.8516,39.052
3.3254,90.4816,-0.8519,39.0519
3.3275,90.5219,-0.8523,39.0517
3.3295,90.5621,-0.8527,39.0515
3.3316,90.6024,-0.853,39.0512
3.3336,90.6427,-0.8534,39.0509
3.3357,90.6829,-0.8538,39.0506
3.3377,90.7232,-0.8541,39.0503
3.3398,90.7634,-0.8545,39.0499
3.3418,90.8036,-0.8549,39.0496
3.3439,90.8438,-0.8552,39.0492
3.3459,90.884,-0.8556,39.0487
3.348,90.9242,-0.856,39.0482
3.35,90.9644,-0.8563,39.0477
3.3521,91.0046,-0.8567,39.0472
3.3541,91.0448,-0.8571,39.0467
3.3562,91.085,-0.8574,39.0461
3.3582,91.1251,-0.8578,39.0455
3.3603,91.1653,-0.8582,39.0448
3.3623,91.2054,-0.8585,39.0442
3.3644,91.2455,-0.8589,39.0435
3.3664,91.2857,-0.8592,39.0427
3.3685,91.3258,-0.8596,39.042
3.3705,91.3659,-0.86,39.0412
3.3726,91.406,-0.8603,39.0404
3.3746,91.4461,-0.8607,39.0396
3.3767,91.4862,-0.8611,39.0387
3.3787,91.5262,-0.8614,39.0378
3.3808,91.5663,-0.8618,39.0369
3.3828,91.6064,-0.8622,39.0359
3.3849,91.6464,-0.8625,39.035
3.3869,91.6865,-0.8629,39.034
3.389,91.7265,-0.8633,39.0329
3.391,91.7665,-0.8636,39.0319
3.3931,91.8066,-0.864,39.0308
3.3951,91.8466,-0.8644,39.0296
3.3972,91.8866,-0.8647,39.0285
3.3992,91.9266,-0.8651,39.0273
3.4013,91.9666,-0.8655,39.0261
3.4033,92.0065,-0.8658,39.0249
3.4054,92.0465,-0.8662,39.0236
3.4074,92.0865,-0.8665,39.0223
3.4095,92.1264,-0.8669,39.021
3.4115,92.1664,-0.8673,39.0197
3.4136,92.2063,-0.8676,39.0183
3.4156,92.2462,-0.868,39.0169
3.4177,92.2862,-0.8684,39.0155
3.4197,92.3261,-0.8687,39.014
3.4218,92.366,-0.8691,39.0125
3.4238,92.4059,-0.8695,39.011
3.4259,92.4458,-0.8698,39.0095
3.4279,92.4857,-0.8702,39.0079
3.43,92.5255,-0.8706,39.0063
3.432,92.5654,-0.8709,39.0047
3.4341,92.6053,-0.8713,39.003
3.4361,92.6451,-0.8717,39.0014
3.4382,92.685,-0.872,38.9997
3.4402,92.7248,-0.8724,38.9979
3.4423,92.7646,-0.8727,38.9961
3.4443,92.8045,-0.8731,38.9944
3.4464,92.8443,-0.8735,38.9925
3.4484,92.8841,-0.8738,38.9907
3.4505,92.9239,-0.8742,38.9888
3.4525,92.9637,-0.8746,38.9869
3.4546,93.0035,-0.8749,38.985
3.4566,93.0432,-0.8753,38.983
3.4587,93.083,-0.8757,38.981
3.4607,93.1228,-0.876,38.979
3.4628,93.1625,-0.8764,38.9769
3.4648,93.2023,-0.8768,38.9749
3.4669,93.242,-0.8771,38.9728
3.4689,93.2817,-0.8775,38.9706
3.471,93.3215,-0.8779,38.9685
3.473,93.3612,-0.8782,38.9663
3.4751,93.4009,-0.8786,38.9641
3.4771,93.4406,-0.8789,38.9618
3.4792,93.4803,-0.8793,38.9596
3.4812,93.52,-0.8797,38.9573
3.4833,93.5596,-0.88,38.9549
3.4853,93.5993,-0.8804,38.9526
3.4874,93.639,-0.8808,38.9502
3.4894,93.6786,-0.8811,38.9478
3.4915,93.7183,-0.8815,38.9453
3.4935,93.7579,-0.8819,38.9429
3.4956,93.7975,-0.8822,38.9404
3.4976,93.8372,-0.8826,38.9378
3.4997,93.8768,-0.883,38.9353
3.5017,93.9164,-0.8833,38.9327
3.5038,93.956,-0.8837,38.9301
3.5058,93.9956,-0.8841,38.9275
3.5079,94.0352,-0.8844,38.9248
3.5099,94.0748,-0.8848,38.9221
3.512,94.1143,-0.8851,38.9194
3.514,94.1539,-0.8855,38.9166
3.5161,94.1935,-0.8859,38.9139
3.5181,94.233,-0.8862,38.9111
3.5202,94.2725,-0.8866,38.9082
3.5222,94.3121,-0.887,38.9054
3.5243,94.3516,-0.8873,38.9025
3.5263,94.3911,-0.8877,38.8996
3.5284,94.4306,-0.8881,38.8966
3.5304,94.4702,-0.8884,38.8936
3.5325,94.5097,-0.8888,38.8906
3.5345,94.5491,-0.8892,38.8876
3.5366,94.5886,-0.8895,38.8846
3.5386,94.6281,-0.8899,38.8815
3.5407,94.6676,-0.8903,38.8784
3.5427,94.707,-0.8906,38.8752
3.5448,94.7465,-0.891,38.872
3.5468,94.786,-0.8913,38.8688
3.5489,94.8254,-0.8917,38.8656
3.5509,94.8648,-0.8921,38.8624
3.553,94.9043,-0.8924,38.8591
3.555,94.9437,-0.8928,38.8558
3.5571,94.9831,-0.8932,38.8524
3.5591,95.0225,-0.8935,38.8491
3.5612,95.0619,-0.8939,38.8457
3.5632,95.1013,-0.8943,38.8423
3.5653,95.1407,-0.8946,38.8388
3.5673,95.1801,-0.895,38.8353
3.5694,95.2194,-0.8954,38.8318
3.5714,95.2588,-0.8957,38.8283
3.5735,95.2982,-0.8961,38.8247
3.5755,95.3375,-0.8964,38.8212
3.5776,95.3768,-0.8968,38.8175
3.5796,95.4162,-0.8972,38.8139
3.5817,95.4555,-0.8975,38.8102
3.5837,95.4948,-0.8979,38.8065
3.5858,95.5341,-0.8983,38.8028
3.5878,95.5735,-0.8986,38.799
3.5899,95.6128,-0.899,38.7952
3.5919,95.6521,-0.8994,38.7914
3.594,95.6913,-0.8997,38.7876
3.596,95.7306,-0.9001,38.7837
3.5981,95.7699,-0.9005,38.7798
3.6001,95.8092,-0.9008,38.7759
3.6022,95.8484,-0.9012,38.772
3.6042,95.8877,-0.9016,38.768
3.6063,95.9269,-0.9019,38.764
3.6083,95.9662,-0.9023,38.7599
3.6104,96.0054,-0.9027,38.7559
3.6124,96.0446,-0.903,38.7518
3.6145,96.0838,-0.9034,38.7477
3.6165,96.123,-0.9037,38.7435
3.6186,96.1623,-0.9041,38.7393
3.6206,96.2015,-0.9045,38.7351
3.6227,96.2406,-0.9048,38.7309
3.6247,96.2798,-0.9052,38.7266
3.6268,96.319,-0.9056,38.7224
3.6288,96.3582,-0.9059,38.718
3.6309,96.3973,-0.9063,38.7137
3.6329,96.4365,-0.9067,38.7093
3.635,96.4757,-0.907,38.7049
3.637,96.5148,-0.9074,38.7005
3.6391,96.5539,-0.9078,38.696
3.6411,96.5931,-0.9081,38.6916
3.6432,96.6322,-0.9085,38.6871
3.6452,96.6713,-0.9089,38.6825
3.6473,96.7104,-0.9092,38.678
3.6493,96.7495,-0.9096,38.6734
3.6514,96.7886,-0.91,38.6687
3.6534,96.8277,-0.9103,38.6641
3.6555,96.8668,-0.9107,38.6594
3.6575,96.9059,-0.911,38.6547
3.6596,96.945,-0.9114,38.65
3.6616,96.984,-0.9118,38.6452
3.6637,97.0231,-0.9121,38.6404
3.6657,97.0621,-0.9125,38.6356
3.6678,97.1012,-0.9129,38.6308
3.6698,97.1402,-0.9132,38.6259
3.6719,97.1793,-0.9136,38.621
3.6739,97.2183,-0.914,38.6161
3.676,97.2573,-0.9143,38.6111
3.678,97.2963,-0.9147,38.6061
3.6801,97.3353,-0.9151,38.6011
3.6821,97.3743,-0.9154,38.5961
3.6842,97.4133,-0.9158,38.591
3.6862,97.4523,-0.9162,38.5859
3.6883,97.4913,-0.9165,38.5808
3.6903,97.5303,-0.9169,38.5756
3.6924,97.5692,-0.9173,38.5705
3.6944,97.6082,-0.9176,38.5653
3.6965,97.6471,-0.918,38.56
3.6985,97.6861,-0.9184,38.5548
3.7006,97.725,-0.9187,38.5495
3.7026,97.764,-0.9191,38.5442
3.7047,97.8029,-0.9195,38.5388
3.7067,97.8418,-0.9198,38.5334
3.7088,97.8807,-0.9202,38.528
3.7108,97.9197,-0.9205,38.5226
3.7129,97.9586,-0.9209,38.5172
3.7149,97.9975,-0.9213,38.5117
3.717,98.0364,-0.9216,38.5062
3.719,98.0752,-0.922,38.5006
3.7211,98.1141,-0.9224,38.4951
3.7231,98.153,-0.9227,38.4895
3.7252,98.1919,-0.9231,38.4838
3.7272,98.2307,-0.9235,38.4782
3.7293,98.2696,-0.9238,38.4725
3.7313,98.3084,-0.9242,38.4668
3.7334,98.3473,-0.9246,38.4611
3.7354,98.3861,-0.9249,38.4553
3.7375,98.4249,-0.9253,38.4495
3.7395,98.4638,-0.9257,38.4437
3.7416,98.5026,-0.926,38.4379
3.7436,98.5414,-0.9264,38.432
3.7457,98.5802,-0.9268,38.4261
3.7477,98.619,-0.9271,38.4202
3.7498,98.6578,-0.9275,38.4142
3.7518,98.6966,-0.9279,38.4082
3.7539,98.7354,-0.9282,38.4022
3.7559,98.7741,-0.9286,38.3962
3.758,98.8129,-0.929,38.3901
3.76,98.8517,-0.9293,38.384
3.7621,98.8904,-0.9297,38.3779
3.7641,98.9292,-0.9301,38.3718
3.7662,98.9679,-0.9304,38.3656
3.7682,99.0067,-0.9308,38.3594
3.7703,99.0454,-0.9312,38.3531
3.7723,99.0841,-0.9315,38.3469
3.7744,99.1228,-0.9319,38.3406
3.7764,99.1616,-0.9323,38.3343
3.7785,99.2003,-0.9326,38.3279
3.7805,99.239,-0.933,38.3216
3.7826,99.2777,-0.9334,38.3152
3.7846,99.3164,-0.9337,38.3087
3.7867,99.355,-0.9341,38.3023
3.7887,99.3937,-0.9345,38.2958
3.7908,99.4324,-0.9348,38.2893
3.7928,99.4711,-0.9352,38.2828
3.7949,99.5097,-0.9356,38.2762
3.7969,99.5484,-0.9359,38.2696
3.799,99.587,-0.9363,38.263
3.801,99.6257,-0.9367,38.2563
3.8031,99.6643,-0.937,38.2497
3.8051,99.703,-0.9374,38.243
3.8072,99.7416,-0.9378,38.2362
3.8092,99.7802,-0.9381,38.2295
3.8113,99.8188,-0.9385,38.2227
3.8133,99.8574,-0.9389,38.2159
3.8154,99.896,-0.9392,38.209
3.8174,99.9346,-0.9396,38.2022
3.8195,99.9732,-0.94,38.1953
3.8215,100.0118,-0.9403,38.1884
3.8236,100.0504,-0.9407,38.1814
3.8256,100.089,-0.9411,38.1744
3.8277,100.1275,-0.9414,38.1674
3.8297,100.1661,-0.9418,38.1604
3.8318,100.2047,-0.9422,38.1533
3.8338,100.2432,-0.9425,38.1462
3.8359,100.2818,-0.9429,38.1391
3.8379,100.3203,-0.9433,38.132
3.84,100.3588,-0.9436,38.1248
3.842,100.3974,-0.944,38.1176
3.8441,100.4359,-0.9444,38.1104
3.8461,100.4744,-0.9447,38.1031
3.8482,100.5129,-0.9451,38.0958
3.8502,100.5514,-0.9455,38.0885
3.8523,100.5899,-0.9458,38.0812
3.8543,100.6284,-0.9462,38.0738
3.8564,100.6669,-0.9466,38.0664
3.8584,100.7054,-0.9469,38.059
3.8605,100.7439,-0.9473,38.0516
3.8625,100.7823,-0.9477,38.0441
3.8646,100.8208,-0.9481,38.0366
3.8666,100.8593,-0.9484,38.0291
3.8687,100.8977,-0.9488,38.0215
3.8707,100.9362,-0.9492,38.0139
3.8728,100.9746,-0.9495,38.0063
3.8748,101.0131,-0.9499,37.9987
3.8769,101.0515,-0.9503,37.991
3.8789,101.0899,-0.9506,37.9833
3.881,101.1284,-0.951,37.9756
3.883,101.1668,-0.9514,37.9678
3.8851,101.2052,-0.9517,37.9601
3.8871,101.2436,-0.9521,37.9522
3.8892,101.282,-0.9525,37.9444
3.8912,101.3204,-0.9528,37.9366
3.8933,101.3588,-0.9532,37.9287
3.8953,101.3972,-0.9536,37.9208
3.8974,101.4356,-0.9539,37.9128
3.8994,101.4739,-0.9543,37.9048
3.9015,101.5123,-0.9547,37.8968
3.9035,101.5507,-0.9551,37.8888
3.9056,101.589,-0.9554,37.8808
3.9076,101.6274,-0.9558,37.8727
3.9097,101.6657,-0.9562,37.8646
3.9117,101.7041,-0.9565,37.8564
3.9138,101.7424,-0.9569,37.8483
3.9158,101.7807,-0.9573,37.8401
3.9179,101.8191,-0.9576,37.8319
3.9199,101.8574,-0.958,37.8236
3.922,101.8957,-0.9584,37.8154
3.924,101.934,-0.9587,37.8071
3.9261,101.9723,-0.9591,37.7987
3.9281,102.0106,-0.9595,37.7904
3.9302,102.0489,-0.9598,37.782
3.9322,102.0872,-0.9602,37.7736
3.9343,102.1255,-0.9606,37.7651
3.9363,102.1638,-0.961,37.7567
3.9384,102.202,-0.9613,37.7482
3.9404,102.2403,-0.9617,37.7397
3.9425,102.2786,-0.9621,37.7311
3.9445,102.3168,-0.9624,37.7225
3.9466,102.3551,-0.9628,37.7139
3.9486,102.3933,-0.9632,37.7053
3.9507,102.4316,-0.9635,37.6967
3.9527,102.4698,-0.9639,37.688
3.9548,102.5081,-0.9643,37.6793
3.9568,102.5463,-0.9647,37.6705
3.9589,102.5845,-0.965,37.6618
3.9609,102.6227,-0.9654,37.653
3.963,102.6609,-0.9658,37.6441
3.965,102.6992,-0.9661,37.6353
3.9671,102.7374,-0.9665,37.6264
3.9691,102.7756,-0.9669,37.6175
3.9712,102.8137,-0.9672,37.6086
3.9732,102.8519,-0.9676,37.5996
3.9753,102.8901,-0.968,37.5906
3.9773,102.9283,-0.9684,37.5816
3.9794,102.9665,-0.9687,37.5726
3.9814,103.0046,-0.9691,37.5635
3.9835,103.0428,-0.9695,37.5544
3.9855,103.081,-0.9698,37.5453
3.9876,103.1191,-0.9702,37.5361
3.9896,103.1573,-0.9706,37.527
3.9917,103.1954,-0.9709,37.5178
3.9937,103.2335,-0.9713,37.5085
3.9958,103.2717,-0.9717,37.4993
3.9978,103.3098,-0.9721,37.49
3.9999,103.3479,-0.9724,37.4807
4.0019,103.386,-0.9728,37.4713
4.004,103.4242,-0.9732,37.462
4.006,103.4623,-0.9735,37.4526
4.0081,103.5004,-0.9739,37.4431
4.0101,103.5385,-0.9743,37.4337
4.0122,103.5766,-0.9747,37.4242
4.0142,103.6146,-0.975,37.4147
4.0163,103.6527,-0.9754,37.4052
4.0183,103.6908,-0.9758,37.3956
4.0204,103.7289,-0.9761,37.386
4.0224,103.767,-0.9765,37.3764
4.0245,103.805,-0.9769,37.3668
4.0265,103.8431,-0.9773,37.3571
4.0286,103.8811,-0.9776,37.3474
4.0306,103.9192,-0.978,37.3377
4.0327,103.9572,-0.9784,37.3279
4.0347,103.9953,-0.9787,37.3182
4.0368,104.0333,-0.9791,37.3084
4.0388,104.0713,-0.9795,37.2985
4.0409,104.1094,-0.9799,37.2887
4.0429,104.1474,-0.9802,37.2788
4.045,104.1854,-0.9806,37.2689
4.047,104.2234,-0.981,37.2589
4.0491,104.2614,-0.9814,37.249
4.0511,104.2994,-0.9817,37.239
4.0532,104.3374,-0.9821,37.2289
4.0552,104.3754,-0.9825,37.2189
4.0573,104.4134,-0.9828,37.2088
4.0593,104.4514,-0.9832,37.1987
4.0614,104.4894,-0.9836,37.1886
4.0634,104.5273,-0.984,37.1784
4.0655,104.5653,-0.9843,37.1682
4.0675,104.6033,-0.9847,37.158
4.0696,104.6412,-0.9851,37.1478
4.0716,104.6792,-0.9854,37.1375
4.0737,104.7172,-0.9858,37.1272
4.0757,104.7551,-0.9862,37.1169
4.0778,104.793,-0.9866,37.1065
4.0798,104.831,-0.9869,37.0962
4.0819,104.8689,-0.9873,37.0857
4.0839,104.9068,-0.9877,37.0753
4.086,104.9448,-0.9881,37.0649
4.088,104.9827,-0.9884,37.0544
4.0901,105.0206,-0.9888,37.0439
4.0921,105.0585,-0.9892,37.0333
4.0942,105.0964,-0.9896,37.0228
4.0962,105.1343,-0.9899,37.0122
4.0983,105.1722,-0.9903,37.0015
4.1003,105.2101,-0.9907,36.9909
4.1024,105.248,-0.991,36.9802
4.1044,105.2859,-0.9914,36.9695
4.1065,105.3238,-0.9918,36.9588
4.1085,105.3616,-0.9922,36.948
4.1106,105.3995,-0.9925,36.9372
4.1126,105.4374,-0.9929,36.9264
4.1147,105.4752,-0.9933,36.9156
4.1167,105.5131,-0.9937,36.9047
4.1188,105.5509,-0.994,36.8938
4.1208,105.5888,-0.9944,36.8829
4.1229,105.6266,-0.9948,36.872
4.1249,105.6645,-0.9952,36.861
4.127,105.7023,-0.9955,36.85
4.129,105.7401,-0.9959,36.839
4.1311,105.778,-0.9963,36.8279
4.1331,105.8158,-0.9967,36.8168
4.1352,105.8536,-0.997,36.8057
4.1372,105.8914,-0.9974,36.7946
4.1393,105.9292,-0.9978,36.7834
4.1413,105.967,-0.9982,36.7722
4.1434,106.0048,-0.9985,36.761
4.1454,106.0426,-0.9989,36.7497
4.1475,106.0804,-0.9993,36.7385
4.1495,106.1182,-0.9997,36.7272
4.1516,106.156,-1.0,36.7158
4.1536,106.1938,-1.0004,36.7045
4.1557,106.2316,-1.0008,36.6931
4.1577,106.2693,-1.0012,36.6817
4.1598,106.3071,-1.0015,36.6703
4.1618,106.3449,-1.0019,36.6588
4.1639,106.3826,-1.0023,36.6473
4.1659,106.4204,-1.0027,36.6358
4.168,106.4581,-1.003,36.6243
4.17,106.4959,-1.0034,36.6127
4.1721,106.5336,-1.0038,36.6011
4.1741,106.5713,-1.0042,36.5895
4.1762,106.6091,-1.0045,36.5778
4.1782,106.6468,-1.0049,36.5661
4.1803,106.6845,-1.0053,36.5544
4.1823,106.7222,-1.0057,36.5427
4.1844,106.76,-1.006,36.5309
4.1864,106.7977,-1.0064,36.5192
4.1885,106.8354,-1.0068,36.5073
4.1905,106.8731,-1.0072,36.4955
4.1926,106.9108,-1.0076,36.4836
4.1946,106.9485,-1.0079,36.4717
4.1967,106.9862,-1.0083,36.4598
4.1987,107.0239,-1.0087,36.4479
4.2008,107.0615,-1.0091,36.4359
4.2028,107.0992,-1.0094,36.4239
4.2049,107.1369,-1.0098,36.4119
4.2069,107.1746,-1.0102,36.3998
4.209,107.2122,-1.0106,36.3877
4.211,107.2499,-1.0109,36.3756
4.2131,107.2876,-1.0113,36.3635
4.2151,107.3252,-1.0117,36.3513
4.2172,107.3629,-1.0121,36.3391
4.2192,107.4005,-1.0125,36.3269
4.2213,107.4381,-1.0128,36.3147
4.2233,107.4758,-1.0132,36.3024
4.2254,107.5134,-1.0136,36.2901
4.2274,107.5511,-1.014,36.2778
4.2295,107.5887,-1.0143,36.2654
4.2315,107.6263,-1.0147,36.253
4.2336,107.6639,-1.0151,36.2406
4.2356,107.7015,-1.0155,36.2282
4.2377,107.7391,-1.0159,36.2157
4.2397,107.7768,-1.0162,36.2032
4.2418,107.8144,-1.0166,36.1907
4.2438,107.852,-1.017,36.1782
4.2459,107.8896,-1.0174,36.1656
4.2479,107.9271,-1.0178,36.153
4.25,107.9647,-1.0181,36.1404
4.252,108.0023,-1.0185,36.1277
4.2541,108.0399,-1.0189,36.1151
4.2561,108.0775,-1.0193,36.1024
4.2582,108.115,-1.0196,36.0896
4.2602,108.1526,-1.02,36.0769
4.2623,108.1902,-1.0204,36.0641
4.2643,108.2277,-1.0208,36.0513
4.2664,108.2653,-1.0212,36.0385
4.2684,108.3028,-1.0215,36.0256
4.2705,108.3404,-1.0219,36.0127
4.2725,108.3779,-1.0223,35.9998
4.2746,108.4155,-1.0227,35.9868
4.2766,108.453,-1.0231,35.9739
4.2787,108.4906,-1.0234,35.9609
4.2807,108.5281,-1.0238,35.9478
4.2828,108.5656,-1.0242,35.9348
4.2848,108.6031,-1.0246,35.9217
4.2869,108.6407,-1.025,35.9086
4.2889,108.6782,-1.0253,35.8955
4.291,108.7157,-1.0257,35.8823
4.293,108.7532,-1.0261,35.8691
4.2951,108.7907,-1.0265,35.8559
4.2971,108.8282,-1.0269,35.8427
4.2992,108.8657,-1.0272,35.8294
4.3012,108.9032,-1.0276,35.8161
4.3033,108.9407,-1.028,35.8028
4.3053,108.9782,-1.0284,35.7895
4.3074,109.0156,-1.0288,35.7761
4.3094,109.0531,-1.0291,35.7627
4.3115,109.0906,-1.0295,35.7493
4.3135,109.1281,-1.0299,35.7358
4.3156,109.1655,-1.0303,35.7223
4.3176,109.203,-1.0307,35.7088
4.3197,109.2405,-1.031,35.6953
4.3217,109.2779,-1.0314,35.6817
4.3238,109.3154,-1.0318,35.6681
4.3258,109.3528,-1.0322,35.6545
4.3279,109.3903,-1.0326,35.6409
4.3299,109.4277,-1.033,35.6272
4.332,109.4651,-1.0333,35.6135
4.334,109.5026,-1.0337,35.5998
4.3361,109.54,-1.0341,35.5861
4.3381,109.5774,-1.0345,35.5723
4.3402,109.6149,-1.0349,35.5585
4.3422,109.6523,-1.0352,35.5447
4.3443,109.6897,-1.0356,35.5308
4.3463,109.7271,-1.036,35.5169
4.3484,109.7645,-1.0364,35.503
4.3504,109.8019,-1.0368,35.4891
4.3525,109.8393,-1.0372,35.4751
4.3545,109.8767,-1.0375,35.4611
4.3566,109.9141,-1.0379,35.4471
4.3586,109.9515,-1.0383,35.4331
4.3607,109.9889,-1.0387,35.419
4.3627,110.0263,-1.0391,35.4049
4.3648,110.0637,-1.0395,35.3908
4.3668,110.1011,-1.0398,35.3766
4.3689,110.1384,-1.0402,35.3625
4.3709,110.1758,-1.0406,35.3483
4.373,110.2132,-1.041,35.334
4.375,110.2506,-1.0414,35.3198
4.3771,110.2879,-1.0418,35.3055
4.3791,110.3253,-1.0421,35.2912
4.3812,110.3626,-1.0425,35.2769
4.3832,110.4,-1.0429,35.2625
4.3853,110.4373,-1.0433,35.2481
4.3873,110.4747,-1.0437,35.2337
4.3894,110.512,-1.0441,35.2193
4.3914,110.5494,-1.0444,35.2048
4.3935,110.5867,-1.0448,35.1903
4.3955,110.624,-1.0452,35.1758
4.3976,110.6613,-1.0456,35.1612
4.3996,110.6987,-1.046,35.1467
4.4017,110.736,-1.0464,35.1321
4.4037,110.7733,-1.0467,35.1174
4.4058,110.8106,-1.0471,35.1028
4.4078,110.8479,-1.0475,35.0881
4.4099,110.8852,-1.0479,35.0734
4.4119,110.9226,-1.0483,35.0587
4.414,110.9599,-1.0487,35.0439
4.416,110.9972,-1.0491,35.0291
4.4181,111.0345,-1.0494,35.0143
4.4201,111.0717,-1.0498,34.9995
4.4222,111.109,-1.0502,34.9846
4.4242,111.1463,-1.0506,34.9697
4.4263,111.1836,-1.051,34.9548
4.4283,111.2209,-1.0514,34.9398
4.4304,111.2582,-1.0518,34.9249
4.4324,111.2954,-1.0521,34.9099
4.4345,111.3327,-1.0525,34.8948
4.4365,111.37,-1.0529,34.8798
4.4386,111.4072,-1.0533,34.8647
4.4406,111.4445,-1.0537,34.8496
4.4427,111.4817,-1.0541,34.8345
4.4447,111.519,-1.0545,34.8193
4.4468,111.5563,-1.0548,34.8041
4.4488,111.5935,-1.0552,34.7889
4.4509,111.6307,-1.0556,34.7737
4.4529,111.668,-1.056,34.7584
4.455,111.7052,-1.0564,34.7431
4.457,111.7425,-1.0568,34.7278
4.4591,111.7797,-1.0572,34.7125
4.4611,111.8169,-1.0576,34.6971
4.4632,111.8541,-1.0579,34.6817
4.4652,111.8914,-1.0583,34.6663
4.4673,111.9286,-1.0587,34.6508
4.4693,111.9658,-1.0591,34.6354
4.4714,112.003,-1.0595,34.6199
4.4734,112.0402,-1.0599,34.6043
4.4755,112.0774,-1.0603,34.5888
4.4775,112.1146,-1.0607,34.5732
4.4796,112.1518,-1.061,34.5576
4.4816,112.189,-1.0614,34.542
4.4837,112.2262,-1.0618,34.5263
4.4857,112.2634,-1.0622,34.5106
4.4878,112.3006,-1.0626,34.4949
4.4898,112.3378,-1.063,34.4792
4.4919,112.375,-1.0634,34.4634
4.4939,112.4122,-1.0638,34.4476
4.496,112.4493,-1.0642,34.4318
4.498,112.4865,-1.0645,34.4159
4.5001,112.5237,-1.0649,34.4001
4.5021,112.5609,-1.0653,34.3842
4.5042,112.598,-1.0657,34.3683
4.5062,112.6352,-1.0661,34.3523
4.5083,112.6723,-1.0665,34.3363
4.5103,112.7095,-1.0669,34.3203
4.5124,112.7467,-1.0673,34.3043
4.5144,112.7838,-1.0677,34.2882
4.5165,112.8209,-1.068,34.2722
4.5185,112.8581,-1.0684,34.256
4.5206,112.8952,-1.0688,34.2399
4.5226,112.9324,-1.0692,34.2238
4.5247,112.9695,-1.0696,34.2076
4.5267,113.0066,-1.07,34.1914
4.5288,113.0438,-1.0704,34.1751
4.5308,113.0809,-1.0708,34.1588
4.5329,113.118,-1.0712,34.1426
4.5349,113.1551,-1.0716,34.1262
4.537,113.1923,-1.072,34.1099
4.539,113.2294,-1.0723,34.0935
4.5411,113.2665,-1.0727,34.0771
4.5431,113.3036,-1.0731,34.0607
4.5452,113.3407,-1.0735,34.0443
4.5472,113.3778,-1.0739,34.0278
4.5493,113.4149,-1.0743,34.0113
4.5513,113.452,-1.0747,33.9947
4.5534,113.4891,-1.0751,33.9782
4.5554,113.5262,-1.0755,33.9616
4.5575,113.5633,-1.0759,33.945
4.5595,113.6004,-1.0763,33.9284
4.5616,113.6375,-1.0766,33.9117
4.5636,113.6746,-1.077,33.895
4.5657,113.7116,-1.0774,33.8783
4.5677,113.7487,-1.0778,33.8616
4.5698,113.7858,-1.0782,33.8448
4.5718,113.8229,-1.0786,33.828
4.5739,113.8599,-1.079,33.8112
4.5759,113.897,-1.0794,33.7944
4.578,113.9341,-1.0798,33.7775
4.58,113.9711,-1.0802,33.7606
4.5821,114.0082,-1.0806,33.7437
4.5841,114.0452,-1.081,33.7267
4.5862,114.0823,-1.0814,33.7097
4.5882,114.1193,-1.0818,33.6927
4.5903,114.1564,-1.0821,33.6757
4.5923,114.1934,-1.0825,33.6587
4.5944,114.2305,-1.0829,33.6416
4.5964,114.2675,-1.0833,33.6245
4.5985,114.3045,-1.0837,33.6074
4.6005,114.3416,-1.0841,33.5902
4.6026,114.3786,-1.0845,33.573
4.6046,114.4156,-1.0849,33.5558
4.6067,114.4527,-1.0853,33.5386
4.6087,114.4897,-1.0857,33.5213
4.6108,114.5267,-1.0861,33.504
4.6128,114.5637,-1.0865,33.4867
4.6149,114.6007,-1.0869,33.4694
4.6169,114.6378,-1.0873,33.452
4.619,114.6748,-1.0877,33.4346
4.621,114.7118,-1.0881,33.4172
4.6231,114.7488,-1.0885,33.3997
4.6251,114.7858,-1.0888,33.3823
4.6272,114.8228,-1.0892,33.3648
4.6292,114.8598,-1.0896,33.3473
4.6313,114.8968,-1.09,33.3297
4.6333,114.9338,-1.0904,33.3121
4.6354,114.9708,-1.0908,33.2945
4.6374,115.0077,-1.0912,33.2769
4.6395,115.0447,-1.0916,33.2592
4.6415,115.0817,-1.092,33.2416
4.6436,115.1187,-1.0924,33.2239
4.6456,115.1557,-1.0928,33.2061
4.6477,115.1926,-1.0932,33.1884
4.6497,115.2296,-1.0936,33.1706
4.6518,115.2666,-1.094,33.1528
4.6538,115.3036,-1.0944,33.1349
4.6559,115.3405,-1.0948,33.1171
4.6579,115.3775,-1.0952,33.0992
4.66,115.4144,-1.0956,33.0813
4.662,115.4514,-1.096,33.0633
4.6641,115.4884,-1.0964,33.0454
4.6661,115.5253,-1.0968,33.0274
4.6682,115.5623,-1.0972,33.0094
4.6702,115.5992,-1.0976,32.9913
4.6723,115.6362,-1.098,32.9733
4.6743,115.6731,-1.0984,32.9552
4.6764,115.71,-1.0988,32.937
4.6784,115.747,-1.0992,32.9189
4.6805,115.7839,-1.0996,32.9007
4.6825,115.8208,-1.1,32.8825
4.6846,115.8578,-1.1004,32.8643
4.6866,115.8947,-1.1007,32.8461
4.6887,115.9316,-1.1011,32.8278
4.6907,115.9686,-1.1015,32.8095
4.6928,116.0055,-1.1019,32.7911
4.6948,116.0424,-1.1023,32.7728
4.6969,116.0793,-1.1027,32.7544
4.6989,116.1162,-1.1031,32.736
4.701,116.1531,-1.1035,32.7176
4.703,116.1901,-1.1039,32.6991
4.7051,116.227,-1.1043,32.6806
4.7071,116.2639,-1.1047,32.6621
4.7092,116.3008,-1.1051,32.6436
4.7112,116.3377,-1.1055,32.625
4.7133,116.3746,-1.1059,32.6064
4.7153,116.4115,-1.1063,32.5878
4.7174,116.4484,-1.1067,32.5692
4.7194,116.4853,-1.1071,32.5505
4.7215,116.5221,-1.1075,32.5318
4.7235,116.559,-1.1079,32.5131
4.7256,116.5959,-1.1083,32.4944
4.7276,116.6328,-1.1087,32.4756
4.7297,116.6697,-1.1091,32.4568
4.7317,116.7066,-1.1095,32.438
4.7338,116.7434,-1.1099,32.4191
4.7358,116.7803,-1.1103,32.4003
4.7379,116.8172,-1.1107,32.3814
4.7399,116.854,-1.1111,32.3625
4.742,116.8909,-1.1115,32.3435
4.744,116.9278,-1.1119,32.3245
4.7461,116.9646,-1.1123,32.3055
4.7481,117.0015,-1.1128,32.2865
4.7502,117.0384,-1.1132,32.2675
4.7522,117.0752,-1.1136,32.2484
4.7543,117.1121,-1.114,32.2293
4.7563,117.1489,-1.1144,32.2101
4.7584,117.1858,-1.1148,32.191
4.7604,117.2226,-1.1152,32.1718
4.7625,117.2595,-1.1156,32.1526
4.7645,117.2963,-1.116,32.1334
4.7666,117.3332,-1.1164,32.1141
4.7686,117.37,-1.1168,32.0948
4.7707,117.4068,-1.1172,32.0755
4.7727,117.4437,-1.1176,32.0562
4.7748,117.4805,-1.118,32.0368
4.7768,117.5173,-1.1184,32.0174
4.7789,117.5542,-1.1188,31.998
4.7809,117.591,-1.1192,31.9786
4.783,117.6278,-1.1196,31.9591
4.785,117.6646,-1.12,31.9396
4.7871,117.7015,-1.1204,31.9201
4.7891,117.7383,-1.1208,31.9006
4.7912,117.7751,-1.1212,31.881
4.7932,117.8119,-1.1216,31.8614
4.7953,117.8487,-1.122,31.8418
4.7973,117.8855,-1.1224,31.8222
4.7994,117.9223,-1.1228,31.8025
4.8014,117.9591,-1.1232,31.7828
4.8035,117.9959,-1.1236,31.7631
4.8055,118.0328,-1.124,31.7433
4.8076,118.0696,-1.1244,31.7236
4.8096,118.1063,-1.1249,31.7038
4.8117,118.1431,-1.1253,31.6839
4.8137,118.1799,-1.1257,31.6641
4.8158,118.2167,-1.1261,31.6442
4.8178,118.2535,-1.1265,31.6243
4.8199,118.2903,-1.1269,31.6044
4.8219,118.3271,-1.1273,31.5844
4.824,118.3639,-1.1277,31.5645
4.826,118.4007,-1.1281,31.5445
4.8281,118.4374,-1.1285,31.5244
4.8301,118.4742,-1.1289,31.5044
4.8322,118.511,-1.1293,31.4843
4.8342,118.5478,-1.1297,31.4642
4.8363,118.5845,-1.1301,31.4441
4.8383,118.6213,-1.1305,31.4239
4.8404,118.6581,-1.1309,31.4037
4.8424,118.6949,-1.1314,31.3835
4.8445,118.7316,-1.1318,31.3633
4.8465,118.7684,-1.1322,31.343
4.8486,118.8051,-1.1326,31.3228
4.8506,118.8419,-1.133,31.3025
4.8527,118.8787,-1.1334,31.2821
4.8547,118.9154,-1.1338,31.2618
4.8568,118.9522,-1.1342,31.2414
4.8588,118.9889,-1.1346,31.221
4.8609,119.0257,-1.135,31.2005
4.8629,119.0624,-1.1354,31.1801
4.865,119.0992,-1.1358,31.1596
4.867,119.1359,-1.1362,31.1391
4.8691,119.1727,-1.1367,31.1185
4.8711,119.2094,-1.1371,31.098
4.8732,119.2461,-1.1375,31.0774
4.8752,119.2829,-1.1379,31.0568
4.8773,119.3196,-1.1383,31.0361
4.8793,119.3563,-1.1387,31.0155
4.8814,119.3931,-1.1391,30.9948
4.8834,119.4298,-1.1395,30.9741
4.8855,119.4665,-1.1399,30.9533
4.8875,119.5033,-1.1403,30.9326
4.8896,119.54,-1.1407,30.9118
4.8916,119.5767,-1.1412,30.8909
4.8937,119.6134,-1.1416,30.8701
4.8957,119.6502,-1.142,30.8492
4.8978,119.6869,-1.1424,30.8283
4.8998,119.7236,-1.1428,30.8074
4.9019,119.7603,-1.1432,30.7865
4.9039,119.797,-1.1436,30.7655
4.906,119.8337,-1.144,30.7445
4.908,119.8704,-1.1444,30.7235
4.9101,119.9071,-1.1449,30.7025
4.9121,119.9438,-1.1453,30.6814
4.9142,119.9805,-1.1457,30.6603
4.9162,120.0173,-1.1461,30.6392
4.9183,120.054,-1.1465,30.618
4.9203,120.0907,-1.1469,30.5968
4.9224,120.1273,-1.1473,30.5756
4.9244,120.164,-1.1477,30.5544
4.9265,120.2007,-1.1481,30.5332
4.9285,120.2374,-1.1486,30.5119
4.9306,120.2741,-1.149,30.4906
4.9326,120.3108,-1.1494,30.4693
4.9347,120.3475,-1.1498,30.4479
4.9367,120.3842,-1.1502,30.4266
4.9388,120.4209,-1.1506,30.4052
4.9408,120.4575,-1.151,30.3837
4.9429,120.4942,-1.1515,30.3623
4.9449,120.5309,-1.1519,30.3408
4.947,120.5676,-1.1523,30.3193
4.949,120.6043,-1.1527,30.2978
4.9511,120.6409,-1.1531,30.2762
4.9531,120.6776,-1.1535,30.2547
4.9552,120.7143,-1.1539,30.2331
4.9572,120.7509,-1.1543,30.2114
4.9593,120.7876,-1.1548,30.1898
4.9613,120.8243,-1.1552,30.1681
4.9634,120.8609,-1.1556,30.1464
4.9654,120.8976,-1.156,30.1247
4.9675,120.9343,-1.1564,30.1029
4.9695,120.9709,-1.1568,30.0811
4.9716,121.0076,-1.1572,30.0593
4.9736,121.0442,-1.1577,30.0375
4.9757,121.0809,-1.1581,30.0156
4.9777,121.1176,-1.1585,29.9938
4.9798,121.1542,-1.1589,29.9719
4.9818,121.1909,-1.1593,29.9499
4.9839,121.2275,-1.1597,29.928
4.9859,121.2642,-1.1602,29.906
4.988,121.3008,-1.1606,29.884
4.99,121.3374,-1.161,29.862
4.9921,121.3741,-1.1614,29.8399
4.9941,121.4107,-1.1618,29.8178
4.9962,121.4474,-1.1622,29.7957
4.9982,121.484,-1.1627,29.7736
5.0003,121.5207,-1.1631,29.7514
5.0023,121.5573,-1.1635,29.7293
5.0044,121.5939,-1.1639,29.7071
5.0064,121.6306,-1.1643,29.6848
5.0085,121.6672,-1.1647,29.6626
5.0105,121.7038,-1.1652,29.6403
5.0126,121.7404,-1.1656,29.618
5.0146,121.7771,-1.166,29.5957
5.0167,121.8137,-1.1664,29.5733
5.0187,121.8503,-1.1668,29.5509
5.0208,121.8869,-1.1672,29.5285
5.0228,121.9236,-1.1677,29.5061
5.0249,121.9602,-1.1681,29.4836
5.0269,121.9968,-1.1685,29.4611
5.029,122.0334,-1.1689,29.4386
5.031,122.07,-1.1693,29.4161
5.0331,122.1067,-1.1698,29.3936
5.0351,122.1433,-1.1702,29.371
5.0372,122.1799,-1.1706,29.3484
5.0392,122.2165,-1.171,29.3257
5.0413,122.2531,-1.1714,29.3031
5.0433,122.2897,-1.1719,29.2804
5.0454,122.3263,-1.1723,29.2577
5.0474,122.3629,-1.1727,29.235
5.0495,122.3995,-1.1731,29.2122
5.0515,122.4361,-1.1735,29.1894
5.0536,122.4727,-1.174,29.1666
5.0556,122.5093,-1.1744,29.1438
5.0577,122.5459,-1.1748,29.1209
5.0597,122.5825,-1.1752,29.0981
5.0618,122.6191,-1.1756,29.0752
5.0638,122.6557,-1.1761,29.0522
5.0659,122.6923,-1.1765,29.0293
5.0679,122.7289,-1.1769,29.0063
5.07,122.7655,-1.1773,28.9833
5.072,122.8021,-1.1777,28.9603
5.0741,122.8387,-1.1782,28.9372
5.0761,122.8752,-1.1786,28.9141
5.0782,122.9118,-1.179,28.891
5.0802,122.9484,-1.1794,28.8679
5.0823,122.985,-1.1799,28.8447
5.0843,123.0216,-1.1803,28.8216
5.0864,123.0582,-1.1807,28.7984
5.0884,123.0947,-1.1811,28.7751
5.0905,123.1313,-1.1815,28.7519
5.0925,123.1679,-1.182,28.7286
5.0946,123.2045,-1.1824,28.7053
5.0966,123.241,-1.1828,28.682
5.0987,123.2776,-1.1832,28.6586
5.1007,123.3142,-1.1837,28.6352
5.1028,123.3507,-1.1841,28.6118
5.1048,123.3873,-1.1845,28.5884
5.1069,123.4239,-1.1849,28.5649
5.1089,123.4604,-1.1854,28.5415
5.111,123.497,-1.1858,28.518
5.113,123.5336,-1.1862,28.4944
5.1151,123.5701,-1.1866,28.4709
5.1171,123.6067,-1.187,28.4473
5.1192,123.6433,-1.1875,28.4237
5.1212,123.6798,-1.1879,28.4001
5.1233,123.7164,-1.1883,28.3764
5.1253,123.7529,-1.1887,28.3528
5.1274,123.7895,-1.1892,28.3291
5.1294,123.826,-1.1896,28.3053
5.1315,123.8626,-1.19,28.2816
5.1335,123.8992,-1.1904,28.2578
5.1356,123.9357,-1.1909,28.234
5.1376,123.9723,-1.1913,28.2102
5.1397,124.0088,-1.1917,28.1864
5.1417,124.0454,-1.1922,28.1625
5.1438,124.0819,-1.1926,28.1386
5.1458,124.1184,-1.193,28.1147
5.1479,124.155,-1.1934,28.0907
5.1499,124.1915,-1.1939,28.0667
5.152,124.2281,-1.1943,28.0428
5.154,124.2646,-1.1947,28.0187
5.1561,124.3012,-1.1951,27.9947
5.1581,124.3377,-1.1956,27.9706
5.1602,124.3742,-1.196,27.9465
5.1622,124.4108,-1.1964,27.9224
5.1643,124.4473,-1.1968,27.8983
5.1663,124.4838,-1.1973,27.8741
5.1684,124.5204,-1.1977,27.8499
5.1704,124.5569,-1.1981,27.8257
5.1725,124.5934,-1.1986,27.8014
5.1745,124.63,-1.199,27.7772
5.1766,124.6665,-1.1994,27.7529
5.1786,124.703,-1.1998,27.7286
5.1807,124.7396,-1.2003,27.7042
5.1827,124.7761,-1.2007,27.6799
5.1848,124.8126,-1.2011,27.6555
5.1868,124.8491,-1.2016,27.6311
5.1889,124.8857,-1.202,27.6066
5.1909,124.9222,-1.2024,27.5822
5.193,124.9587,-1.2029,27.5577
5.195,124.9952,-1.2033,27.5332
5.1971,125.0317,-1.2037,27.5086
5.1991,125.0683,-1.2041,27.4841
5.2012,125.1048,-1.2046,27.4595
5.2032,125.1413,-1.205,27.4349
5.2053,125.1778,-1.2054,27.4102
5.2073,125.2143,-1.2059,27.3856
5.2094,125.2508,-1.2063,27.3609
5.2114,125.2873,-1.2067,27.3362
5.2135,125.3239,-1.2072,27.3115
5.2155,125.3604,-1.2076,27.2867
5.2176,125.3969,-1.208,27.2619
5.2196,125.4334,-1.2085,27.2371
5.2217,125.4699,-1.2089,27.2123
5.2237,125.5064,-1.2093,27.1874
5.2258,125.5429,-1.2097,27.1625
5.2278,125.5794,-1.2102,27.1376
5.2299,125.6159,-1.2106,27.1127
5.2319,125.6524,-1.211,27.0878
5.234,125.6889,-1.2115,27.0628
5.236,125.7254,-1.2119,27.0378
5.2381,125.7619,-1.2123,27.0128
5.2401,125.7984,-1.2128,26.9877
5.2422,125.8349,-1.2132,26.9626
5.2442,125.8714,-1.2136,26.9375
5.2463,125.9079,-1.2141,26.9124
5.2483,125.9444,-1.2145,26.8873
5.2504,125.9809,-1.2149,26.8621
5.2524,126.0174,-1.2154,26.8369
5.2545,126.0539,-1.2158,26.8117
5.2565,126.0904,-1.2162,26.7864
5.2586,126.1269,-1.2167,26.7612
5.2606,126.1634,-1.2171,26.7359
5.2627,126.1998,-1.2175,26.7106
5.2647,126.2363,-1.218,26.6852
5.2668,126.2728,-1.2184,26.6599
5.2688,126.3093,-1.2189,26.6345
5.2709,126.3458,-1.2193,26.6091
5.2729,126.3823,-1.2197,26.5836
5.275,126.4188,-1.2202,26.5582
5.277,126.4553,-1.2206,26.5327
5.2791,126.4917,-1.221,26.5072
5.2811,126.5282,-1.2215,26.4816
5.2832,126.5647,-1.2219,26.4561
5.2852,126.6012,-1.2223,26.4305
5.2873,126.6377,-1.2228,26.4049
5.2893,126.6741,-1.2232,26.3792
5.2914,126.7106,-1.2236,26.3536
5.2934,126.7471,-1.2241,26.3279
5.2955,126.7836,-1.2245,26.3022
5.2975,126.8201,-1.225,26.2765
5.2996,126.8565,-1.2254,26.2507
5.3016,126.893,-1.2258,26.2249
5.3037,126.9295,-1.2263,26.1991
5.3057,126.9659,-1.2267,26.1733
5.3078,127.0024,-1.2271,26.1474
5.3098,127.0389,-1.2276,26.1216
5.3119,127.0754,-1.228,26.0957
5.3139,127.1118,-1.2285,26.0698
5.316,127.1483,-1.2289,26.0438
5.318,127.1848,-1.2293,26.0178
5.3201,127.2212,-1.2298,25.9918
5.3221,127.2577,-1.2302,25.9658
5.3242,127.2942,-1.2307,25.9398
5.3262,127.3306,-1.2311,25.9137
5.3283,127.3671,-1.2315,25.8876
5.3303,127.4036,-1.232,25.8615
5.3324,127.44,-1.2324,25.8354
5.3344,127.4765,-1.2328,25.8092
5.3365,127.513,-1.2333,25.783
5.3385,127.5494,-1.2337,25.7568
5.3406,127.5859,-1.2342,25.7306
5.3426,127.6223,-1.2346,25.7043
5.3447,127.6588,-1.2351,25.678
5.3467,127.6953,-1.2355,25.6517
5.3488,127.7317,-1.2359,25.6254
5.3508,127.7682,-1.2364,25.599
5.3529,127.8046,-1.2368,25.5726
5.3549,127.8411,-1.2373,25.5462
5.357,127.8775,-1.2377,25.5198
5.359,127.914,-1.2381,25.4934
5.3611,127.9505,-1.2386,25.4669
5.3631,127.9869,-1.239,25.4404
5.3652,128.0234,-1.2395,25.4139
5.3672,128.0598,-1.2399,25.3873
5.3693,128.0963,-1.2403,25.3607
5.3713,128.1327,-1.2408,25.3341
5.3734,128.1692,-1.2412,25.3075
5.3754,128.2056,-1.2417,25.2809
5.3775,128.2421,-1.2421,25.2542
5.3795,128.2785,-1.2426,25.2275
5.3816,128.315,-1.243,25.2008
5.3836,128.3514,-1.2434,25.1741
5.3857,128.3879,-1.2439,25.1473
5.3877,128.4243,-1.2443,25.1205
5.3898,128.4607,-1.2448,25.0937
5.3918,128.4972,-1.2452,25.0669
5.3939,128.5336,-1.2457,25.04
5.3959,128.5701,-1.2461,25.0131
5.398,128.6065,-1.2466,24.9862
5.4,128.643,-1.247,24.9593
5.4021,128.6794,-1.2474,24.9323
5.4041,128.7159,-1.2479,24.9054
5.4062,128.7523,-1.2483,24.8783
5.4082,128.7887,-1.2488,24.8513
5.4103,128.8252,-1.2492,24.8243
5.4123,128.8616,-1.2497,24.7972
5.4144,128.8981,-1.2501,24.7701
5.4164,128.9345,-1.2506,24.743
5.4185,128.9709,-1.251,24.7158
5.4205,129.0074,-1.2515,24.6887
5.4226,129.0438,-1.2519,24.6615
5.4246,129.0802,-1.2524,24.6343
5.4267,129.1167,-1.2528,24.607
5.4287,129.1531,-1.2532,24.5798
5.4308,129.1896,-1.2537,24.5525
5.4328,129.226,-1.2541,24.5252
5.4349,129.2624,-1.2546,24.4978
5.4369,129.2989,-1.255,24.4705
5.439,129.3353,-1.2555,24.4431
5.441,129.3717,-1.2559,24.4157
5.4431,129.4082,-1.2564,24.3882
5.4451,129.4446,-1.2568,24.3608
5.4472,129.481,-1.2573,24.3333
5.4492,129.5174,-1.2577,24.3058
5.4513,129.5539,-1.2582,24.2783
5.4533,129.5903,-1.2586,24.2507
5.4554,129.6267,-1.2591,24.2232
5.4574,129.6632,-1.2595,24.1956
5.4595,129.6996,-1.26,24.1679
5.4615,129.736,-1.2604,24.1403
5.4636,129.7725,-1.2609,24.1126
5.4656,129.8089,-1.2613,24.0849
5.4677,129.8453,-1.2618,24.0572
5.4697,129.8817,-1.2622,24.0295
5.4718,129.9182,-1.2627,24.0017
5.4738,129.9546,-1.2631,23.9739
5.4759,129.991,-1.2636,23.9461
5.4779,130.0274,-1.264,23.9183
5.48,130.0639,-1.2645,23.8904
5.482,130.1003,-1.2649,23.8626
5.4841,130.1367,-1.2654,23.8347
5.4861,130.1731,-1.2658,23.8067
5.4882,130.2096,-1.2663,23.7788
5.4902,130.246,-1.2667,23.7508
5.4923,130.2824,-1.2672,23.7228
5.4943,130.3188,-1.2676,23.6948
5.4964,130.3552,-1.2681,23.6667
5.4984,130.3917,-1.2685,23.6387
5.5005,130.4281,-1.269,23.6106
5.5025,130.4645,-1.2694,23.5825
5.5046,130.5009,-1.2699,23.5543
5.5066,130.5373,-1.2703,23.5262
5.5087,130.5738,-1.2708,23.498
5.5107,130.6102,-1.2712,23.4698
5.5128,130.6466,-1.2717,23.4415
5.5148,130.683,-1.2722,23.4133
5.5169,130.7194,-1.2726,23.385
5.5189,130.7559,-1.2731,23.3567
5.521,130.7923,-1.2735,23.3284
5.523,130.8287,-1.274,23.3
5.5251,130.8651,-1.2744,23.2717
5.5271,130.9015,-1.2749,23.2433
5.5292,130.9379,-1.2753,23.2148
5.5312,130.9744,-1.2758,23.1864
5.5333,131.0108,-1.2762,23.1579
5.5353,131.0472,-1.2767,23.1294
5.5374,131.0836,-1.2771,23.1009
5.5394,131.12,-1.2776,23.0724
5.5415,131.1564,-1.2781,23.0438
5.5435,131.1929,-1.2785,23.0152
5.5456,131.2293,-1.279,22.9866
5.5476,131.2657,-1.2794,22.958
5.5497,131.3021,-1.2799,22.9293
5.5517,131.3385,-1.2803,22.9007
5.5538,131.3749,-1.2808,22.872
5.5558,131.4113,-1.2813,22.8432
5.5579,131.4477,-1.2817,22.8145
5.5599,131.4842,-1.2822,22.7857
5.562,131.5206,-1.2826,22.7569
5.564,131.557,-1.2831,22.7281
5.5661,131.5934,-1.2835,22.6993
5.5681,131.6298,-1.284,22.6704
5.5702,131.6662,-1.2845,22.6415
5.5722,131.7026,-1.2849,22.6126
5.5743,131.739,-1.2854,22.5837
5.5763,131.7754,-1.2858,22.5547
5.5784,131.8119,-1.2863,22.5257
5.5804,131.8483,-1.2867,22.4967
5.5825,131.8847,-1.2872,22.4677
5.5845,131.9211,-1.2877,22.4387
5.5866,131.9575,-1.2881,22.4096
5.5886,131.9939,-1.2886,22.3805
5.5907,132.0303,-1.289,22.3514
5.5927,132.0667,-1.2895,22.3222
5.5948,132.1031,-1.29,22.2931
5.5968,132.1395,-1.2904,22.2639
5.5989,132.176,-1.2909,22.2347
5.6009,132.2124,-1.2913,22.2054
5.603,132.2488,-1.2918,22.1762
5.605,132.2852,-1.2923,22.1469
5.6071,132.3216,-1.2927,22.1176
5.6091,132.358,-1.2932,22.0882
5.6112,132.3944,-1.2936,22.0589
5.6132,132.4308,-1.2941,22.0295
5.6153,132.4672,-1.2946,22.0001
5.6173,132.5036,-1.295,21.9707
5.6194,132.54,-1.2955,21.9413
5.6214,132.5764,-1.296,21.9118
5.6235,132.6128,-1.2964,21.8823
5.6255,132.6492,-1.2969,21.8528
5.6276,132.6857,-1.2973,21.8232
5.6296,132.7221,-1.2978,21.7937
5.6317,132.7585,-1.2983,21.7641
5.6337,132.7949,-1.2987,21.7345
5.6358,132.8313,-1.2992,21.7049
5.6378,132.8677,-1.2997,21.6752
5.6399,132.9041,-1.3001,21.6455
5.6419,132.9405,-1.3006,21.6158
5.644,132.9769,-1.301,21.5861
5.646,133.0133,-1.3015,21.5564
5.6481,133.0497,-1.302,21.5266
5.6501,133.0861,-1.3024,21.4968
5.6522,133.1225,-1.3029,21.467
5.6542,133.1589,-1.3034,21.4372
5.6563,133.1953,-1.3038,21.4073
5.6583,133.2317,-1.3043,21.3774
5.6604,133.2681,-1.3048,21.3475
5.6624,133.3046,-1.3052,21.3176
5.6645,133.341,-1.3057,21.2877
5.6665,133.3774,-1.3062,21.2577
5.6686,133.4138,-1.3066,21.2277
5.6706,133.4502,-1.3071,21.1977
5.6727,133.4866,-1.3076,21.1676
5.6747,133.523,-1.308,21.1376
5.6768,133.5594,-1.3085,21.1075
5.6788,133.5958,-1.309,21.0774
5.6809,133.6322,-1.3094,21.0472
5.6829,133.6686,-1.3099,21.0171
5.685,133.705,-1.3104,20.9869
5.687,133.7414,-1.3108,20.9567
5.6891,133.7778,-1.3113,20.9265
5.6911,133.8142,-1.3118,20.8962
5.6932,133.8506,-1.3122,20.8659
5.6952,133.887,-1.3127,20.8356
5.6973,133.9234,-1.3132,20.8053
5.6993,133.9598,-1.3136,20.775
5.7014,133.9962,-1.3141,20.7446
5.7034,134.0326,-1.3146,20.7142
5.7055,134.069,-1.315,20.6838
5.7075,134.1055,-1.3155,20.6534
5.7096,134.1419,-1.316,20.6229
5.7116,134.1783,-1.3164,20.5925
5.7137,134.2147,-1.3169,20.562
5.7157,134.2511,-1.3174,20.5314
5.7178,134.2875,-1.3178,20.5009
5.7198,134.3239,-1.3183,20.4703
5.7219,134.3603,-1.3188,20.4397
5.7239,134.3967,-1.3193,20.4091
5.726,134.4331,-1.3197,20.3785
5.728,134.4695,-1.3202,20.3478
5.7301,134.5059,-1.3207,20.3171
5.7321,134.5423,-1.3211,20.2864
5.7342,134.5787,-1.3216,20.2557
5.7362,134.6151,-1.3221,20.225
5.7383,134.6515,-1.3226,20.1942
5.7403,134.6879,-1.323,20.1634
5.7424,134.7243,-1.3235,20.1326
5.7444,134.7607,-1.324,20.1017
5.7465,134.7971,-1.3244,20.0709
5.7485,134.8336,-1.3249,20.04
5.7506,134.87,-1.3254,20.0091
5.7526,134.9064,-1.3259,19.9782
5.7547,134.9428,-1.3263,19.9472
5.7567,134.9792,-1.3268,19.9162
5.7588,135.0156,-1.3273,19.8852
5.7608,135.052,-1.3277,19.8542
5.7629,135.0884,-1.3282,19.8232
5.7649,135.1248,-1.3287,19.7921
5.767,135.1612,-1.3292,19.761
5.769,135.1976,-1.3296,19.7299
5.7711,135.234,-1.3301,19.6988
5.7731,135.2704,-1.3306,19.6676
5.7752,135.3068,-1.3311,19.6364
5.7772,135.3432,-1.3315,19.6052
5.7793,135.3797,-1.332,19.574
5.7813,135.4161,-1.3325,19.5427
5.7834,135.4525,-1.333,19.5115
5.7854,135.4889,-1.3334,19.4802
5.7875,135.5253,-1.3339,19.4489
5.7895,135.5617,-1.3344,19.4175
5.7916,135.5981,-1.3349,19.3862
5.7936,135.6345,-1.3353,19.3548
5.7957,135.6709,-1.3358,19.3234
5.7977,135.7073,-1.3363,19.292
5.7998,135.7437,-1.3368,19.2605
5.8018,135.7801,-1.3372,19.229
5.8039,135.8166,-1.3377,19.1975
5.8059,135.853,-1.3382,19.166
5.808,135.8894,-1.3387,19.1345
5.81,135.9258,-1.3392,19.1029
5.8121,135.9622,-1.3396,19.0713
5.8141,135.9986,-1.3401,19.0397
5.8162,136.035,-1.3406,19.0081
5.8182,136.0714,-1.3411,18.9764
5.8203,136.1078,-1.3415,18.9448
5.8223,136.1442,-1.342,18.9131
5.8244,136.1807,-1.3425,18.8814
5.8264,136.2171,-1.343,18.8496
5.8285,136.2535,-1.3435,18.8179
5.8305,136.2899,-1.3439,18.7861
5.8326,136.3263,-1.3444,18.7543
5.8346,136.3627,-1.3449,18.7224
5.8367,136.3991,-1.3454,18.6906
5.8387,136.4355,-1.3459,18.6587
5.8408,136.472,-1.3463,18.6268
5.8428,136.5084,-1.3468,18.5949
5.8449,136.5448,-1.3473,18.5629
5.8469,136.5812,-1.3478,18.531
5.849,136.6176,-1.3483,18.499
5.851,136.654,-1.3487,18.467
5.8531,136.6904,-1.3492,18.4349
5.8551,136.7269,-1.3497,18.4029
5.8572,136.7633,-1.3502,18.3708
5.8592,136.7997,-1.3507,18.3387
5.8613,136.8361,-1.3511,18.3066
5.8633,136.8725,-1.3516,18.2745
5.8654,136.9089,-1.3521,18.2423
5.8674,136.9453,-1.3526,18.2101
5.8695,136.9818,-1.3531,18.1779
5.8715,137.0182,-1.3536,18.1457
5.8736,137.0546,-1.354,18.1134
5.8756,137.091,-1.3545,18.0811
5.8777,137.1274,-1.355,18.0488
5.8797,137.1638,-1.3555,18.0165
5.8818,137.2003,-1.356,17.9842
5.8838,137.2367,-1.3565,17.9518
5.8859,137.2731,-1.3569,17.9194
5.8879,137.3095,-1.3574,17.887
5.89,137.3459,-1.3579,17.8546
5.892,137.3824,-1.3584,17.8221
5.8941,137.4188,-1.3589,17.7897
5.8961,137.4552,-1.3594,17.7572
5.8982,137.4916,-1.3598,17.7246
5.9002,137.528,-1.3603,17.6921
5.9023,137.5645,-1.3608,17.6595
5.9043,137.6009,-1.3613,17.6269
5.9064,137.6373,-1.3618,17.5943
5.9084,137.6737,-1.3623,17.5617
5.9105,137.7102,-1.3628,17.5291
5.9125,137.7466,-1.3632,17.4964
5.9146,137.783,-1.3637,17.4637
5.9166,137.8194,-1.3642,17.431
5.9187,137.8558,-1.3647,17.3982
5.9207,137.8923,-1.3652,17.3655
5.9228,137.9287,-1.3657,17.3327
5.9248,137.9651,-1.3662,17.2999
5.9269,138.0015,-1.3666,17.2671
5.9289,138.038,-1.3671,17.2342
5.931,138.0744,-1.3676,17.2013
5.933,138.1108,-1.3681,17.1684
5.9351,138.1473,-1.3686,17.1355
5.9371,138.1837,-1.3691,17.1026
5.9392,138.2201,-1.3696,17.0696
5.9412,138.2565,-1.3701,17.0366
5.9433,138.293,-1.3706,17.0036
5.9453,138.3294,-1.371,16.9706
5.9474,138.3658,-1.3715,16.9376
5.9494,138.4023,-1.372,16.9045
5.9515,138.4387,-1.3725,16.8714
5.9535,138.4751,-1.373,16.8383
5.9556,138.5115,-1.3735,16.8052
5.9576,138.548,-1.374,16.772
5.9597,138.5844,-1.3745,16.7388
5.9617,138.6208,-1.375,16.7056
5.9638,138.6573,-1.3754,16.6724
5.9658,138.6937,-1.3759,16.6391
5.9679,138.7301,-1.3764,16.6059
5.9699,138.7666,-1.3769,16.5726
5.972,138.803,-1.3774,16.5393
5.974,138.8394,-1.3779,16.506
5.9761,138.8759,-1.3784,16.4726
5.9781,138.9123,-1.3789,16.4392
5.9802,138.9488,-1.3794,16.4058
5.9822,138.9852,-1.3799,16.3724
5.9843,139.0216,-1.3804,16.339
5.9863,139.0581,-1.3809,16.3055
5.9884,139.0945,-1.3813,16.272
5.9904,139.1309,-1.3818,16.2385
5.9925,139.1674,-1.3823,16.205
5.9945,139.2038,-1.3828,16.1714
5.9966,139.2403,-1.3833,16.1379
5.9986,139.2767,-1.3838,16.1043
6.0007,139.3131,-1.3843,16.0707
6.0027,139.3496,-1.3848,16.037
6.0048,139.386,-1.3853,16.0034
6.0068,139.4225,-1.3858,15.9697
6.0089,139.4589,-1.3863,15.936
6.0109,139.4953,-1.3868,15.9023
6.013,139.5318,-1.3873,15.8685
6.015,139.5682,-1.3878,15.8347
6.0171,139.6047,-1.3883,15.801
6.0191,139.6411,-1.3888,15.7671
6.0212,139.6776,-1.3893,15.7333
6.0232,139.714,-1.3897,15.6995
6.0253,139.7505,-1.3902,15.6656
6.0273,139.7869,-1.3907,15.6317
6.0294,139.8234,-1.3912,15.5978
6.0314,139.8598,-1.3917,15.5638
6.0335,139.8963,-1.3922,15.5299
6.0355,139.9327,-1.3927,15.4959
6.0376,139.9691,-1.3932,15.4619
6.0396,140.0056,-1.3937,15.4279
6.0417,140.0421,-1.3942,15.3938
6.0437,140.0785,-1.3947,15.3597
6.0458,140.115,-1.3952,15.3256
6.0478,140.1514,-1.3957,15.2915
6.0499,140.1879,-1.3962,15.2574
6.0519,140.2243,-1.3967,15.2232
6.054,140.2608,-1.3972,15.1891
6.056,140.2972,-1.3977,15.1549
6.0581,140.3337,-1.3982,15.1207
6.0601,140.3701,-1.3987,15.0864
6.0622,140.4066,-1.3992,15.0521
6.0642,140.443,-1.3997,15.0179
6.0663,140.4795,-1.4002,14.9836
6.0683,140.516,-1.4007,14.9492
6.0704,140.5524,-1.4012,14.9149
6.0724,140.5889,-1.4017,14.8805
6.0745,140.6253,-1.4022,14.8461
6.0765,140.6618,-1.4027,14.8117
6.0786,140.6983,-1.4032,14.7773
6.0806,140.7347,-1.4037,14.7428
6.0827,140.7712,-1.4042,14.7083
6.0847,140.8076,-1.4047,14.6738
6.0868,140.8441,-1.4052,14.6393
6.0888,140.8806,-1.4057,14.6048
6.0909,140.917,-1.4062,14.5702
6.0929,140.9535,-1.4067,14.5356
6.095,140.99,-1.4072,14.501
6.097,141.0264,-1.4077,14.4664
6.0991,141.0629,-1.4082,14.4318
6.1011,141.0994,-1.4087,14.3971
6.1032,141.1358,-1.4092,14.3624
6.1052,141.1723,-1.4097,14.3277
6.1073,141.2088,-1.4102,14.2929
6.1093,141.2452,-1.4107,14.2582
6.1114,141.2817,-1.4112,14.2234
6.1134,141.3182,-1.4117,14.1886
6.1155,141.3546,-1.4122,14.1538
6.1175,141.3911,-1.4127,14.119
6.1196,141.4276,-1.4132,14.0841
6.1216,141.4641,-1.4137,14.0492
6.1237,141.5005,-1.4143,14.0143
6.1257,141.537,-1.4148,13.9794
6.1278,141.5735,-1.4153,13.9444
6.1298,141.61,-1.4158,13.9095
6.1319,141.6464,-1.4163,13.8745
6.1339,141.6829,-1.4168,13.8395
6.136,141.7194,-1.4173,13.8044
6.138,141.7559,-1.4178,13.7694
6.1401,141.7923,-1.4183,13.7343
6.1421,141.8288,-1.4188,13.6992
6.1442,141.8653,-1.4193,13.6641
6.1462,141.9018,-1.4198,13.629
6.1483,141.9383,-1.4203,13.5938
6.1503,141.9747,-1.4208,13.5586
6.1524,142.0112,-1.4213,13.5234
6.1544,142.0477,-1.4218,13.4882
6.1565,142.0842,-1.4223,13.453
6.1585,142.1207,-1.4229,13.4177
6.1606,142.1572,-1.4234,13.3824
6.1626,142.1937,-1.4239,13.3471
6.1647,142.2301,-1.4244,13.3118
6.1667,142.2666,-1.4249,13.2764
6.1688,142.3031,-1.4254,13.2411
6.1708,142.3396,-1.4259,13.2057
6.1729,142.3761,-1.4264,13.1703
6.1749,142.4126,-1.4269,13.1348
6.177,142.4491,-1.4274,13.0994
6.179,142.4856,-1.4279,13.0639
6.1811,142.5221,-1.4285,13.0284
6.1831,142.5585,-1.429,12.9929
6.1852,142.595,-1.4295,12.9574
6.1872,142.6315,-1.43,12.9218
6.1893,142.668,-1.4305,12.8862
6.1913,142.7045,-1.431,12.8506
6.1934,142.741,-1.4315,12.815
6.1954,142.7775,-1.432,12.7794
6.1975,142.814,-1.4325,12.7437
6.1995,142.8505,-1.433,12.708
6.2016,142.887,-1.4336,12.6723
6.2036,142.9235,-1.4341,12.6366
6.2057,142.96,-1.4346,12.6008
6.2077,142.9965,-1.4351,12.5651
6.2098,143.033,-1.4356,12.5293
6.2118,143.0695,-1.4361,12.4935
6.2139,143.106,-1.4366,12.4576
6.2159,143.1425,-1.4371,12.4218
6.218,143.179,-1.4377,12.3859
6.22,143.2155,-1.4382,12.35
6.2221,143.2521,-1.4387,12.3141
6.2241,143.2886,-1.4392,12.2782
6.2262,143.3251,-1.4397,12.2422
6.2282,143.3616,-1.4402,12.2062
6.2303,143.3981,-1.4407,12.1702
6.2323,143.4346,-1.4413,12.1342
6.2344,143.4711,-1.4418,12.0982
6.2364,143.5076,-1.4423,12.0621
6.2385,143.5441,-1.4428,12.026
6.2405,143.5806,-1.4433,11.9899
6.2426,143.6172,-1.4438,11.9538
6.2446,143.6537,-1.4443,11.9177
6.2467,143.6902,-1.4449,11.8815
6.2487,143.7267,-1.4454,11.8453
6.2508,143.7632,-1.4459,11.8091
6.2528,143.7997,-1.4464,11.7729
6.2549,143.8363,-1.4469,11.7366
6.2569,143.8728,-1.4474,11.7004
6.259,143.9093,-1.448,11.6641
6.261,143.9458,-1.4485,11.6278
6.2631,143.9823,-1.449,11.5914
6.2651,144.0189,-1.4495,11.5551
6.2672,144.0554,-1.45,11.5187
6.2692,144.0919,-1.4505,11.4823
6.2713,144.1284,-1.4511,11.4459
6.2733,144.165,-1.4516,11.4095
6.2754,144.2015,-1.4521,11.373
6.2774,144.238,-1.4526,11.3366
6.2795,144.2746,-1.4531,11.3001
6.2815,144.3111,-1.4536,11.2635
6.2836,144.3476,-1.4542,11.227
6.2856,144.3841,-1.4547,11.1905
6.2877,144.4207,-1.4552,11.1539
6.2897,144.4572,-1.4557,11.1173
6.2918,144.4937,-1.4562,11.0807
6.2938,144.5303,-1.4568,11.044
6.2959,144.5668,-1.4573,11.0074
6.2979,144.6033,-1.4578,10.9707
6.3,144.6399,-1.4583,10.934
6.302,144.6764,-1.4588,10.8973
6.3041,144.713,-1.4594,10.8605
6.3061,144.7495,-1.4599,10.8237
6.3082,144.786,-1.4604,10.787
6.3102,144.8226,-1.4609,10.7502
6.3123,144.8591,-1.4614,10.7133
6.3143,144.8957,-1.462,10.6765
6.3164,144.9322,-1.4625,10.6396
6.3184,144.9688,-1.463,10.6027
6.3205,145.0053,-1.4635,10.5658
6.3225,145.0418,-1.4641,10.5289
6.3246,145.0784,-1.4646,10.492
6.3266,145.1149,-1.4651,10.455
6.3287,145.1515,-1.4656,10.418
6.3307,145.188,-1.4662,10.381
6.3328,145.2246,-1.4667,10.344
6.3348,145.2611,-1.4672,10.3069
6.3369,145.2977,-1.4677,10.2698
6.3389,145.3342,-1.4682,10.2328
6.341,145.3708,-1.4688,10.1956
6.343,145.4074,-1.4693,10.1585
6.3451,145.4439,-1.4698,10.1214
6.3471,145.4805,-1.4703,10.0842
6.3492,145.517,-1.4709,10.047
6.3512,145.5536,-1.4714,10.0098
6.3533,145.5901,-1.4719,9.9726
6.3553,145.6267,-1.4724,9.9353
6.3574,145.6633,-1.473,9.898
6.3594,145.6998,-1.4735,9.8607
6.3615,145.7364,-1.474,9.8234
6.3635,145.773,-1.4745,9.7861
6.3656,145.8095,-1.4751,9.7487
6.3676,145.8461,-1.4756,9.7114
6.3697,145.8827,-1.4761,9.674
6.3717,145.9192,-1.4767,9.6365
6.3738,145.9558,-1.4772,9.5991
6.3758,145.9924,-1.4777,9.5617
6.3779,146.0289,-1.4782,9.5242
6.3799,146.0655,-1.4788,9.4867
6.382,146.1021,-1.4793,9.4492
6.384,146.1386,-1.4798,9.4116
6.3861,146.1752,-1.4803,9.3741
6.3881,146.2118,-1.4809,9.3365
6.3902,146.2484,-1.4814,9.2989
6.3922,146.285,-1.4819,9.2613
6.3943,146.3215,-1.4825,9.2236
6.3963,146.3581,-1.483,9.186
6.3984,146.3947,-1.4835,9.1483
6.4004,146.4313,-1.484,9.1106
6.4025,146.4678,-1.4846,9.0729
6.4045,146.5044,-1.4851,9.0351
6.4066,146.541,-1.4856,8.9974
6.4086,146.5776,-1.4862,8.9596
6.4107,146.6142,-1.4867,8.9218
6.4127,146.6508,-1.4872,8.884
6.4148,146.6874,-1.4878,8.8461
6.4168,146.7239,-1.4883,8.8083
6.4189,146.7605,-1.4888,8.7704
6.4209,146.7971,-1.4894,8.7325
6.423,146.8337,-1.4899,8.6946
6.425,146.8703,-1.4904,8.6566
6.4271,146.9069,-1.4909,8.6187
6.4291,146.9435,-1.4915,8.5807
6.4312,146.9801,-1.492,8.5427
6.4332,147.0167,-1.4925,8.5047
6.4353,147.0533,-1.4931,8.4666
6.4373,147.0899,-1.4936,8.4286
6.4394,147.1265,-1.4941,8.3905
6.4414,147.1631,-1.4947,8.3524
6.4435,147.1997,-1.4952,8.3143
6.4455,147.2363,-1.4957,8.2761
6.4476,147.2729,-1.4963,8.238
6.4496,147.3095,-1.4968,8.1998
6.4517,147.3461,-1.4973,8.1616
6.4537,147.3827,-1.4979,8.1234
6.4558,147.4193,-1.4984,8.0851
6.4578,147.4559,-1.499,8.0469
6.4599,147.4925,-1.4995,8.0086
6.4619,147.5291,-1.5,7.9703
6.464,147.5657,-1.5006,7.932
6.466,147.6024,-1.5011,7.8936
6.4681,147.639,-1.5016,7.8553
6.4701,147.6756,-1.5022,7.8169
6.4722,147.7122,-1.5027,7.7785
6.4742,147.7488,-1.5032,7.7401
6.4763,147.7854,-1.5038,7.7017
6.4783,147.8221,-1.5043,7.6632
6.4804,147.8587,-1.5048,7.6247
6.4824,147.8953,-1.5054,7.5862
6.4845,147.9319,-1.5059,7.5477
6.4865,147.9685,-1.5065,7.5092
6.4886,148.0052,-1.507,7.4706
6.4906,148.0418,-1.5075,7.432
6.4927,148.0784,-1.5081,7.3934
6.4947,148.115,-1.5086,7.3548
6.4968,148.1517,-1.5092,7.3162
6.4988,148.1883,-1.5097,7.2775
6.5009,148.2249,-1.5102,7.2388
6.5029,148.2615,-1.5108,7.2001
6.505,148.2982,-1.5113,7.1614
6.507,148.3348,-1.5118,7.1227
6.5091,148.3714,-1.5124,7.0839
6.5111,148.4081,-1.5129,7.0452
6.5132,148.4447,-1.5135,7.0064
6.5152,148.4814,-1.514,6.9676
6.5173,148.518,-1.5145,6.9287
6.5193,148.5546,-1.5151,6.8899
6.5214,148.5913,-1.5156,6.851
6.5234,148.6279,-1.5162,6.8121
6.5255,148.6646,-1.5167,6.7732
6.5275,148.7012,-1.5173,6.7343
6.5296,148.7378,-1.5178,6.6953
6.5316,148.7745,-1.5183,6.6563
6.5337,148.8111,-1.5189,6.6173
6.5357,148.8478,-1.5194,6.5783
6.5378,148.8844,-1.52,6.5393
6.5398,148.9211,-1.5205,6.5002
6.5419,148.9577,-1.521,6.4612
6.5439,148.9944,-1.5216,6.4221
6.546,149.031,-1.5221,6.383
6.548,149.0677,-1.5227,6.3439
6.5501,149.1043,-1.5232,6.3047
6.5521,149.141,-1.5238,6.2655
6.5542,149.1777,-1.5243,6.2263
6.5562,149.2143,-1.5248,6.1871
6.5583,149.251,-1.5254,6.1479
6.5603,149.2876,-1.5259,6.1087
6.5624,149.3243,-1.5265,6.0694
6.5644,149.361,-1.527,6.0301
6.5665,149.3976,-1.5276,5.9908
6.5685,149.4343,-1.5281,5.9515
6.5706,149.4709,-1.5287,5.9121
6.5726,149.5076,-1.5292,5.8728
6.5747,149.5443,-1.5298,5.8334
6.5767,149.581,-1.5303,5.794
6.5788,149.6176,-1.5308,5.7546
6.5808,149.6543,-1.5314,5.7151
6.5829,149.691,-1.5319,5.6757
6.5849,149.7276,-1.5325,5.6362
6.587,149.7643,-1.533,5.5967
6.589,149.801,-1.5336,5.5572
6.5911,149.8377,-1.5341,5.5176
6.5931,149.8743,-1.5347,5.4781
6.5952,149.911,-1.5352,5.4385
6.5972,149.9477,-1.5358,5.3989
6.5993,149.9844,-1.5363,5.3593
6.6013,150.0211,-1.5369,5.3197
6.6034,150.0578,-1.5374,5.28
6.6054,150.0944,-1.538,5.2403
6.6075,150.1311,-1.5385,5.2006
6.6095,150.1678,-1.5391,5.1609
6.6116,150.2045,-1.5396,5.1212
6.6136,150.2412,-1.5402,5.0815
6.6157,150.2779,-1.5407,5.0417
6.6177,150.3146,-1.5413,5.0019
6.6198,150.3513,-1.5418,4.9621
6.6218,150.388,-1.5424,4.9223
6.6239,150.4247,-1.5429,4.8824
6.6259,150.4613,-1.5435,4.8425
6.628,150.498,-1.544,4.8027
6.63,150.5347,-1.5446,4.7628
6.6321,150.5714,-1.5451,4.7228
6.6341,150.6081,-1.5457,4.6829
6.6362,150.6448,-1.5462,4.6429
6.6382,150.6816,-1.5468,4.6029
6.6403,150.7183,-1.5473,4.5629
6.6423,150.755,-1.5479,4.5229
6.6444,150.7917,-1.5484,4.4829
6.6464,150.8284,-1.549,4.4428
6.6485,150.8651,-1.5495,4.4027
6.6505,150.9018,-1.5501,4.3627
6.6526,150.9385,-1.5506,4.3225
6.6546,150.9752,-1.5512,4.2824
6.6567,151.0119,-1.5517,4.2422
6.6587,151.0486,-1.5523,4.2021
6.6608,151.0854,-1.5528,4.1619
6.6628,151.1221,-1.5534,4.1217
6.6649,151.1588,-1.554,4.0814
6.6669,151.1955,-1.5545,4.0412
6.669,151.2322,-1.5551,4.0009
6.671,151.269,-1.5556,3.9606
6.6731,151.3057,-1.5562,3.9203
6.6751,151.3424,-1.5567,3.88
6.6772,151.3791,-1.5573,3.8397
6.6792,151.4159,-1.5578,3.7993
6.6813,151.4526,-1.5584,3.7589
6.6833,151.4893,-1.559,3.7185
6.6854,151.5261,-1.5595,3.6781
6.6874,151.5628,-1.5601,3.6377
6.6895,151.5995,-1.5606,3.5972
6.6915,151.6362,-1.5612,3.5567
6.6936,151.673,-1.5617,3.5162
6.6956,151.7097,-1.5623,3.4757
6.6977,151.7465,-1.5628,3.4352
6.6997,151.7832,-1.5634,3.3946
6.7018,151.8199,-1.564,3.354
6.7038,151.8567,-1.5645,3.3134
6.7059,151.8934,-1.5651,3.2728
6.7079,151.9302,-1.5656,3.2322
6.71,151.9669,-1.5662,3.1916
6.712,152.0037,-1.5668,3.1509
6.7141,152.0404,-1.5673,3.1102
6.7161,152.0772,-1.5679,3.0695
6.7182,152.1139,-1.5684,3.0288
6.7202,152.1507,-1.569,2.988
6.7223,152.1874,-1.5696,2.9473
6.7243,152.2242,-1.5701,2.9065
6.7264,152.2609,-1.5707,2.8657
6.7284,152.2977,-1.5712,2.8249
6.7305,152.3344,-1.5718,2.784
6.7325,152.3712,-1.5724,2.7432
6.7346,152.4079,-1.5729,2.7023
6.7366,152.4447,-1.5735,2.6614
6.7387,152.4815,-1.574,2.6205
6.7407,152.5182,-1.5746,2.5796
6.7428,152.555,-1.5752,2.5386
6.7448,152.5918,-1.5757,2.4977
6.7469,152.6285,-1.5763,2.4567
6.7489,152.6653,-1.5768,2.4157
6.751,152.7021,-1.5774,2.3746
6.753,152.7388,-1.578,2.3336
6.7551,152.7756,-1.5785,2.2925
6.7571,152.8124,-1.5791,2.2514
6.7592,152.8492,-1.5797,2.2103
6.7612,152.8859,-1.5802,2.1692
6.7633,152.9227,-1.5808,2.1281
6.7653,152.9595,-1.5814,2.0869
6.7674,152.9963,-1.5819,2.0458
6.7694,153.0331,-1.5825,2.0046
6.7715,153.0698,-1.583,1.9634
6.7735,153.1066,-1.5836,1.9221
6.7756,153.1434,-1.5842,1.8809
6.7776,153.1802,-1.5847,1.8396
6.7797,153.217,-1.5853,1.7983
6.7817,153.2538,-1.5859,1.757
6.7838,153.2906,-1.5864,1.7157
6.7858,153.3273,-1.587,1.6744
6.7879,153.3641,-1.5876,1.633
6.7899,153.4009,-1.5881,1.5916
6.792,153.4377,-1.5887,1.5502
6.794,153.4745,-1.5893,1.5088
6.7961,153.5113,-1.5898,1.4674
6.7981,153.5481,-1.5904,1.4259
6.8002,153.5849,-1.591,1.3844
6.8022,153.6217,-1.5915,1.3429
6.8043,153.6585,-1.5921,1.3014
6.8063,153.6953,-1.5927,1.2599
6.8084,153.7321,-1.5932,1.2184
6.8104,153.7689,-1.5938,1.1768
6.8125,153.8057,-1.5944,1.1352
6.8145,153.8426,-1.5949,1.0936
6.8166,153.8794,-1.5955,1.052
6.8186,153.9162,-1.5961,1.0104
6.8207,153.953,-1.5966,0.9687
6.8227,153.9898,-1.5972,0.927
6.8248,154.0266,-1.5978,0.8853
6.8268,154.0634,-1.5984,0.8436
6.8289,154.1003,-1.5989,0.8019
6.8309,154.1371,-1.5995,0.7601
6.833,154.1739,-1.6001,0.7184
6.835,154.2107,-1.6006,0.6766
6.8371,154.2475,-1.6012,0.6348
6.8391,154.2844,-1.6018,0.5929
6.8412,154.3212,-1.6023,0.5511
6.8432,154.358,-1.6029,0.5092
6.8453,154.3948,-1.6035,0.4674
6.8473,154.4317,-1.6041,0.4255
6.8494,154.4685,-1.6046,0.3836
6.8514,154.5053,-1.6052,0.3416
6.8535,154.5422,-1.6058,0.2997
6.8555,154.579,-1.6063,0.2577
6.8576,154.6158,-1.6069,0.2157
6.8596,154.6527,-1.6075,0.1737
6.8617,154.6895,-1.6081,0.1317
6.8637,154.7264,-1.6086,0.0896
6.8658,154.7632,-1.6092,0.0476
