t_s,x_m,y_m,z_m
0.0,0.0047,-0.0,0.0242
0.002,0.0867,-0.0004,0.0736
0.004,0.1686,-0.0008,0.123
0.006,0.2502,-0.0011,0.1723
0.008,0.332,-0.0015,0.2217
0.01,0.4137,-0.0019,0.271
0.012,0.4953,-0.0022,0.3203
0.014,0.5769,-0.0026,0.3695
0.016,0.6585,-0.003,0.4187
0.018,0.74,-0.0033,0.4679
0.02,0.8214,-0.0037,0.517
0.022,0.9028,-0.0041,0.5661
0.024,0.9841,-0.0044,0.6152
0.026,1.0653,-0.0048,0.6642
0.028,1.1465,-0.0051,0.7132
0.03,1.2277,-0.0055,0.7622
0.032,1.3087,-0.0059,0.8111
0.034,1.3898,-0.0062,0.86
0.036,1.4707,-0.0066,0.9089
0.038,1.5516,-0.0069,0.9577
0.04,1.6325,-0.0073,1.0065
0.042,1.7133,-0.0077,1.0553
0.044,1.794,-0.008,1.104
0.046,1.8747,-0.0084,1.1527
0.048,1.9553,-0.0087,1.2013
0.05,2.0359,-0.0091,1.2499
0.052,2.1164,-0.0094,1.2985
0.054,2.1969,-0.0098,1.3471
0.056,2.2773,-0.0102,1.3956
0.058,2.3576,-0.0105,1.444
0.06,2.4379,-0.0109,1.4925
0.062,2.5181,-0.0112,1.5409
0.064,2.5983,-0.0116,1.5892
0.066,2.6784,-0.0119,1.6376
0.068,2.7585,-0.0123,1.6859
0.07,2.8385,-0.0126,1.7341
0.072,2.9184,-0.013,1.7824
0.074,2.9983,-0.0133,1.8306
0.076,3.0782,-0.0137,1.8787
0.078,3.1579,-0.014,1.9269
0.08,3.2377,-0.0144,1.9749
0.082,3.3173,-0.0147,2.023
0.084,3.3969,-0.0151,2.071
0.086,3.4765,-0.0154,2.119
0.088,3.556,-0.0157,2.167
0.09,3.6355,-0.0161,2.2149
0.092,3.7148,-0.0164,2.2628
0.094,3.7942,-0.0168,2.3106
0.096,3.8735,-0.0171,2.3584
0.098,3.9527,-0.0175,2.4062
0.1,4.0319,-0.0178,2.4539
0.102,4.111,-0.0181,2.5016
0.104,4.19,-0.0185,2.5493
0.106,4.269,-0.0188,2.597
0.108,4.348,-0.0192,2.6446
0.11,4.4269,-0.0195,2.6921
0.112,4.5057,-0.0198,2.7397
0.114,4.5845,-0.0202,2.7872
0.116,4.6633,-0.0205,2.8346
0.118,4.7419,-0.0208,2.8821
0.12,4.8206,-0.0212,2.9295
0.122,4.8991,-0.0215,2.9768
0.124,4.9777,-0.0219,3.0241
0.126,5.0561,-0.0222,3.0714
0.128,5.1345,-0.0225,3.1187
0.13,5.2129,-0.0229,3.1659
0.132,5.2912,-0.0232,3.2131
0.134,5.3694,-0.0235,3.2603
0.136,5.4476,-0.0239,3.3074
0.138,5.5258,-0.0242,3.3545
0.14,5.6038,-0.0245,3.4015
0.142,5.6819,-0.0248,3.4485
0.144,5.7599,-0.0252,3.4955
0.146,5.8378,-0.0255,3.5425
0.148,5.9157,-0.0258,3.5894
0.15,5.9935,-0.0262,3.6362
0.152,6.0712,-0.0265,3.6831
0.154,6.1489,-0.0268,3.7299
0.156,6.2266,-0.0271,3.7767
0.158,6.3042,-0.0275,3.8234
0.16,6.3818,-0.0278,3.8701
0.162,6.4593,-0.0281,3.9168
0.164,6.5367,-0.0284,3.9634
0.166,6.6141,-0.0288,4.01
0.168,6.6914,-0.0291,4.0566
0.17,6.7687,-0.0294,4.1031
0.172,6.846,-0.0297,4.1496
0.174,6.9231,-0.03,4.1961
0.176,7.0003,-0.0304,4.2425
0.178,7.0773,-0.0307,4.2889
0.18,7.1544,-0.031,4.3353
0.182,7.2313,-0.0313,4.3816
0.184,7.3083,-0.0316,4.4279
0.186,7.3851,-0.032,4.4742
0.188,7.4619,-0.0323,4.5204
0.19,7.5387,-0.0326,4.5666
0.192,7.6154,-0.0329,4.6128
0.194,7.6921,-0.0332,4.6589
0.196,7.7687,-0.0335,4.705
0.198,7.8452,-0.0339,4.751
0.2,7.9217,-0.0342,4.797
0.202,7.9982,-0.0345,4.843
0.204,8.0746,-0.0348,4.889
0.206,8.1509,-0.0351,4.9349
0.208,8.2272,-0.0354,4.9808
0.21,8.3035,-0.0357,5.0266
0.212,8.3797,-0.036,5.0724
0.214,8.4558,-0.0364,5.1182
0.216,8.5319,-0.0367,5.164
0.218,8.608,-0.037,5.2097
0.22,8.6839,-0.0373,5.2554
0.222,8.7599,-0.0376,5.301
0.224,8.8358,-0.0379,5.3466
0.226,8.9116,-0.0382,5.3922
0.228,8.9874,-0.0385,5.4378
0.23,9.0631,-0.0388,5.4833
0.232,9.1388,-0.0391,5.5287
0.234,9.2144,-0.0394,5.5742
0.236,9.29,-0.0397,5.6196
0.238,9.3655,-0.04,5.665
0.24,9.441,-0.0403,5.7103
0.242,9.5165,-0.0406,5.7556
0.244,9.5918,-0.0409,5.8009
0.246,9.6672,-0.0413,5.8461
0.248,9.7424,-0.0416,5.8913
0.25,9.8177,-0.0419,5.9365
0.252,9.8928,-0.0422,5.9816
0.254,9.968,-0.0425,6.0267
0.256,10.0431,-0.0428,6.0718
0.258,10.1181,-0.0431,6.1168
0.26,10.1931,-0.0434,6.1618
0.262,10.268,-0.0436,6.2068
0.264,10.3429,-0.0439,6.2517
0.266,10.4177,-0.0442,6.2966
0.268,10.4925,-0.0445,6.3415
0.27,10.5672,-0.0448,6.3863
0.272,10.6419,-0.0451,6.4311
0.274,10.7165,-0.0454,6.4759
0.276,10.7911,-0.0457,6.5206
0.278,10.8656,-0.046,6.5653
0.28,10.9401,-0.0463,6.61
0.282,11.0145,-0.0466,6.6546
0.284,11.0889,-0.0469,6.6992
0.286,11.1632,-0.0472,6.7438
0.288,11.2375,-0.0475,6.7883
0.29,11.3118,-0.0478,6.8328
0.292,11.3859,-0.0481,6.8773
0.294,11.4601,-0.0483,6.9217
0.296,11.5342,-0.0486,6.9661
0.298,11.6082,-0.0489,7.0104
0.3,11.6822,-0.0492,7.0548
0.302,11.7561,-0.0495,7.0991
0.304,11.83,-0.0498,7.1433
0.306,11.9039,-0.0501,7.1876
0.308,11.9777,-0.0504,7.2317
0.31,12.0514,-0.0506,7.2759
0.312,12.1251,-0.0509,7.32
0.314,12.1988,-0.0512,7.3641
0.316,12.2724,-0.0515,7.4082
0.318,12.3459,-0.0518,7.4522
0.32,12.4194,-0.0521,7.4962
0.322,12.4929,-0.0524,7.5402
0.324,12.5663,-0.0526,7.5841
0.326,12.6397,-0.0529,7.628
0.328,12.713,-0.0532,7.6718
0.33,12.7862,-0.0535,7.7156
0.332,12.8594,-0.0538,7.7594
0.334,12.9326,-0.054,7.8032
0.336,13.0057,-0.0543,7.8469
0.338,13.0788,-0.0546,7.8906
0.34,13.1518,-0.0549,7.9343
0.342,13.2248,-0.0552,7.9779
0.344,13.2977,-0.0554,8.0215
0.346,13.3706,-0.0557,8.065
0.348,13.4435,-0.056,8.1086
0.35,13.5162,-0.0563,8.152
0.352,13.589,-0.0565,8.1955
0.354,13.6617,-0.0568,8.2389
0.356,13.7343,-0.0571,8.2823
0.358,13.8069,-0.0574,8.3257
0.36,13.8795,-0.0576,8.369
0.362,13.952,-0.0579,8.4123
0.364,14.0244,-0.0582,8.4555
0.366,14.0969,-0.0585,8.4988
0.368,14.1692,-0.0587,8.542
0.37,14.2415,-0.059,8.5851
0.372,14.3138,-0.0593,8.6282
0.374,14.386,-0.0595,8.6713
0.376,14.4582,-0.0598,8.7144
0.378,14.5303,-0.0601,8.7574
0.38,14.6024,-0.0603,8.8004
0.382,14.6745,-0.0606,8.8433
0.384,14.7464,-0.0609,8.8863
0.386,14.8184,-0.0612,8.9292
0.388,14.8903,-0.0614,8.972
0.39,14.9621,-0.0617,9.0148
0.392,15.0339,-0.062,9.0576
0.394,15.1057,-0.0622,9.1004
0.396,15.1774,-0.0625,9.1431
0.398,15.2491,-0.0627,9.1858
0.4,15.3207,-0.063,9.2285
0.402,15.3923,-0.0633,9.2711
0.404,15.4638,-0.0635,9.3137
0.406,15.5353,-0.0638,9.3562
0.408,15.6067,-0.0641,9.3988
0.41,15.6781,-0.0643,9.4413
0.412,15.7495,-0.0646,9.4837
0.414,15.8208,-0.0648,9.5261
0.416,15.892,-0.0651,9.5685
0.418,15.9632,-0.0654,9.6109
0.42,16.0344,-0.0656,9.6532
0.422,16.1055,-0.0659,9.6955
0.424,16.1766,-0.0661,9.7378
0.426,16.2476,-0.0664,9.78
0.428,16.3186,-0.0667,9.8222
0.43,16.3895,-0.0669,9.8644
0.432,16.4604,-0.0672,9.9065
0.434,16.5313,-0.0674,9.9486
0.436,16.6021,-0.0677,9.9907
0.438,16.6728,-0.0679,10.0327
0.44,16.7435,-0.0682,10.0747
0.442,16.8142,-0.0685,10.1166
0.444,16.8848,-0.0687,10.1586
0.446,16.9554,-0.069,10.2005
0.448,17.0259,-0.0692,10.2423
0.45,17.0964,-0.0695,10.2842
0.452,17.1669,-0.0697,10.326
0.454,17.2373,-0.07,10.3677
0.456,17.3076,-0.0702,10.4095
0.458,17.3779,-0.0705,10.4512
0.46,17.4482,-0.0707,10.4928
0.462,17.5184,-0.071,10.5345
0.464,17.5886,-0.0712,10.5761
0.466,17.6587,-0.0715,10.6177
0.468,17.7288,-0.0717,10.6592
0.47,17.7988,-0.072,10.7007
0.472,17.8688,-0.0722,10.7422
0.474,17.9388,-0.0725,10.7836
0.476,18.0087,-0.0727,10.825
0.478,18.0786,-0.073,10.8664
0.48,18.1484,-0.0732,10.9077
0.482,18.2182,-0.0734,10.949
0.484,18.2879,-0.0737,10.9903
0.486,18.3576,-0.0739,11.0316
0.488,18.4273,-0.0742,11.0728
0.49,18.4969,-0.0744,11.1139
0.492,18.5664,-0.0747,11.1551
0.494,18.6359,-0.0749,11.1962
0.496,18.7054,-0.0752,11.2373
0.498,18.7748,-0.0754,11.2783
0.5,18.8442,-0.0756,11.3193
0.502,18.9136,-0.0759,11.3603
0.504,18.9829,-0.0761,11.4013
0.506,19.0521,-0.0764,11.4422
0.508,19.1213,-0.0766,11.4831
0.51,19.1905,-0.0768,11.5239
0.512,19.2596,-0.0771,11.5647
0.514,19.3287,-0.0773,11.6055
0.516,19.3978,-0.0775,11.6463
0.518,19.4668,-0.0778,11.687
0.52,19.5357,-0.078,11.7277
0.522,19.6046,-0.0783,11.7683
0.524,19.6735,-0.0785,11.8089
0.526,19.7423,-0.0787,11.8495
0.528,19.8111,-0.079,11.8901
0.53,19.8798,-0.0792,11.9306
0.532,19.9485,-0.0794,11.9711
0.534,20.0172,-0.0797,12.0116
0.536,20.0858,-0.0799,12.052
0.538,20.1544,-0.0801,12.0924
0.54,20.2229,-0.0804,12.1328
0.542,20.2914,-0.0806,12.1731
0.544,20.3598,-0.0808,12.2134
0.546,20.4282,-0.0811,12.2536
0.548,20.4966,-0.0813,12.2939
0.55,20.5649,-0.0815,12.3341
0.552,20.6332,-0.0818,12.3742
0.554,20.7014,-0.082,12.4144
0.556,20.7696,-0.0822,12.4545
0.558,20.8377,-0.0824,12.4945
0.56,20.9059,-0.0827,12.5346
0.562,20.9739,-0.0829,12.5746
0.564,21.0419,-0.0831,12.6146
0.566,21.1099,-0.0834,12.6545
0.568,21.1779,-0.0836,12.6944
0.57,21.2458,-0.0838,12.7343
0.572,21.3136,-0.084,12.7741
0.574,21.3814,-0.0843,12.8139
0.576,21.4492,-0.0845,12.8537
0.578,21.5169,-0.0847,12.8935
0.58,21.5846,-0.0849,12.9332
0.582,21.6523,-0.0852,12.9729
0.584,21.7199,-0.0854,13.0125
0.586,21.7874,-0.0856,13.0521
0.588,21.855,-0.0858,13.0917
0.59,21.9224,-0.086,13.1313
0.592,21.9899,-0.0863,13.1708
0.594,22.0573,-0.0865,13.2103
0.596,22.1246,-0.0867,13.2497
0.598,22.192,-0.0869,13.2891
0.6,22.2592,-0.0872,13.3285
0.602,22.3265,-0.0874,13.3679
0.604,22.3937,-0.0876,13.4072
0.606,22.4608,-0.0878,13.4465
0.608,22.5279,-0.088,13.4858
0.61,22.595,-0.0882,13.525
0.612,22.662,-0.0885,13.5642
0.614,22.729,-0.0887,13.6034
0.616,22.796,-0.0889,13.6425
0.618,22.8629,-0.0891,13.6816
0.62,22.9298,-0.0893,13.7207
0.622,22.9966,-0.0895,13.7597
0.624,23.0634,-0.0898,13.7987
0.626,23.1301,-0.09,13.8377
0.628,23.1968,-0.0902,13.8766
0.63,23.2635,-0.0904,13.9155
0.632,23.3301,-0.0906,13.9544
0.634,23.3967,-0.0908,13.9932
0.636,23.4633,-0.091,14.032
0.638,23.5298,-0.0912,14.0708
0.64,23.5962,-0.0915,14.1096
0.642,23.6627,-0.0917,14.1483
0.644,23.7291,-0.0919,14.187
0.646,23.7954,-0.0921,14.2256
0.648,23.8617,-0.0923,14.2642
0.65,23.928,-0.0925,14.3028
0.652,23.9942,-0.0927,14.3414
0.654,24.0604,-0.0929,14.3799
0.656,24.1265,-0.0931,14.4184
0.658,24.1926,-0.0933,14.4568
0.66,24.2587,-0.0936,14.4953
0.662,24.3247,-0.0938,14.5337
0.664,24.3907,-0.094,14.572
0.666,24.4567,-0.0942,14.6104
0.668,24.5226,-0.0944,14.6487
0.67,24.5885,-0.0946,14.6869
0.672,24.6543,-0.0948,14.7252
0.674,24.7201,-0.095,14.7634
0.676,24.7858,-0.0952,14.8015
0.678,24.8515,-0.0954,14.8397
0.68,24.9172,-0.0956,14.8778
0.682,24.9829,-0.0958,14.9159
0.684,25.0485,-0.096,14.9539
0.686,25.114,-0.0962,14.9919
0.688,25.1795,-0.0964,15.0299
0.69,25.245,-0.0966,15.0678
0.692,25.3104,-0.0968,15.1058
0.694,25.3759,-0.097,15.1436
0.696,25.4412,-0.0972,15.1815
0.698,25.5065,-0.0974,15.2193
0.7,25.5718,-0.0976,15.2571
0.702,25.6371,-0.0978,15.2948
0.704,25.7023,-0.098,15.3326
0.706,25.7674,-0.0982,15.3703
0.708,25.8326,-0.0984,15.4079
0.71,25.8977,-0.0986,15.4456
0.712,25.9627,-0.0988,15.4832
0.714,26.0277,-0.099,15.5207
0.716,26.0927,-0.0992,15.5582
0.718,26.1577,-0.0994,15.5957
0.72,26.2226,-0.0996,15.6332
0.722,26.2874,-0.0998,15.6707
0.724,26.3522,-0.1,15.7081
0.726,26.417,-0.1002,15.7454
0.728,26.4818,-0.1004,15.7828
0.73,26.5465,-0.1006,15.8201
0.732,26.6112,-0.1008,15.8574
0.734,26.6758,-0.101,15.8946
0.736,26.7404,-0.1012,15.9318
0.738,26.8049,-0.1013,15.969
0.74,26.8695,-0.1015,16.0062
0.742,26.9339,-0.1017,16.0433
0.744,26.9984,-0.1019,16.0804
0.746,27.0628,-0.1021,16.1174
0.748,27.1272,-0.1023,16.1545
0.75,27.1915,-0.1025,16.1915
0.752,27.2558,-0.1027,16.2284
0.754,27.32,-0.1029,16.2653
0.756,27.3843,-0.1031,16.3022
0.758,27.4484,-0.1032,16.3391
0.76,27.5126,-0.1034,16.3759
0.762,27.5767,-0.1036,16.4127
0.764,27.6408,-0.1038,16.4495
0.766,27.7048,-0.104,16.4863
0.768,27.7688,-0.1042,16.523
0.77,27.8327,-0.1044,16.5596
0.772,27.8967,-0.1046,16.5963
0.774,27.9605,-0.1047,16.6329
0.776,28.0244,-0.1049,16.6695
0.778,28.0882,-0.1051,16.706
0.78,28.152,-0.1053,16.7426
0.782,28.2157,-0.1055,16.779
0.784,28.2794,-0.1057,16.8155
0.786,28.3431,-0.1058,16.8519
0.788,28.4067,-0.106,16.8883
0.79,28.4703,-0.1062,16.9247
0.792,28.5338,-0.1064,16.961
0.794,28.5973,-0.1066,16.9973
0.796,28.6608,-0.1068,17.0336
0.798,28.7242,-0.1069,17.0698
0.8,28.7876,-0.1071,17.106
0.802,28.851,-0.1073,17.1422
0.804,28.9143,-0.1075,17.1783
0.806,28.9776,-0.1077,17.2144
0.808,29.0409,-0.1078,17.2505
0.81,29.1041,-0.108,17.2866
0.812,29.1673,-0.1082,17.3226
0.814,29.2305,-0.1084,17.3586
0.816,29.2936,-0.1085,17.3945
0.818,29.3566,-0.1087,17.4304
0.82,29.4197,-0.1089,17.4663
0.822,29.4827,-0.1091,17.5022
0.824,29.5456,-0.1093,17.538
0.826,29.6086,-0.1094,17.5738
0.828,29.6715,-0.1096,17.6096
0.83,29.7343,-0.1098,17.6453
0.832,29.7972,-0.11,17.681
0.834,29.8599,-0.1101,17.7167
0.836,29.9227,-0.1103,17.7523
0.838,29.9854,-0.1105,17.7879
0.84,30.0481,-0.1106,17.8235
0.842,30.1107,-0.1108,17.859
0.844,30.1733,-0.111,17.8946
0.846,30.2359,-0.1112,17.93
0.848,30.2985,-0.1113,17.9655
0.85,30.361,-0.1115,18.0009
0.852,30.4234,-0.1117,18.0363
0.854,30.4859,-0.1118,18.0717
0.856,30.5482,-0.112,18.107
0.858,30.6106,-0.1122,18.1423
0.86,30.6729,-0.1124,18.1775
0.862,30.7352,-0.1125,18.2128
0.864,30.7975,-0.1127,18.248
0.866,30.8597,-0.1129,18.2831
0.868,30.9219,-0.113,18.3183
0.87,30.984,-0.1132,18.3534
0.872,31.0461,-0.1134,18.3885
0.874,31.1082,-0.1135,18.4235
0.876,31.1703,-0.1137,18.4585
0.878,31.2323,-0.1139,18.4935
0.88,31.2942,-0.114,18.5284
0.882,31.3562,-0.1142,18.5634
0.884,31.4181,-0.1144,18.5982
0.886,31.4799,-0.1145,18.6331
0.888,31.5418,-0.1147,18.6679
0.89,31.6036,-0.1149,18.7027
0.892,31.6653,-0.115,18.7375
0.8941,31.7286,-0.1152,18.7731
0.8961,31.7918,-0.1154,18.8087
0.8982,31.855,-0.1155,18.8442
0.9002,31.9182,-0.1157,18.8797
0.9023,31.9813,-0.1159,18.9152
0.9043,32.0444,-0.116,18.9506
0.9064,32.1075,-0.1162,18.986
0.9084,32.1705,-0.1164,19.0214
0.9105,32.2335,-0.1165,19.0567
0.9125,32.2964,-0.1167,19.092
0.9146,32.3593,-0.1168,19.1273
0.9166,32.4222,-0.117,19.1625
0.9187,32.485,-0.1172,19.1977
0.9207,32.5478,-0.1173,19.2329
0.9228,32.6106,-0.1175,19.268
0.9248,32.6733,-0.1177,19.3032
0.9269,32.736,-0.1178,19.3382
0.9289,32.7987,-0.118,19.3733
0.931,32.8613,-0.1181,19.4083
0.933,32.9239,-0.1183,19.4433
0.9351,32.9864,-0.1185,19.4782
0.9371,33.049,-0.1186,19.5131
0.9392,33.1114,-0.1188,19.548
0.9412,33.1739,-0.1189,19.5829
0.9433,33.2363,-0.1191,19.6177
0.9453,33.2987,-0.1193,19.6524
0.9474,33.361,-0.1194,19.6872
0.9494,33.4233,-0.1196,19.7219
0.9515,33.4856,-0.1197,19.7566
0.9535,33.5478,-0.1199,19.7913
0.9556,33.61,-0.1201,19.8259
0.9576,33.6722,-0.1202,19.8605
0.9597,33.7343,-0.1204,19.895
0.9617,33.7964,-0.1205,19.9295
0.9638,33.8584,-0.1207,19.964
0.9658,33.9205,-0.1208,19.9985
0.9679,33.9824,-0.121,20.0329
0.9699,34.0444,-0.1211,20.0673
0.972,34.1063,-0.1213,20.1017
0.974,34.1682,-0.1214,20.136
0.9761,34.23,-0.1216,20.1703
0.9781,34.2919,-0.1218,20.2046
0.9802,34.3536,-0.1219,20.2388
0.9822,34.4154,-0.1221,20.273
0.9843,34.4771,-0.1222,20.3071
0.9863,34.5388,-0.1224,20.3413
0.9884,34.6004,-0.1225,20.3754
0.9904,34.662,-0.1227,20.4094
0.9925,34.7236,-0.1228,20.4435
0.9945,34.7851,-0.123,20.4775
0.9966,34.8466,-0.1231,20.5115
0.9986,34.9081,-0.1233,20.5454
1.0007,34.9695,-0.1234,20.5793
1.0027,35.0309,-0.1236,20.6132
1.0048,35.0923,-0.1237,20.647
1.0068,35.1536,-0.1239,20.6808
1.0089,35.2149,-0.124,20.7146
1.0109,35.2761,-0.1242,20.7483
1.013,35.3374,-0.1243,20.7821
1.015,35.3986,-0.1244,20.8157
1.0171,35.4597,-0.1246,20.8494
1.0191,35.5208,-0.1247,20.883
1.0212,35.5819,-0.1249,20.9166
1.0232,35.643,-0.125,20.9501
1.0253,35.704,-0.1252,20.9837
1.0273,35.765,-0.1253,21.0171
1.0294,35.826,-0.1255,21.0506
1.0314,35.8869,-0.1256,21.084
1.0335,35.9478,-0.1257,21.1174
1.0355,36.0086,-0.1259,21.1508
1.0376,36.0694,-0.126,21.1841
1.0396,36.1302,-0.1262,21.2174
1.0417,36.191,-0.1263,21.2506
1.0437,36.2517,-0.1265,21.2839
1.0458,36.3124,-0.1266,21.3171
1.0478,36.373,-0.1267,21.3502
1.0499,36.4336,-0.1269,21.3833
1.0519,36.4942,-0.127,21.4164
1.054,36.5548,-0.1272,21.4495
1.056,36.6153,-0.1273,21.4825
1.0581,36.6758,-0.1274,21.5155
1.0601,36.7362,-0.1276,21.5485
1.0622,36.7967,-0.1277,21.5815
1.0642,36.857,-0.1279,21.6144
1.0663,36.9174,-0.128,21.6472
1.0683,36.9777,-0.1281,21.6801
1.0704,37.038,-0.1283,21.7129
1.0724,37.0983,-0.1284,21.7457
1.0745,37.1585,-0.1285,21.7784
1.0765,37.2187,-0.1287,21.8111
1.0786,37.2788,-0.1288,21.8438
1.0806,37.3389,-0.129,21.8764
1.0827,37.399,-0.1291,21.9091
1.0847,37.4591,-0.1292,21.9416
1.0868,37.5191,-0.1294,21.9742
1.0888,37.5791,-0.1295,22.0067
1.0909,37.6391,-0.1296,22.0392
1.0929,37.699,-0.1298,22.0717
1.095,37.7589,-0.1299,22.1041
1.097,37.8187,-0.13,22.1365
1.0991,37.8786,-0.1302,22.1688
1.1011,37.9384,-0.1303,22.2012
1.1032,37.9981,-0.1304,22.2334
1.1052,38.0579,-0.1306,22.2657
1.1073,38.1176,-0.1307,22.2979
1.1093,38.1772,-0.1308,22.3301
1.1114,38.2369,-0.131,22.3623
1.1134,38.2965,-0.1311,22.3944
1.1155,38.356,-0.1312,22.4265
1.1175,38.4156,-0.1313,22.4586
1.1196,38.4751,-0.1315,22.4907
1.1216,38.5345,-0.1316,22.5227
1.1237,38.594,-0.1317,22.5546
1.1257,38.6534,-0.1319,22.5866
1.1278,38.7128,-0.132,22.6185
1.1298,38.7721,-0.1321,22.6504
1.1319,38.8314,-0.1322,22.6822
1.1339,38.8907,-0.1324,22.714
1.136,38.9499,-0.1325,22.7458
1.138,39.0092,-0.1326,22.7776
1.1401,39.0684,-0.1328,22.8093
1.1421,39.1275,-0.1329,22.841
1.1442,39.1866,-0.133,22.8726
1.1462,39.2457,-0.1331,22.9042
1.1483,39.3048,-0.1333,22.9358
1.1503,39.3638,-0.1334,22.9674
1.1524,39.4228,-0.1335,22.9989
1.1544,39.4818,-0.1336,23.0304
1.1565,39.5407,-0.1338,23.0619
1.1585,39.5996,-0.1339,23.0933
1.1606,39.6585,-0.134,23.1247
1.1626,39.7173,-0.1341,23.1561
1.1647,39.7761,-0.1342,23.1874
1.1667,39.8349,-0.1344,23.2187
1.1688,39.8936,-0.1345,23.25
1.1708,39.9523,-0.1346,23.2812
1.1729,40.011,-0.1347,23.3124
1.1749,40.0697,-0.1349,23.3436
1.177,40.1283,-0.135,23.3747
1.179,40.1869,-0.1351,23.4059
1.1811,40.2454,-0.1352,23.4369
1.1831,40.304,-0.1353,23.468
1.1852,40.3625,-0.1355,23.499
1.1872,40.4209,-0.1356,23.53
1.1893,40.4794,-0.1357,23.5609
1.1913,40.5378,-0.1358,23.5919
1.1934,40.5961,-0.1359,23.6228
1.1954,40.6545,-0.136,23.6536
1.1975,40.7128,-0.1362,23.6844
1.1995,40.7711,-0.1363,23.7152
1.2016,40.8293,-0.1364,23.746
1.2036,40.8875,-0.1365,23.7767
1.2057,40.9457,-0.1366,23.8074
1.2077,41.0039,-0.1367,23.8381
1.2098,41.062,-0.1369,23.8687
1.2118,41.1201,-0.137,23.8993
1.2139,41.1782,-0.1371,23.9299
1.2159,41.2362,-0.1372,23.9604
1.218,41.2942,-0.1373,23.9909
1.22,41.3522,-0.1374,24.0214
1.2221,41.4101,-0.1375,24.0519
1.2241,41.468,-0.1377,24.0823
1.2262,41.5259,-0.1378,24.1127
1.2282,41.5838,-0.1379,24.143
1.2303,41.6416,-0.138,24.1733
1.2323,41.6994,-0.1381,24.2036
1.2344,41.7571,-0.1382,24.2339
1.2364,41.8149,-0.1383,24.2641
1.2385,41.8726,-0.1384,24.2943
1.2405,41.9302,-0.1386,24.3244
1.2426,41.9879,-0.1387,24.3546
1.2446,42.0455,-0.1388,24.3847
1.2467,42.1031,-0.1389,24.4147
1.2487,42.1606,-0.139,24.4448
1.2508,42.2181,-0.1391,24.4748
1.2528,42.2756,-0.1392,24.5047
1.2549,42.3331,-0.1393,24.5347
1.2569,42.3905,-0.1394,24.5646
1.259,42.4479,-0.1395,24.5944
1.261,42.5053,-0.1397,24.6243
1.2631,42.5627,-0.1398,24.6541
1.2651,42.62,-0.1399,24.6839
1.2672,42.6772,-0.14,24.7136
1.2692,42.7345,-0.1401,24.7433
1.2713,42.7917,-0.1402,24.773
1.2733,42.8489,-0.1403,24.8027
1.2754,42.9061,-0.1404,24.8323
1.2774,42.9632,-0.1405,24.8619
1.2795,43.0203,-0.1406,24.8915
1.2815,43.0774,-0.1407,24.921
1.2836,43.1345,-0.1408,24.9505
1.2856,43.1915,-0.1409,24.9799
1.2877,43.2485,-0.141,25.0094
1.2897,43.3054,-0.1411,25.0388
1.2918,43.3624,-0.1412,25.0681
1.2938,43.4193,-0.1413,25.0975
1.2959,43.4761,-0.1414,25.1268
1.2979,43.533,-0.1415,25.1561
1.3,43.5898,-0.1417,25.1853
1.302,43.6466,-0.1418,25.2145
1.3041,43.7033,-0.1419,25.2437
1.3061,43.7601,-0.142,25.2728
1.3082,43.8168,-0.1421,25.302
1.3102,43.8734,-0.1422,25.331
1.3123,43.9301,-0.1423,25.3601
1.3143,43.9867,-0.1424,25.3891
1.3164,44.0433,-0.1425,25.4181
1.3184,44.0998,-0.1426,25.4471
1.3205,44.1563,-0.1427,25.476
1.3225,44.2128,-0.1428,25.5049
1.3246,44.2693,-0.1429,25.5338
1.3266,44.3258,-0.143,25.5626
1.3287,44.3822,-0.1431,25.5914
1.3307,44.4385,-0.1432,25.6202
1.3328,44.4949,-0.1433,25.6489
1.3348,44.5512,-0.1433,25.6776
1.3369,44.6075,-0.1434,25.7063
1.3389,44.6638,-0.1435,25.7349
1.341,44.72,-0.1436,25.7635
1.343,44.7762,-0.1437,25.7921
1.3451,44.8324,-0.1438,25.8207
1.3471,44.8886,-0.1439,25.8492
1.3492,44.9447,-0.144,25.8777
1.3512,45.0008,-0.1441,25.9061
1.3533,45.0569,-0.1442,25.9346
1.3553,45.1129,-0.1443,25.963
1.3574,45.1689,-0.1444,25.9913
1.3594,45.2249,-0.1445,26.0197
1.3615,45.2809,-0.1446,26.048
1.3635,45.3368,-0.1447,26.0762
1.3656,45.3927,-0.1448,26.1045
1.3676,45.4486,-0.1449,26.1327
1.3697,45.5044,-0.145,26.1608
1.3717,45.5602,-0.1451,26.189
1.3738,45.616,-0.1451,26.2171
1.3758,45.6718,-0.1452,26.2452
1.3779,45.7275,-0.1453,26.2732
1.3799,45.7832,-0.1454,26.3012
1.382,45.8389,-0.1455,26.3292
1.384,45.8946,-0.1456,26.3572
1.3861,45.9502,-0.1457,26.3851
1.3881,46.0058,-0.1458,26.413
1.3902,46.0614,-0.1459,26.4409
1.3922,46.1169,-0.146,26.4687
1.3943,46.1724,-0.1461,26.4965
1.3963,46.2279,-0.1461,26.5243
1.3984,46.2833,-0.1462,26.552
1.4004,46.3388,-0.1463,26.5797
1.4025,46.3942,-0.1464,26.6074
1.4045,46.4496,-0.1465,26.635
1.4066,46.5049,-0.1466,26.6626
1.4086,46.5602,-0.1467,26.6902
1.4107,46.6155,-0.1468,26.7178
1.4127,46.6708,-0.1468,26.7453
1.4148,46.726,-0.1469,26.7728
1.4168,46.7812,-0.147,26.8002
1.4189,46.8364,-0.1471,26.8276
1.4209,46.8916,-0.1472,26.855
1.423,46.9467,-0.1473,26.8824
1.425,47.0018,-0.1474,26.9097
1.4271,47.0569,-0.1474,26.937
1.4291,47.1119,-0.1475,26.9643
1.4312,47.167,-0.1476,26.9915
1.4332,47.2219,-0.1477,27.0187
1.4353,47.2769,-0.1478,27.0459
1.4373,47.3319,-0.1479,27.073
1.4394,47.3868,-0.148,27.1002
1.4414,47.4417,-0.148,27.1272
1.4435,47.4965,-0.1481,27.1543
1.4455,47.5513,-0.1482,27.1813
1.4476,47.6062,-0.1483,27.2083
1.4496,47.6609,-0.1484,27.2353
1.4517,47.7157,-0.1484,27.2622
1.4537,47.7704,-0.1485,27.2891
1.4558,47.8251,-0.1486,27.3159
1.4578,47.8798,-0.1487,27.3428
1.4599,47.9344,-0.1488,27.3696
1.4619,47.9891,-0.1489,27.3963
1.464,48.0436,-0.1489,27.4231
1.466,48.0982,-0.149,27.4498
1.4681,48.1528,-0.1491,27.4765
1.4701,48.2073,-0.1492,27.5031
1.4722,48.2618,-0.1493,27.5297
1.4742,48.3162,-0.1493,27.5563
1.4763,48.3707,-0.1494,27.5828
1.4783,48.4251,-0.1495,27.6094
1.4804,48.4794,-0.1496,27.6359
1.4824,48.5338,-0.1496,27.6623
1.4845,48.5881,-0.1497,27.6887
1.4865,48.6424,-0.1498,27.7151
1.4886,48.6967,-0.1499,27.7415
1.4906,48.751,-0.15,27.7678
1.4927,48.8052,-0.15,27.7941
1.4947,48.8594,-0.1501,27.8204
1.4968,48.9136,-0.1502,27.8467
1.4988,48.9677,-0.1503,27.8729
1.5009,49.0218,-0.1503,27.899
1.5029,49.0759,-0.1504,27.9252
1.505,49.13,-0.1505,27.9513
1.507,49.184,-0.1506,27.9774
1.5091,49.2381,-0.1506,28.0034
1.5111,49.292,-0.1507,28.0295
1.5132,49.346,-0.1508,28.0555
1.5152,49.3999,-0.1509,28.0814
1.5173,49.4539,-0.1509,28.1074
1.5193,49.5078,-0.151,28.1333
1.5214,49.5616,-0.1511,28.1591
1.5234,49.6155,-0.1511,28.185
1.5255,49.6693,-0.1512,28.2108
1.5275,49.723,-0.1513,28.2365
1.5296,49.7768,-0.1514,28.2623
1.5316,49.8305,-0.1514,28.288
1.5337,49.8843,-0.1515,28.3137
1.5357,49.9379,-0.1516,28.3393
1.5378,49.9916,-0.1516,28.365
1.5398,50.0452,-0.1517,28.3905
1.5419,50.0988,-0.1518,28.4161
1.5439,50.1524,-0.1519,28.4416
1.546,50.206,-0.1519,28.4671
1.548,50.2595,-0.152,28.4926
1.5501,50.313,-0.1521,28.518
1.5521,50.3665,-0.1521,28.5434
1.5542,50.4199,-0.1522,28.5688
1.5562,50.4734,-0.1523,28.5942
1.5583,50.5268,-0.1523,28.6195
1.5603,50.5802,-0.1524,28.6448
1.5624,50.6335,-0.1525,28.67
1.5644,50.6869,-0.1525,28.6952
1.5665,50.7402,-0.1526,28.7204
1.5685,50.7934,-0.1527,28.7456
1.5706,50.8467,-0.1528,28.7707
1.5726,50.8999,-0.1528,28.7958
1.5747,50.9531,-0.1529,28.8209
1.5767,51.0063,-0.1529,28.8459
1.5788,51.0595,-0.153,28.8709
1.5808,51.1126,-0.1531,28.8959
1.5829,51.1657,-0.1531,28.9208
1.5849,51.2188,-0.1532,28.9457
1.587,51.2718,-0.1533,28.9706
1.589,51.3249,-0.1533,28.9954
1.5911,51.3779,-0.1534,29.0203
1.5931,51.4309,-0.1535,29.045
1.5952,51.4838,-0.1535,29.0698
1.5972,51.5367,-0.1536,29.0945
1.5993,51.5897,-0.1537,29.1192
1.6013,51.6425,-0.1537,29.1439
1.6034,51.6954,-0.1538,29.1685
1.6054,51.7482,-0.1538,29.1931
1.6075,51.801,-0.1539,29.2177
1.6095,51.8538,-0.154,29.2422
1.6116,51.9066,-0.154,29.2667
1.6136,51.9593,-0.1541,29.2912
1.6157,52.012,-0.1542,29.3157
1.6177,52.0647,-0.1542,29.3401
1.6198,52.1174,-0.1543,29.3645
1.6218,52.17,-0.1543,29.3888
1.6239,52.2226,-0.1544,29.4132
1.6259,52.2752,-0.1545,29.4375
1.628,52.3278,-0.1545,29.4617
1.63,52.3803,-0.1546,29.486
1.6321,52.4329,-0.1546,29.5102
1.6341,52.4854,-0.1547,29.5343
1.6362,52.5378,-0.1548,29.5585
1.6382,52.5903,-0.1548,29.5826
1.6403,52.6427,-0.1549,29.6067
1.6423,52.6951,-0.1549,29.6307
1.6444,52.7475,-0.155,29.6547
1.6464,52.7998,-0.1551,29.6787
1.6485,52.8521,-0.1551,29.7027
1.6505,52.9044,-0.1552,29.7266
1.6526,52.9567,-0.1552,29.7505
1.6546,53.009,-0.1553,29.7744
1.6567,53.0612,-0.1553,29.7982
1.6587,53.1134,-0.1554,29.822
1.6608,53.1656,-0.1555,29.8458
1.6628,53.2178,-0.1555,29.8695
1.6649,53.2699,-0.1556,29.8932
1.6669,53.322,-0.1556,29.9169
1.669,53.3741,-0.1557,29.9406
1.671,53.4262,-0.1557,29.9642
1.6731,53.4782,-0.1558,29.9878
1.6751,53.5302,-0.1558,30.0113
1.6772,53.5822,-0.1559,30.0348
1.6792,53.6342,-0.1559,30.0583
1.6813,53.6861,-0.156,30.0818
1.6833,53.7381,-0.1561,30.1052
1.6854,53.79,-0.1561,30.1286
1.6874,53.8418,-0.1562,30.152
1.6895,53.8937,-0.1562,30.1754
1.6915,53.9455,-0.1563,30.1987
1.6936,53.9973,-0.1563,30.222
1.6956,54.0491,-0.1564,30.2452
1.6977,54.1009,-0.1564,30.2684
1.6997,54.1526,-0.1565,30.2916
1.7018,54.2043,-0.1565,30.3148
1.7038,54.256,-0.1566,30.3379
1.7059,54.3077,-0.1566,30.361
1.7079,54.3593,-0.1567,30.3841
1.71,54.411,-0.1567,30.4071
1.712,54.4626,-0.1568,30.4301
1.7141,54.5141,-0.1568,30.4531
1.7161,54.5657,-0.1569,30.476
1.7182,54.6172,-0.1569,30.499
1.7202,54.6687,-0.157,30.5218
1.7223,54.7202,-0.157,30.5447
1.7243,54.7717,-0.1571,30.5675
1.7264,54.8231,-0.1571,30.5903
1.7284,54.8745,-0.1572,30.6131
1.7305,54.9259,-0.1572,30.6358
1.7325,54.9773,-0.1573,30.6585
1.7346,55.0286,-0.1573,30.6812
1.7366,55.0799,-0.1574,30.7038
1.7387,55.1312,-0.1574,30.7264
1.7407,55.1825,-0.1575,30.749
1.7428,55.2338,-0.1575,30.7716
1.7448,55.285,-0.1576,30.7941
1.7469,55.3362,-0.1576,30.8166
1.7489,55.3874,-0.1576,30.839
1.751,55.4386,-0.1577,30.8615
1.753,55.4897,-0.1577,30.8839
1.7551,55.5408,-0.1578,30.9062
1.7571,55.5919,-0.1578,30.9286
1.7592,55.643,-0.1579,30.9509
1.7612,55.6941,-0.1579,30.9731
1.7633,55.7451,-0.158,30.9954
1.7653,55.7961,-0.158,31.0176
1.7674,55.8471,-0.1581,31.0398
1.7694,55.898,-0.1581,31.0619
1.7715,55.949,-0.1581,31.084
1.7735,55.9999,-0.1582,31.1061
1.7756,56.0508,-0.1582,31.1282
1.7776,56.1017,-0.1583,31.1502
1.7797,56.1525,-0.1583,31.1722
1.7817,56.2034,-0.1584,31.1942
1.7838,56.2542,-0.1584,31.2161
1.7858,56.305,-0.1584,31.238
1.7879,56.3557,-0.1585,31.2599
1.7899,56.4065,-0.1585,31.2818
1.792,56.4572,-0.1586,31.3036
1.794,56.5079,-0.1586,31.3254
1.7961,56.5585,-0.1587,31.3471
1.7981,56.6092,-0.1587,31.3689
1.8002,56.6598,-0.1587,31.3906
1.8022,56.7104,-0.1588,31.4122
1.8043,56.761,-0.1588,31.4339
1.8063,56.8116,-0.1589,31.4555
1.8084,56.8621,-0.1589,31.477
1.8104,56.9127,-0.1589,31.4986
1.8125,56.9632,-0.159,31.5201
1.8145,57.0136,-0.159,31.5416
1.8166,57.0641,-0.1591,31.563
1.8186,57.1145,-0.1591,31.5845
1.8207,57.1649,-0.1591,31.6058
1.8227,57.2153,-0.1592,31.6272
1.8248,57.2657,-0.1592,31.6485
1.8268,57.3161,-0.1592,31.6698
1.8289,57.3664,-0.1593,31.6911
1.8309,57.4167,-0.1593,31.7124
1.833,57.467,-0.1594,31.7336
1.835,57.5172,-0.1594,31.7547
1.8371,57.5675,-0.1594,31.7759
1.8391,57.6177,-0.1595,31.797
1.8412,57.6679,-0.1595,31.8181
1.8432,57.7181,-0.1595,31.8392
1.8453,57.7682,-0.1596,31.8602
1.8473,57.8184,-0.1596,31.8812
1.8494,57.8685,-0.1597,31.9022
1.8514,57.9186,-0.1597,31.9231
1.8535,57.9686,-0.1597,31.944
1.8555,58.0187,-0.1598,31.9649
1.8576,58.0687,-0.1598,31.9857
1.8596,58.1187,-0.1598,32.0065
1.8617,58.1687,-0.1599,32.0273
1.8637,58.2187,-0.1599,32.0481
1.8658,58.2686,-0.1599,32.0688
1.8678,58.3185,-0.16,32.0895
1.8699,58.3684,-0.16,32.1102
1.8719,58.4183,-0.16,32.1308
1.874,58.4682,-0.1601,32.1514
1.876,58.518,-0.1601,32.172
1.8781,58.5678,-0.1601,32.1925
1.8801,58.6176,-0.1602,32.213
1.8822,58.6674,-0.1602,32.2335
1.8842,58.7171,-0.1602,32.254
1.8863,58.7669,-0.1603,32.2744
1.8883,58.8166,-0.1603,32.2948
1.8904,58.8663,-0.1603,32.3151
1.8924,58.9159,-0.1604,32.3355
1.8945,58.9656,-0.1604,32.3558
1.8965,59.0152,-0.1604,32.376
1.8986,59.0648,-0.1604,32.3963
1.9006,59.1144,-0.1605,32.4165
1.9027,59.164,-0.1605,32.4367
1.9047,59.2135,-0.1605,32.4568
1.9068,59.263,-0.1606,32.4769
1.9088,59.3125,-0.1606,32.497
1.9109,59.362,-0.1606,32.5171
1.9129,59.4115,-0.1607,32.5371
1.915,59.4609,-0.1607,32.5571
1.917,59.5104,-0.1607,32.5771
1.9191,59.5598,-0.1607,32.597
1.9211,59.6091,-0.1608,32.6169
1.9232,59.6585,-0.1608,32.6368
1.9252,59.7078,-0.1608,32.6567
1.9273,59.7572,-0.1609,32.6765
1.9293,59.8065,-0.1609,32.6963
1.9314,59.8557,-0.1609,32.716
1.9334,59.905,-0.1609,32.7358
1.9355,59.9542,-0.161,32.7555
1.9375,60.0034,-0.161,32.7751
1.9396,60.0526,-0.161,32.7948
1.9416,60.1018,-0.161,32.8144
1.9437,60.151,-0.1611,32.8339
1.9457,60.2001,-0.1611,32.8535
1.9478,60.2492,-0.1611,32.873
1.9498,60.2983,-0.1611,32.8925
1.9519,60.3474,-0.1612,32.912
1.9539,60.3965,-0.1612,32.9314
1.956,60.4455,-0.1612,32.9508
1.958,60.4945,-0.1613,32.9701
1.9601,60.5435,-0.1613,32.9895
1.9621,60.5925,-0.1613,33.0088
1.9642,60.6414,-0.1613,33.0281
1.9662,60.6904,-0.1613,33.0473
1.9683,60.7393,-0.1614,33.0665
1.9703,60.7882,-0.1614,33.0857
1.9724,60.8371,-0.1614,33.1049
1.9744,60.8859,-0.1614,33.124
1.9765,60.9348,-0.1615,33.1431
1.9785,60.9836,-0.1615,33.1621
1.9806,61.0324,-0.1615,33.1812
1.9826,61.0812,-0.1615,33.2002
1.9847,61.1299,-0.1616,33.2192
1.9867,61.1787,-0.1616,33.2381
1.9888,61.2274,-0.1616,33.257
1.9908,61.2761,-0.1616,33.2759
1.9929,61.3247,-0.1616,33.2948
1.9949,61.3734,-0.1617,33.3136
1.997,61.422,-0.1617,33.3324
1.999,61.4707,-0.1617,33.3511
2.0011,61.5193,-0.1617,33.3699
2.0031,61.5678,-0.1617,33.3886
2.0052,61.6164,-0.1618,33.4072
2.0072,61.665,-0.1618,33.4259
2.0093,61.7135,-0.1618,33.4445
2.0113,61.762,-0.1618,33.4631
2.0134,61.8105,-0.1618,33.4816
2.0154,61.8589,-0.1619,33.5002
2.0175,61.9074,-0.1619,33.5187
2.0195,61.9558,-0.1619,33.5371
2.0216,62.0042,-0.1619,33.5556
2.0236,62.0526,-0.1619,33.574
2.0257,62.101,-0.162,33.5923
2.0277,62.1493,-0.162,33.6107
2.0298,62.1976,-0.162,33.629
2.0318,62.2459,-0.162,33.6473
2.0339,62.2942,-0.162,33.6655
2.0359,62.3425,-0.1621,33.6838
2.038,62.3908,-0.1621,33.702
2.04,62.439,-0.1621,33.7201
2.0421,62.4872,-0.1621,33.7382
2.0441,62.5354,-0.1621,33.7564
2.0462,62.5836,-0.1621,33.7744
2.0482,62.6317,-0.1622,33.7925
2.0503,62.6799,-0.1622,33.8105
2.0523,62.728,-0.1622,33.8285
2.0544,62.7761,-0.1622,33.8464
2.0564,62.8242,-0.1622,33.8643
2.0585,62.8722,-0.1622,33.8822
2.0605,62.9203,-0.1623,33.9001
2.0626,62.9683,-0.1623,33.9179
2.0646,63.0163,-0.1623,33.9357
2.0667,63.0643,-0.1623,33.9535
2.0687,63.1123,-0.1623,33.9713
2.0708,63.1602,-0.1623,33.989
2.0728,63.2081,-0.1623,34.0067
2.0749,63.2561,-0.1624,34.0243
2.0769,63.3039,-0.1624,34.0419
2.079,63.3518,-0.1624,34.0595
2.081,63.3997,-0.1624,34.0771
2.0831,63.4475,-0.1624,34.0946
2.0851,63.4953,-0.1624,34.1121
2.0872,63.5431,-0.1624,34.1296
2.0892,63.5909,-0.1624,34.1471
2.0913,63.6387,-0.1625,34.1645
2.0933,63.6864,-0.1625,34.1819
2.0954,63.7341,-0.1625,34.1992
2.0974,63.7819,-0.1625,34.2165
2.0995,63.8295,-0.1625,34.2338
2.1015,63.8772,-0.1625,34.2511
2.1036,63.9249,-0.1625,34.2683
2.1056,63.9725,-0.1625,34.2855
2.1077,64.0201,-0.1626,34.3027
2.1097,64.0677,-0.1626,34.3199
2.1118,64.1153,-0.1626,34.337
2.1138,64.1629,-0.1626,34.3541
2.1159,64.2104,-0.1626,34.3711
2.1179,64.2579,-0.1626,34.3882
2.12,64.3054,-0.1626,34.4051
2.122,64.3529,-0.1626,34.4221
2.1241,64.4004,-0.1626,34.4391
2.1261,64.4478,-0.1626,34.456
2.1282,64.4953,-0.1627,34.4728
2.1302,64.5427,-0.1627,34.4897
2.1323,64.5901,-0.1627,34.5065
2.1343,64.6374,-0.1627,34.5233
2.1364,64.6848,-0.1627,34.54
2.1384,64.7322,-0.1627,34.5568
2.1405,64.7795,-0.1627,34.5735
2.1425,64.8268,-0.1627,34.5901
2.1446,64.8741,-0.1627,34.6068
2.1466,64.9213,-0.1627,34.6234
2.1487,64.9686,-0.1627,34.64
2.1507,65.0158,-0.1628,34.6565
2.1528,65.063,-0.1628,34.673
2.1548,65.1102,-0.1628,34.6895
2.1569,65.1574,-0.1628,34.706
2.1589,65.2046,-0.1628,34.7224
2.161,65.2517,-0.1628,34.7388
2.163,65.2989,-0.1628,34.7552
2.1651,65.346,-0.1628,34.7715
2.1671,65.3931,-0.1628,34.7878
2.1692,65.4401,-0.1628,34.8041
2.1712,65.4872,-0.1628,34.8204
2.1733,65.5342,-0.1628,34.8366
2.1753,65.5812,-0.1628,34.8528
2.1774,65.6282,-0.1628,34.8689
2.1794,65.6752,-0.1628,34.8851
2.1815,65.7222,-0.1628,34.9012
2.1835,65.7692,-0.1628,34.9173
2.1856,65.8161,-0.1629,34.9333
2.1876,65.863,-0.1629,34.9493
2.1897,65.9099,-0.1629,34.9653
2.1917,65.9568,-0.1629,34.9812
2.1938,66.0036,-0.1629,34.9972
2.1958,66.0505,-0.1629,35.0131
2.1979,66.0973,-0.1629,35.0289
2.1999,66.1441,-0.1629,35.0448
2.202,66.1909,-0.1629,35.0606
2.204,66.2377,-0.1629,35.0763
2.2061,66.2845,-0.1629,35.0921
2.2081,66.3312,-0.1629,35.1078
2.2102,66.3779,-0.1629,35.1235
2.2122,66.4246,-0.1629,35.1391
2.2143,66.4713,-0.1629,35.1548
2.2163,66.518,-0.1629,35.1704
2.2184,66.5646,-0.1629,35.1859
2.2204,66.6113,-0.1629,35.2015
2.2225,66.6579,-0.1629,35.217
2.2245,66.7045,-0.1629,35.2325
2.2266,66.7511,-0.1629,35.2479
2.2286,66.7977,-0.1629,35.2633
2.2307,66.8442,-0.1629,35.2787
2.2327,66.8907,-0.1629,35.2941
2.2348,66.9373,-0.1629,35.3094
2.2368,66.9838,-0.1629,35.3247
2.2389,67.0302,-0.1629,35.34
2.2409,67.0767,-0.1629,35.3552
2.243,67.1232,-0.1629,35.3704
2.245,67.1696,-0.1629,35.3856
2.2471,67.216,-0.1629,35.4008
2.2491,67.2624,-0.1629,35.4159
2.2512,67.3088,-0.1629,35.431
2.2532,67.3552,-0.1629,35.446
2.2553,67.4015,-0.1629,35.4611
2.2573,67.4478,-0.1629,35.4761
2.2594,67.4942,-0.1629,35.491
2.2614,67.5405,-0.1629,35.506
2.2635,67.5867,-0.1629,35.5209
2.2655,67.633,-0.1629,35.5358
2.2676,67.6792,-0.1629,35.5506
2.2696,67.7255,-0.1629,35.5655
2.2717,67.7717,-0.1629,35.5803
2.2737,67.8179,-0.1629,35.595
2.2758,67.8641,-0.1629,35.6098
2.2778,67.9102,-0.1629,35.6245
2.2799,67.9564,-0.1629,35.6391
2.2819,68.0025,-0.1629,35.6538
2.284,68.0486,-0.1629,35.6684
2.286,68.0947,-0.1629,35.683
2.2881,68.1408,-0.1629,35.6976
2.2901,68.1869,-0.1629,35.7121
2.2922,68.2329,-0.1629,35.7266
2.2942,68.279,-0.1629,35.7411
2.2963,68.325,-0.1629,35.7555
2.2983,68.371,-0.1628,35.7699
2.3004,68.417,-0.1628,35.7843
2.3024,68.4629,-0.1628,35.7986
2.3045,68.5089,-0.1628,35.813
2.3065,68.5548,-0.1628,35.8273
2.3086,68.6007,-0.1628,35.8415
2.3106,68.6466,-0.1628,35.8558
2.3127,68.6925,-0.1628,35.87
2.3147,68.7384,-0.1628,35.8841
2.3168,68.7842,-0.1628,35.8983
2.3188,68.8301,-0.1628,35.9124
2.3209,68.8759,-0.1628,35.9265
2.3229,68.9217,-0.1628,35.9405
2.325,68.9675,-0.1628,35.9546
2.327,69.0133,-0.1628,35.9686
2.3291,69.059,-0.1628,35.9825
2.3311,69.1047,-0.1628,35.9965
2.3332,69.1505,-0.1628,36.0104
2.3352,69.1962,-0.1627,36.0242
2.3373,69.2419,-0.1627,36.0381
2.3393,69.2875,-0.1627,36.0519
2.3414,69.3332,-0.1627,36.0657
2.3434,69.3789,-0.1627,36.0795
2.3455,69.4245,-0.1627,36.0932
2.3475,69.4701,-0.1627,36.1069
2.3496,69.5157,-0.1627,36.1206
2.3516,69.5613,-0.1627,36.1342
2.3537,69.6068,-0.1627,36.1478
2.3557,69.6524,-0.1627,36.1614
2.3578,69.6979,-0.1627,36.175
2.3598,69.7434,-0.1626,36.1885
2.3619,69.7889,-0.1626,36.202
2.3639,69.8344,-0.1626,36.2154
2.366,69.8799,-0.1626,36.2289
2.368,69.9253,-0.1626,36.2423
2.3701,69.9708,-0.1626,36.2557
2.3721,70.0162,-0.1626,36.269
2.3742,70.0616,-0.1626,36.2823
2.3762,70.107,-0.1626,36.2956
2.3783,70.1524,-0.1626,36.3089
2.3803,70.1977,-0.1625,36.3221
2.3824,70.2431,-0.1625,36.3353
2.3844,70.2884,-0.1625,36.3485
2.3865,70.3337,-0.1625,36.3616
2.3885,70.379,-0.1625,36.3747
2.3906,70.4243,-0.1625,36.3878
2.3926,70.4696,-0.1625,36.4008
2.3947,70.5148,-0.1625,36.4139
2.3967,70.56,-0.1625,36.4269
2.3988,70.6053,-0.1624,36.4398
2.4008,70.6505,-0.1624,36.4528
2.4029,70.6957,-0.1624,36.4657
2.4049,70.7408,-0.1624,36.4785
2.407,70.786,-0.1624,36.4914
2.409,70.8311,-0.1624,36.5042
2.4111,70.8763,-0.1624,36.517
2.4131,70.9214,-0.1624,36.5297
2.4152,70.9665,-0.1623,36.5425
2.4172,71.0115,-0.1623,36.5552
2.4193,71.0566,-0.1623,36.5678
2.4213,71.1017,-0.1623,36.5805
2.4234,71.1467,-0.1623,36.5931
2.4254,71.1917,-0.1623,36.6057
2.4275,71.2367,-0.1623,36.6182
2.4295,71.2817,-0.1623,36.6307
2.4316,71.3267,-0.1622,36.6432
2.4336,71.3716,-0.1622,36.6557
2.4357,71.4166,-0.1622,36.6681
2.4377,71.4615,-0.1622,36.6805
2.4398,71.5064,-0.1622,36.6929
2.4418,71.5513,-0.1622,36.7053
2.4439,71.5962,-0.1621,36.7176
2.4459,71.6411,-0.1621,36.7299
2.448,71.6859,-0.1621,36.7421
2.45,71.7308,-0.1621,36.7543
2.4521,71.7756,-0.1621,36.7665
2.4541,71.8204,-0.1621,36.7787
2.4562,71.8652,-0.1621,36.7908
2.4582,71.91,-0.162,36.803
2.4603,71.9548,-0.162,36.815
2.4623,71.9995,-0.162,36.8271
2.4644,72.0442,-0.162,36.8391
2.4664,72.089,-0.162,36.8511
2.4685,72.1337,-0.162,36.8631
2.4705,72.1784,-0.1619,36.875
2.4726,72.223,-0.1619,36.8869
2.4746,72.2677,-0.1619,36.8988
2.4767,72.3123,-0.1619,36.9106
2.4787,72.357,-0.1619,36.9224
2.4808,72.4016,-0.1619,36.9342
2.4828,72.4462,-0.1618,36.946
2.4849,72.4908,-0.1618,36.9577
2.4869,72.5354,-0.1618,36.9694
2.489,72.5799,-0.1618,36.9811
2.491,72.6245,-0.1618,36.9927
2.4931,72.669,-0.1617,37.0043
2.4951,72.7135,-0.1617,37.0159
2.4972,72.758,-0.1617,37.0275
2.4992,72.8025,-0.1617,37.039
2.5013,72.847,-0.1617,37.0505
2.5033,72.8914,-0.1617,37.062
2.5054,72.9359,-0.1616,37.0734
2.5074,72.9803,-0.1616,37.0848
2.5095,73.0247,-0.1616,37.0962
2.5115,73.0691,-0.1616,37.1075
2.5136,73.1135,-0.1616,37.1188
2.5156,73.1579,-0.1615,37.1301
2.5177,73.2022,-0.1615,37.1414
2.5197,73.2466,-0.1615,37.1526
2.5218,73.2909,-0.1615,37.1638
2.5238,73.3352,-0.1615,37.175
2.5259,73.3795,-0.1614,37.1861
2.5279,73.4238,-0.1614,37.1972
2.53,73.4681,-0.1614,37.2083
2.532,73.5123,-0.1614,37.2194
2.5341,73.5565,-0.1613,37.2304
2.5361,73.6008,-0.1613,37.2414
2.5382,73.645,-0.1613,37.2524
2.5402,73.6892,-0.1613,37.2633
2.5423,73.7334,-0.1613,37.2742
2.5443,73.7775,-0.1612,37.2851
2.5464,73.8217,-0.1612,37.2959
2.5484,73.8658,-0.1612,37.3068
2.5505,73.91,-0.1612,37.3175
2.5525,73.9541,-0.1612,37.3283
2.5546,73.9982,-0.1611,37.339
2.5566,74.0423,-0.1611,37.3497
2.5587,74.0863,-0.1611,37.3604
2.5607,74.1304,-0.1611,37.3711
2.5628,74.1745,-0.161,37.3817
2.5648,74.2185,-0.161,37.3923
2.5669,74.2625,-0.161,37.4028
2.5689,74.3065,-0.161,37.4133
2.571,74.3505,-0.1609,37.4238
2.573,74.3945,-0.1609,37.4343
2.5751,74.4384,-0.1609,37.4447
2.5771,74.4824,-0.1609,37.4552
2.5792,74.5263,-0.1609,37.4655
2.5812,74.5702,-0.1608,37.4759
2.5833,74.6141,-0.1608,37.4862
2.5853,74.658,-0.1608,37.4965
2.5874,74.7019,-0.1608,37.5068
2.5894,74.7458,-0.1607,37.517
2.5915,74.7896,-0.1607,37.5272
2.5935,74.8335,-0.1607,37.5374
2.5956,74.8773,-0.1607,37.5475
2.5976,74.9211,-0.1606,37.5577
2.5997,74.9649,-0.1606,37.5677
2.6017,75.0087,-0.1606,37.5778
2.6038,75.0524,-0.1606,37.5878
2.6058,75.0962,-0.1605,37.5978
2.6079,75.1399,-0.1605,37.6078
2.6099,75.1837,-0.1605,37.6177
2.612,75.2274,-0.1604,37.6277
2.614,75.2711,-0.1604,37.6375
2.6161,75.3148,-0.1604,37.6474
2.6181,75.3584,-0.1604,37.6572
2.6202,75.4021,-0.1603,37.667
2.6222,75.4458,-0.1603,37.6768
2.6243,75.4894,-0.1603,37.6865
2.6263,75.533,-0.1603,37.6962
2.6284,75.5766,-0.1602,37.7059
2.6304,75.6202,-0.1602,37.7156
2.6325,75.6638,-0.1602,37.7252
2.6345,75.7074,-0.1602,37.7348
2.6366,75.7509,-0.1601,37.7443
2.6386,75.7945,-0.1601,37.7539
2.6407,75.838,-0.1601,37.7634
2.6427,75.8815,-0.16,37.7729
2.6448,75.925,-0.16,37.7823
2.6468,75.9685,-0.16,37.7917
2.6489,76.012,-0.16,37.8011
2.6509,76.0554,-0.1599,37.8105
2.653,76.0989,-0.1599,37.8198
2.655,76.1423,-0.1599,37.8291
2.6571,76.1857,-0.1598,37.8384
2.6591,76.2291,-0.1598,37.8476
2.6612,76.2725,-0.1598,37.8568
2.6632,76.3159,-0.1598,37.866
2.6653,76.3593,-0.1597,37.8752
2.6673,76.4026,-0.1597,37.8843
2.6694,76.446,-0.1597,37.8934
2.6714,76.4893,-0.1596,37.9025
2.6735,76.5326,-0.1596,37.9115
2.6755,76.5759,-0.1596,37.9205
2.6776,76.6192,-0.1596,37.9295
2.6796,76.6625,-0.1595,37.9384
2.6817,76.7058,-0.1595,37.9474
2.6837,76.749,-0.1595,37.9563
2.6858,76.7923,-0.1594,37.9651
2.6878,76.8355,-0.1594,37.974
2.6899,76.8787,-0.1594,37.9828
2.6919,76.9219,-0.1593,37.9915
2.694,76.9651,-0.1593,38.0003
2.696,77.0083,-0.1593,38.009
2.6981,77.0514,-0.1592,38.0177
2.7001,77.0946,-0.1592,38.0264
2.7022,77.1377,-0.1592,38.035
2.7042,77.1808,-0.1592,38.0436
2.7063,77.2239,-0.1591,38.0522
2.7083,77.267,-0.1591,38.0607
2.7104,77.3101,-0.1591,38.0692
2.7124,77.3532,-0.159,38.0777
2.7145,77.3963,-0.159,38.0862
2.7165,77.4393,-0.159,38.0946
2.7186,77.4823,-0.1589,38.103
2.7206,77.5254,-0.1589,38.1114
2.7227,77.5684,-0.1589,38.1197
2.7247,77.6114,-0.1588,38.128
2.7268,77.6544,-0.1588,38.1363
2.7288,77.6973,-0.1588,38.1445
2.7309,77.7403,-0.1587,38.1528
2.7329,77.7832,-0.1587,38.161
2.735,77.8262,-0.1587,38.1691
2.737,77.8691,-0.1586,38.1773
2.7391,77.912,-0.1586,38.1854
2.7411,77.9549,-0.1586,38.1935
2.7432,77.9978,-0.1585,38.2015
2.7452,78.0406,-0.1585,38.2095
2.7473,78.0835,-0.1585,38.2175
2.7493,78.1264,-0.1584,38.2255
2.7514,78.1692,-0.1584,38.2334
2.7534,78.212,-0.1584,38.2413
2.7555,78.2548,-0.1583,38.2492
2.7575,78.2976,-0.1583,38.257
2.7596,78.3404,-0.1583,38.2649
2.7616,78.3832,-0.1582,38.2727
2.7637,78.4259,-0.1582,38.2804
2.7657,78.4687,-0.1582,38.2881
2.7678,78.5114,-0.1581,38.2958
2.7698,78.5541,-0.1581,38.3035
2.7719,78.5969,-0.158,38.3112
2.7739,78.6396,-0.158,38.3188
2.776,78.6822,-0.158,38.3264
2.778,78.7249,-0.1579,38.3339
2.7801,78.7676,-0.1579,38.3414
2.7821,78.8102,-0.1579,38.3489
2.7842,78.8529,-0.1578,38.3564
2.7862,78.8955,-0.1578,38.3639
2.7883,78.9381,-0.1578,38.3713
2.7903,78.9807,-0.1577,38.3786
2.7924,79.0233,-0.1577,38.386
2.7944,79.0659,-0.1577,38.3933
2.7965,79.1085,-0.1576,38.4006
2.7985,79.151,-0.1576,38.4079
2.8006,79.1936,-0.1575,38.4151
2.8026,79.2361,-0.1575,38.4223
2.8047,79.2786,-0.1575,38.4295
2.8067,79.3211,-0.1574,38.4367
2.8088,79.3636,-0.1574,38.4438
2.8108,79.4061,-0.1574,38.4509
2.8129,79.4486,-0.1573,38.4579
2.8149,79.491,-0.1573,38.465
2.817,79.5335,-0.1572,38.472
2.819,79.5759,-0.1572,38.479
2.8211,79.6183,-0.1572,38.4859
2.8231,79.6607,-0.1571,38.4928
2.8252,79.7031,-0.1571,38.4997
2.8272,79.7455,-0.1571,38.5066
2.8293,79.7879,-0.157,38.5134
2.8313,79.8303,-0.157,38.5202
2.8334,79.8726,-0.1569,38.527
2.8354,79.915,-0.1569,38.5337
2.8375,79.9573,-0.1569,38.5405
2.8395,79.9996,-0.1568,38.5471
2.8416,80.0419,-0.1568,38.5538
2.8436,80.0842,-0.1567,38.5604
2.8457,80.1265,-0.1567,38.567
2.8477,80.1688,-0.1567,38.5736
2.8498,80.211,-0.1566,38.5802
2.8518,80.2533,-0.1566,38.5867
2.8539,80.2955,-0.1565,38.5932
2.8559,80.3377,-0.1565,38.5996
2.858,80.3799,-0.1565,38.606
2.86,80.4221,-0.1564,38.6124
2.8621,80.4643,-0.1564,38.6188
2.8641,80.5065,-0.1563,38.6251
2.8662,80.5487,-0.1563,38.6315
2.8682,80.5908,-0.1563,38.6377
2.8703,80.633,-0.1562,38.644
2.8723,80.6751,-0.1562,38.6502
2.8744,80.7172,-0.1561,38.6564
2.8764,80.7593,-0.1561,38.6626
2.8785,80.8014,-0.1561,38.6687
2.8805,80.8435,-0.156,38.6748
2.8826,80.8856,-0.156,38.6809
2.8846,80.9277,-0.1559,38.687
2.8867,80.9697,-0.1559,38.693
2.8887,81.0118,-0.1559,38.699
2.8908,81.0538,-0.1558,38.7049
2.8928,81.0958,-0.1558,38.7109
2.8949,81.1378,-0.1557,38.7168
2.8969,81.1798,-0.1557,38.7227
2.899,81.2218,-0.1557,38.7285
2.901,81.2638,-0.1556,38.7343
2.9031,81.3057,-0.1556,38.7401
2.9051,81.3477,-0.1555,38.7459
2.9072,81.3896,-0.1555,38.7516
2.9092,81.4315,-0.1554,38.7573
2.9113,81.4735,-0.1554,38.763
2.9133,81.5154,-0.1554,38.7687
2.9154,81.5573,-0.1553,38.7743
2.9174,81.5992,-0.1553,38.7799
2.9195,81.641,-0.1552,38.7854
2.9215,81.6829,-0.1552,38.791
2.9236,81.7247,-0.1551,38.7965
2.9256,81.7666,-0.1551,38.8019
2.9277,81.8084,-0.1551,38.8074
2.9297,81.8502,-0.155,38.8128
2.9318,81.892,-0.155,38.8182
2.9338,81.9338,-0.1549,38.8236
2.9359,81.9756,-0.1549,38.8289
2.9379,82.0174,-0.1548,38.8342
2.94,82.0592,-0.1548,38.8395
2.942,82.1009,-0.1548,38.8447
2.9441,82.1427,-0.1547,38.8499
2.9461,82.1844,-0.1547,38.8551
2.9482,82.2261,-0.1546,38.8603
2.9502,82.2678,-0.1546,38.8654
2.9523,82.3095,-0.1545,38.8705
2.9543,82.3512,-0.1545,38.8756
2.9564,82.3929,-0.1544,38.8806
2.9584,82.4345,-0.1544,38.8856
2.9605,82.4762,-0.1544,38.8906
2.9625,82.5178,-0.1543,38.8956
2.9646,82.5595,-0.1543,38.9005
2.9666,82.6011,-0.1542,38.9054
2.9687,82.6427,-0.1542,38.9103
2.9707,82.6843,-0.1541,38.9151
2.9728,82.7259,-0.1541,38.9199
2.9748,82.7675,-0.154,38.9247
2.9769,82.809,-0.154,38.9294
2.9789,82.8506,-0.1539,38.9342
2.981,82.8922,-0.1539,38.9389
2.983,82.9337,-0.1539,38.9435
2.9851,82.9752,-0.1538,38.9482
2.9871,83.0167,-0.1538,38.9528
2.9892,83.0582,-0.1537,38.9574
2.9912,83.0997,-0.1537,38.9619
2.9933,83.1412,-0.1536,38.9664
2.9953,83.1827,-0.1536,38.9709
2.9974,83.2242,-0.1535,38.9754
2.9994,83.2656,-0.1535,38.9799
3.0015,83.3071,-0.1534,38.9843
3.0035,83.3485,-0.1534,38.9886
3.0056,83.3899,-0.1533,38.993
3.0076,83.4313,-0.1533,38.9973
3.0097,83.4727,-0.1533,39.0016
3.0117,83.5141,-0.1532,39.0059
3.0138,83.5555,-0.1532,39.0101
3.0158,83.5969,-0.1531,39.0143
3.0179,83.6382,-0.1531,39.0185
3.0199,83.6796,-0.153,39.0227
3.022,83.7209,-0.153,39.0268
3.024,83.7622,-0.1529,39.0309
3.0261,83.8035,-0.1529,39.0349
3.0281,83.8449,-0.1528,39.039
3.0302,83.8862,-0.1528,39.043
3.0322,83.9274,-0.1527,39.047
3.0343,83.9687,-0.1527,39.0509
3.0363,84.01,-0.1526,39.0548
3.0384,84.0512,-0.1526,39.0587
3.0404,84.0925,-0.1525,39.0626
3.0425,84.1337,-0.1525,39.0664
3.0445,84.1749,-0.1524,39.0702
3.0466,84.2162,-0.1524,39.074
3.0486,84.2574,-0.1523,39.0778
3.0507,84.2986,-0.1523,39.0815
3.0527,84.3397,-0.1522,39.0852
3.0548,84.3809,-0.1522,39.0888
3.0568,84.4221,-0.1521,39.0925
3.0589,84.4632,-0.1521,39.0961
3.0609,84.5044,-0.1521,39.0996
3.063,84.5455,-0.152,39.1032
3.065,84.5866,-0.152,39.1067
3.0671,84.6278,-0.1519,39.1102
3.0691,84.6689,-0.1519,39.1137
3.0712,84.71,-0.1518,39.1171
3.0732,84.751,-0.1518,39.1205
3.0753,84.7921,-0.1517,39.1239
3.0773,84.8332,-0.1517,39.1272
3.0794,84.8742,-0.1516,39.1305
3.0814,84.9153,-0.1516,39.1338
3.0835,84.9563,-0.1515,39.1371
3.0855,84.9973,-0.1515,39.1403
3.0876,85.0384,-0.1514,39.1435
3.0896,85.0794,-0.1514,39.1467
3.0917,85.1204,-0.1513,39.1499
3.0937,85.1613,-0.1513,39.153
3.0958,85.2023,-0.1512,39.1561
3.0978,85.2433,-0.1512,39.1591
3.0999,85.2842,-0.1511,39.1622
3.1019,85.3252,-0.1511,39.1652
3.104,85.3661,-0.151,39.1681
3.106,85.407,-0.1509,39.1711
3.1081,85.448,-0.1509,39.174
3.1101,85.4889,-0.1508,39.1769
3.1122,85.5298,-0.1508,39.1798
3.1142,85.5707,-0.1507,39.1826
3.1163,85.6115,-0.1507,39.1854
3.1183,85.6524,-0.1506,39.1882
3.1204,85.6933,-0.1506,39.1909
3.1224,85.7341,-0.1505,39.1936
3.1245,85.7749,-0.1505,39.1963
3.1265,85.8158,-0.1504,39.199
3.1286,85.8566,-0.1504,39.2016
3.1306,85.8974,-0.1503,39.2042
3.1327,85.9382,-0.1503,39.2068
3.1347,85.979,-0.1502,39.2093
3.1368,86.0198,-0.1502,39.2119
3.1388,86.0605,-0.1501,39.2143
3.1409,86.1013,-0.1501,39.2168
3.1429,86.1421,-0.15,39.2192
3.145,86.1828,-0.15,39.2216
3.147,86.2235,-0.1499,39.224
3.1491,86.2643,-0.1499,39.2264
3.1511,86.305,-0.1498,39.2287
3.1532,86.3457,-0.1498,39.231
3.1552,86.3864,-0.1497,39.2332
3.1573,86.4271,-0.1496,39.2355
3.1593,86.4677,-0.1496,39.2377
3.1614,86.5084,-0.1495,39.2398
3.1634,86.5491,-0.1495,39.242
3.1655,86.5897,-0.1494,39.2441
3.1675,86.6304,-0.1494,39.2462
3.1696,86.671,-0.1493,39.2482
3.1716,86.7116,-0.1493,39.2503
3.1737,86.7522,-0.1492,39.2523
3.1757,86.7928,-0.1492,39.2543
3.1778,86.8334,-0.1491,39.2562
3.1798,86.874,-0.1491,39.2581
3.1819,86.9146,-0.149,39.26
3.1839,86.9551,-0.149,39.2619
3.186,86.9957,-0.1489,39.2637
3.188,87.0363,-0.1488,39.2655
3.1901,87.0768,-0.1488,39.2673
3.1921,87.1173,-0.1487,39.269
3.1942,87.1578,-0.1487,39.2707
3.1962,87.1983,-0.1486,39.2724
3.1983,87.2389,-0.1486,39.2741
3.2003,87.2793,-0.1485,39.2757
3.2024,87.3198,-0.1485,39.2773
3.2044,87.3603,-0.1484,39.2789
3.2065,87.4008,-0.1484,39.2804
3.2085,87.4412,-0.1483,39.282
3.2106,87.4817,-0.1482,39.2835
3.2126,87.5221,-0.1482,39.2849
3.2147,87.5625,-0.1481,39.2863
3.2167,87.603,-0.1481,39.2878
3.2188,87.6434,-0.148,39.2891
3.2208,87.6838,-0.148,39.2905
3.2229,87.7242,-0.1479,39.2918
3.2249,87.7645,-0.1479,39.2931
3.227,87.8049,-0.1478,39.2943
3.229,87.8453,-0.1477,39.2956
3.2311,87.8856,-0.1477,39.2968
3.2331,87.926,-0.1476,39.298
3.2352,87.9663,-0.1476,39.2991
3.2372,88.0067,-0.1475,39.3002
3.2393,88.047,-0.1475,39.3013
3.2413,88.0873,-0.1474,39.3024
3.2434,88.1276,-0.1474,39.3034
3.2454,88.1679,-0.1473,39.3044
3.2475,88.2082,-0.1472,39.3054
3.2495,88.2484,-0.1472,39.3063
3.2516,88.2887,-0.1471,39.3073
3.2536,88.329,-0.1471,39.3082
3.2557,88.3692,-0.147,39.309
3.2577,88.4095,-0.147,39.3098
3.2598,88.4497,-0.1469,39.3107
3.2618,88.4899,-0.1468,39.3114
3.2639,88.5301,-0.1468,39.3122
3.2659,88.5703,-0.1467,39.3129
3.268,88.6105,-0.1467,39.3136
3.27,88.6507,-0.1466,39.3143
3.2721,88.6909,-0.1466,39.3149
3.2741,88.7311,-0.1465,39.3155
3.2762,88.7713,-0.1465,39.3161
3.2782,88.8114,-0.1464,39.3166
3.2803,88.8516,-0.1463,39.3172
3.2823,88.8917,-0.1463,39.3176
3.2844,88.9318,-0.1462,39.3181
3.2864,88.9719,-0.1462,39.3185
3.2885,89.0121,-0.1461,39.319
3.2905,89.0522,-0.146,39.3193
3.2926,89.0922,-0.146,39.3197
3.2946,89.1323,-0.1459,39.32
3.2967,89.1724,-0.1459,39.3203
3.2987,89.2125,-0.1458,39.3206
3.3008,89.2525,-0.1458,39.3208
3.3028,89.2926,-0.1457,39.321
3.3049,89.3326,-0.1456,39.3212
3.3069,89.3727,-0.1456,39.3213
3.309,89.4127,-0.1455,39.3215
3.311,89.4527,-0.1455,39.3216
3.3131,89.4927,-0.1454,39.3216
3.3151,89.5327,-0.1454,39.3217
3.3172,89.5727,-0.1453,39.3217
3.3192,89.6127,-0.1452,39.3217
3.3213,89.6527,-0.1452,39.3216
3.3233,89.6927,-0.1451,39.3215
3.3254,89.7326,-0.1451,39.3214
3.3274,89.7726,-0.145,39.3213
3.3295,89.8125,-0.1449,39.3211
3.3315,89.8524,-0.1449,39.321
3.3336,89.8924,-0.1448,39.3207
3.3356,89.9323,-0.1448,39.3205
3.3377,89.9722,-0.1447,39.3202
3.3397,90.0121,-0.1446,39.3199
3.3418,90.052,-0.1446,39.3196
3.3438,90.0919,-0.1445,39.3192
3.3459,90.1318,-0.1445,39.3188
3.3479,90.1716,-0.1444,39.3184
3.35,90.2115,-0.1443,39.318
3.352,90.2513,-0.1443,39.3175
3.3541,90.2912,-0.1442,39.317
3.3561,90.331,-0.1442,39.3165
3.3582,90.3708,-0.1441,39.3159
3.3602,90.4107,-0.144,39.3153
3.3623,90.4505,-0.144,39.3147
3.3643,90.4903,-0.1439,39.3141
3.3664,90.5301,-0.1439,39.3134
3.3684,90.5699,-0.1438,39.3127
3.3705,90.6096,-0.1437,39.312
3.3725,90.6494,-0.1437,39.3112
3.3746,90.6892,-0.1436,39.3105
3.3766,90.7289,-0.1436,39.3096
3.3787,90.7687,-0.1435,39.3088
3.3807,90.8084,-0.1434,39.3079
3.3828,90.8481,-0.1434,39.307
3.3848,90.8879,-0.1433,39.3061
3.3869,90.9276,-0.1433,39.3052
3.3889,90.9673,-0.1432,39.3042
3.391,91.007,-0.1431,39.3032
3.393,91.0467,-0.1431,39.3021
3.3951,91.0864,-0.143,39.3011
3.3971,91.126,-0.143,39.3
3.3992,91.1657,-0.1429,39.2988
3.4012,91.2054,-0.1428,39.2977
3.4033,91.245,-0.1428,39.2965
3.4053,91.2847,-0.1427,39.2953
3.4074,91.3243,-0.1427,39.2941
3.4094,91.3639,-0.1426,39.2928
3.4115,91.4035,-0.1425,39.2915
3.4135,91.4432,-0.1425,39.2902
3.4156,91.4828,-0.1424,39.2888
3.4176,91.5224,-0.1423,39.2875
3.4197,91.562,-0.1423,39.2861
3.4217,91.6015,-0.1422,39.2846
3.4238,91.6411,-0.1422,39.2832
3.4258,91.6807,-0.1421,39.2817
3.4279,91.7202,-0.142,39.2801
3.4299,91.7598,-0.142,39.2786
3.432,91.7993,-0.1419,39.277
3.434,91.8389,-0.1419,39.2754
3.4361,91.8784,-0.1418,39.2738
3.4381,91.9179,-0.1417,39.2721
3.4402,91.9574,-0.1417,39.2704
3.4422,91.9969,-0.1416,39.2687
3.4443,92.0364,-0.1415,39.267
3.4463,92.0759,-0.1415,39.2652
3.4484,92.1154,-0.1414,39.2634
3.4504,92.1549,-0.1414,39.2616
3.4525,92.1943,-0.1413,39.2597
3.4545,92.2338,-0.1412,39.2578
3.4566,92.2732,-0.1412,39.2559
3.4586,92.3127,-0.1411,39.254
3.4607,92.3521,-0.141,39.252
3.4627,92.3916,-0.141,39.25
3.4648,92.431,-0.1409,39.248
3.4668,92.4704,-0.1409,39.2459
3.4689,92.5098,-0.1408,39.2438
3.4709,92.5492,-0.1407,39.2417
3.473,92.5886,-0.1407,39.2396
3.475,92.628,-0.1406,39.2374
3.4771,92.6673,-0.1405,39.2352
3.4791,92.7067,-0.1405,39.233
3.4812,92.7461,-0.1404,39.2307
3.4832,92.7854,-0.1404,39.2285
3.4853,92.8248,-0.1403,39.2262
3.4873,92.8641,-0.1402,39.2238
3.4894,92.9034,-0.1402,39.2215
3.4914,92.9428,-0.1401,39.2191
3.4935,92.9821,-0.14,39.2166
3.4955,93.0214,-0.14,39.2142
3.4976,93.0607,-0.1399,39.2117
3.4996,93.1,-0.1398,39.2092
3.5017,93.1393,-0.1398,39.2067
3.5037,93.1786,-0.1397,39.2041
3.5058,93.2178,-0.1397,39.2015
3.5078,93.2571,-0.1396,39.1989
3.5099,93.2964,-0.1395,39.1962
3.5119,93.3356,-0.1395,39.1936
3.514,93.3749,-0.1394,39.1909
3.516,93.4141,-0.1393,39.1881
3.5181,93.4533,-0.1393,39.1854
3.5201,93.4925,-0.1392,39.1826
3.5222,93.5318,-0.1391,39.1798
3.5242,93.571,-0.1391,39.1769
3.5263,93.6102,-0.139,39.1741
3.5283,93.6494,-0.1389,39.1712
3.5304,93.6886,-0.1389,39.1682
3.5324,93.7277,-0.1388,39.1653
3.5345,93.7669,-0.1388,39.1623
3.5365,93.8061,-0.1387,39.1593
3.5386,93.8452,-0.1386,39.1562
3.5406,93.8844,-0.1386,39.1532
3.5427,93.9235,-0.1385,39.1501
3.5447,93.9627,-0.1384,39.1469
3.5468,94.0018,-0.1384,39.1438
3.5488,94.0409,-0.1383,39.1406
3.5509,94.08,-0.1382,39.1374
3.5529,94.1191,-0.1382,39.1342
3.555,94.1582,-0.1381,39.1309
3.557,94.1973,-0.138,39.1276
3.5591,94.2364,-0.138,39.1243
3.5611,94.2755,-0.1379,39.1209
3.5632,94.3146,-0.1378,39.1176
3.5652,94.3536,-0.1378,39.1141
3.5673,94.3927,-0.1377,39.1107
3.5693,94.4318,-0.1376,39.1072
3.5714,94.4708,-0.1376,39.1038
3.5734,94.5098,-0.1375,39.1002
3.5755,94.5489,-0.1375,39.0967
3.5775,94.5879,-0.1374,39.0931
3.5796,94.6269,-0.1373,39.0895
3.5816,94.6659,-0.1373,39.0859
3.5837,94.7049,-0.1372,39.0822
3.5857,94.7439,-0.1371,39.0785
3.5878,94.7829,-0.1371,39.0748
3.5898,94.8219,-0.137,39.0711
3.5919,94.8609,-0.1369,39.0673
3.5939,94.8999,-0.1369,39.0635
3.596,94.9388,-0.1368,39.0597
3.598,94.9778,-0.1367,39.0558
3.6001,95.0167,-0.1367,39.0519
3.6021,95.0557,-0.1366,39.048
3.6042,95.0946,-0.1365,39.0441
3.6062,95.1335,-0.1365,39.0401
3.6083,95.1725,-0.1364,39.0361
3.6103,95.2114,-0.1363,39.0321
3.6124,95.2503,-0.1363,39.0281
3.6144,95.2892,-0.1362,39.024
3.6165,95.3281,-0.1361,39.0199
3.6185,95.367,-0.1361,39.0157
3.6206,95.4059,-0.136,39.0116
3.6226,95.4447,-0.1359,39.0074
3.6247,95.4836,-0.1359,39.0032
3.6267,95.5225,-0.1358,38.9989
3.6288,95.5613,-0.1357,38.9946
3.6308,95.6002,-0.1357,38.9903
3.6329,95.639,-0.1356,38.986
3.6349,95.6779,-0.1355,38.9816
3.637,95.7167,-0.1355,38.9773
3.639,95.7555,-0.1354,38.9728
3.6411,95.7943,-0.1353,38.9684
3.6431,95.8332,-0.1353,38.9639
3.6452,95.872,-0.1352,38.9594
3.6472,95.9108,-0.1351,38.9549
3.6493,95.9495,-0.1351,38.9503
3.6513,95.9883,-0.135,38.9458
3.6534,96.0271,-0.1349,38.9412
3.6554,96.0659,-0.1349,38.9365
3.6575,96.1046,-0.1348,38.9318
3.6595,96.1434,-0.1347,38.9272
3.6616,96.1822,-0.1347,38.9224
3.6636,96.2209,-0.1346,38.9177
3.6657,96.2596,-0.1345,38.9129
3.6677,96.2984,-0.1345,38.9081
3.6698,96.3371,-0.1344,38.9033
3.6718,96.3758,-0.1343,38.8984
3.6739,96.4145,-0.1343,38.8935
3.6759,96.4533,-0.1342,38.8886
3.678,96.492,-0.1341,38.8836
3.68,96.5306,-0.1341,38.8787
3.6821,96.5693,-0.134,38.8737
3.6841,96.608,-0.1339,38.8686
3.6862,96.6467,-0.1339,38.8636
3.6882,96.6854,-0.1338,38.8585
3.6903,96.724,-0.1337,38.8534
3.6923,96.7627,-0.1336,38.8482
3.6944,96.8013,-0.1336,38.8431
3.6964,96.84,-0.1335,38.8379
3.6985,96.8786,-0.1334,38.8326
3.7005,96.9173,-0.1334,38.8274
3.7026,96.9559,-0.1333,38.8221
3.7046,96.9945,-0.1332,38.8168
3.7067,97.0331,-0.1332,38.8115
3.7087,97.0717,-0.1331,38.8061
3.7108,97.1103,-0.133,38.8007
3.7128,97.1489,-0.133,38.7953
3.7149,97.1875,-0.1329,38.7898
3.7169,97.2261,-0.1328,38.7844
3.719,97.2647,-0.1328,38.7789
3.721,97.3032,-0.1327,38.7733
3.7231,97.3418,-0.1326,38.7678
3.7251,97.3804,-0.1326,38.7622
3.7272,97.4189,-0.1325,38.7566
3.7292,97.4575,-0.1324,38.7509
3.7313,97.496,-0.1324,38.7452
3.7333,97.5345,-0.1323,38.7395
3.7354,97.5731,-0.1322,38.7338
3.7374,97.6116,-0.1321,38.7281
3.7395,97.6501,-0.1321,38.7223
3.7415,97.6886,-0.132,38.7165
3.7436,97.7271,-0.1319,38.7106
3.7456,97.7656,-0.1319,38.7048
3.7477,97.8041,-0.1318,38.6989
3.7497,97.8426,-0.1317,38.6929
3.7518,97.8811,-0.1317,38.687
3.7538,97.9195,-0.1316,38.681
3.7559,97.958,-0.1315,38.675
3.7579,97.9965,-0.1315,38.669
3.76,98.0349,-0.1314,38.6629
3.762,98.0734,-0.1313,38.6568
3.7641,98.1118,-0.1312,38.6507
3.7661,98.1503,-0.1312,38.6446
3.7682,98.1887,-0.1311,38.6384
3.7702,98.2271,-0.131,38.6322
3.7723,98.2655,-0.131,38.626
3.7743,98.304,-0.1309,38.6197
3.7764,98.3424,-0.1308,38.6134
3.7784,98.3808,-0.1308,38.6071
3.7805,98.4192,-0.1307,38.6008
3.7825,98.4576,-0.1306,38.5944
3.7846,98.4959,-0.1306,38.588
3.7866,98.5343,-0.1305,38.5816
3.7887,98.5727,-0.1304,38.5751
3.7907,98.6111,-0.1303,38.5687
3.7928,98.6494,-0.1303,38.5622
3.7948,98.6878,-0.1302,38.5556
3.7969,98.7261,-0.1301,38.5491
3.7989,98.7645,-0.1301,38.5425
3.801,98.8028,-0.13,38.5359
3.803,98.8412,-0.1299,38.5292
3.8051,98.8795,-0.1299,38.5225
3.8071,98.9178,-0.1298,38.5158
3.8092,98.9561,-0.1297,38.5091
3.8112,98.9944,-0.1297,38.5024
3.8133,99.0327,-0.1296,38.4956
3.8153,99.071,-0.1295,38.4888
3.8174,99.1093,-0.1294,38.4819
3.8194,99.1476,-0.1294,38.4751
3.8215,99.1859,-0.1293,38.4682
3.8235,99.2242,-0.1292,38.4612
3.8256,99.2625,-0.1292,38.4543
3.8276,99.3007,-0.1291,38.4473
3.8297,99.339,-0.129,38.4403
3.8317,99.3772,-0.129,38.4333
3.8338,99.4155,-0.1289,38.4262
3.8358,99.4537,-0.1288,38.4191
3.8379,99.492,-0.1287,38.412
3.8399,99.5302,-0.1287,38.4049
3.842,99.5684,-0.1286,38.3977
3.844,99.6067,-0.1285,38.3905
3.8461,99.6449,-0.1285,38.3833
3.8481,99.6831,-0.1284,38.376
3.8502,99.7213,-0.1283,38.3687
3.8522,99.7595,-0.1283,38.3614
3.8543,99.7977,-0.1282,38.3541
3.8563,99.8359,-0.1281,38.3467
3.8584,99.8741,-0.128,38.3393
3.8604,99.9122,-0.128,38.3319
3.8625,99.9504,-0.1279,38.3245
3.8645,99.9886,-0.1278,38.317
3.8666,100.0267,-0.1278,38.3095
3.8686,100.0649,-0.1277,38.3019
3.8707,100.103,-0.1276,38.2944
3.8727,100.1412,-0.1275,38.2868
3.8748,100.1793,-0.1275,38.2792
3.8768,100.2175,-0.1274,38.2715
3.8789,100.2556,-0.1273,38.2639
3.8809,100.2937,-0.1273,38.2562
3.883,100.3318,-0.1272,38.2485
3.885,100.3699,-0.1271,38.2407
3.8871,100.408,-0.1271,38.2329
3.8891,100.4462,-0.127,38.2251
3.8912,100.4842,-0.1269,38.2173
3.8932,100.5223,-0.1268,38.2094
3.8953,100.5604,-0.1268,38.2015
3.8973,100.5985,-0.1267,38.1936
3.8994,100.6366,-0.1266,38.1857
3.9014,100.6747,-0.1266,38.1777
3.9035,100.7127,-0.1265,38.1697
3.9055,100.7508,-0.1264,38.1617
3.9076,100.7888,-0.1263,38.1536
3.9096,100.8269,-0.1263,38.1455
3.9117,100.8649,-0.1262,38.1374
3.9137,100.903,-0.1261,38.1293
3.9158,100.941,-0.1261,38.1211
3.9178,100.979,-0.126,38.1129
3.9199,101.0171,-0.1259,38.1047
3.9219,101.0551,-0.1258,38.0964
3.924,101.0931,-0.1258,38.0882
3.926,101.1311,-0.1257,38.0799
3.9281,101.1691,-0.1256,38.0715
3.9301,101.2071,-0.1256,38.0632
3.9322,101.2451,-0.1255,38.0548
3.9342,101.2831,-0.1254,38.0464
3.9363,101.3211,-0.1253,38.0379
3.9383,101.359,-0.1253,38.0295
3.9404,101.397,-0.1252,38.021
3.9424,101.435,-0.1251,38.0124
3.9445,101.4729,-0.1251,38.0039
3.9465,101.5109,-0.125,37.9953
3.9486,101.5489,-0.1249,37.9867
3.9506,101.5868,-0.1248,37.9781
3.9527,101.6247,-0.1248,37.9694
3.9547,101.6627,-0.1247,37.9607
3.9568,101.7006,-0.1246,37.952
3.9588,101.7385,-0.1246,37.9433
3.9609,101.7765,-0.1245,37.9345
3.9629,101.8144,-0.1244,37.9257
3.965,101.8523,-0.1243,37.9169
3.967,101.8902,-0.1243,37.908
3.9691,101.9281,-0.1242,37.8991
3.9711,101.966,-0.1241,37.8902
3.9732,102.0039,-0.1241,37.8813
3.9752,102.0418,-0.124,37.8723
3.9773,102.0797,-0.1239,37.8633
3.9793,102.1175,-0.1238,37.8543
3.9814,102.1554,-0.1238,37.8453
3.9834,102.1933,-0.1237,37.8362
3.9855,102.2311,-0.1236,37.8271
3.9875,102.269,-0.1236,37.8179
3.9896,102.3069,-0.1235,37.8088
3.9916,102.3447,-0.1234,37.7996
3.9937,102.3826,-0.1233,37.7904
3.9957,102.4204,-0.1233,37.7812
3.9978,102.4582,-0.1232,37.7719
3.9998,102.4961,-0.1231,37.7626
4.0019,102.5339,-0.1231,37.7533
4.0039,102.5717,-0.123,37.7439
4.006,102.6095,-0.1229,37.7346
4.008,102.6473,-0.1228,37.7251
4.0101,102.6851,-0.1228,37.7157
4.0121,102.7229,-0.1227,37.7063
4.0142,102.7607,-0.1226,37.6968
4.0162,102.7985,-0.1226,37.6873
4.0183,102.8363,-0.1225,37.6777
4.0203,102.8741,-0.1224,37.6681
4.0224,102.9119,-0.1223,37.6586
4.0244,102.9496,-0.1223,37.6489
4.0265,102.9874,-0.1222,37.6393
4.0285,103.0252,-0.1221,37.6296
4.0306,103.0629,-0.122,37.6199
4.0326,103.1007,-0.122,37.6102
4.0347,103.1384,-0.1219,37.6004
4.0367,103.1762,-0.1218,37.5906
4.0388,103.2139,-0.1218,37.5808
4.0408,103.2517,-0.1217,37.571
4.0429,103.2894,-0.1216,37.5611
4.0449,103.3271,-0.1215,37.5512
4.047,103.3648,-0.1215,37.5413
4.049,103.4025,-0.1214,37.5313
4.0511,103.4403,-0.1213,37.5213
4.0531,103.478,-0.1213,37.5113
4.0552,103.5157,-0.1212,37.5013
4.0572,103.5534,-0.1211,37.4912
4.0593,103.5911,-0.121,37.4812
4.0613,103.6288,-0.121,37.471
4.0634,103.6664,-0.1209,37.4609
4.0654,103.7041,-0.1208,37.4507
4.0675,103.7418,-0.1207,37.4405
4.0695,103.7795,-0.1207,37.4303
4.0716,103.8171,-0.1206,37.42
4.0736,103.8548,-0.1205,37.4098
4.0757,103.8925,-0.1205,37.3995
4.0777,103.9301,-0.1204,37.3891
4.0798,103.9678,-0.1203,37.3788
4.0818,104.0054,-0.1202,37.3684
4.0839,104.043,-0.1202,37.358
4.0859,104.0807,-0.1201,37.3475
4.088,104.1183,-0.12,37.337
4.09,104.1559,-0.12,37.3266
4.0921,104.1936,-0.1199,37.316
4.0941,104.2312,-0.1198,37.3055
4.0962,104.2688,-0.1197,37.2949
4.0982,104.3064,-0.1197,37.2843
4.1003,104.344,-0.1196,37.2737
4.1023,104.3816,-0.1195,37.263
4.1044,104.4192,-0.1194,37.2523
4.1064,104.4568,-0.1194,37.2416
4.1085,104.4944,-0.1193,37.2308
4.1105,104.532,-0.1192,37.2201
4.1126,104.5695,-0.1192,37.2093
4.1146,104.6071,-0.1191,37.1984
4.1167,104.6447,-0.119,37.1876
4.1187,104.6823,-0.1189,37.1767
4.1208,104.7198,-0.1189,37.1658
4.1228,104.7574,-0.1188,37.1549
4.1249,104.7949,-0.1187,37.1439
4.1269,104.8325,-0.1186,37.1329
4.129,104.87,-0.1186,37.1219
4.131,104.9076,-0.1185,37.1109
4.1331,104.9451,-0.1184,37.0998
4.1351,104.9826,-0.1184,37.0887
4.1372,105.0202,-0.1183,37.0776
4.1392,105.0577,-0.1182,37.0664
4.1413,105.0952,-0.1181,37.0552
4.1433,105.1327,-0.1181,37.044
4.1454,105.1702,-0.118,37.0328
4.1474,105.2077,-0.1179,37.0215
4.1495,105.2452,-0.1178,37.0103
4.1515,105.2827,-0.1178,36.9989
4.1536,105.3202,-0.1177,36.9876
4.1556,105.3577,-0.1176,36.9762
4.1577,105.3952,-0.1176,36.9648
4.1597,105.4327,-0.1175,36.9534
4.1618,105.4702,-0.1174,36.942
4.1638,105.5076,-0.1173,36.9305
4.1659,105.5451,-0.1173,36.919
4.1679,105.5826,-0.1172,36.9074
4.17,105.62,-0.1171,36.8959
4.172,105.6575,-0.117,36.8843
4.1741,105.6949,-0.117,36.8727
4.1761,105.7324,-0.1169,36.8611
4.1782,105.7698,-0.1168,36.8494
4.1802,105.8073,-0.1168,36.8377
4.1823,105.8447,-0.1167,36.826
4.1843,105.8821,-0.1166,36.8142
4.1864,105.9196,-0.1165,36.8024
4.1884,105.957,-0.1165,36.7906
4.1905,105.9944,-0.1164,36.7788
4.1925,106.0318,-0.1163,36.7669
4.1946,106.0692,-0.1162,36.7551
4.1966,106.1066,-0.1162,36.7432
4.1987,106.1441,-0.1161,36.7312
4.2007,106.1815,-0.116,36.7192
4.2028,106.2189,-0.116,36.7073
4.2048,106.2562,-0.1159,36.6952
4.2069,106.2936,-0.1158,36.6832
4.2089,106.331,-0.1157,36.6711
4.211,106.3684,-0.1157,36.659
4.213,106.4058,-0.1156,36.6469
4.2151,106.4431,-0.1155,36.6347
4.2171,106.4805,-0.1154,36.6225
4.2192,106.5179,-0.1154,36.6103
4.2212,106.5552,-0.1153,36.5981
4.2233,106.5926,-0.1152,36.5858
4.2253,106.63,-0.1152,36.5735
4.2274,106.6673,-0.1151,36.5612
4.2294,106.7047,-0.115,36.5489
4.2315,106.742,-0.1149,36.5365
4.2335,106.7793,-0.1149,36.5241
4.2356,106.8167,-0.1148,36.5117
4.2376,106.854,-0.1147,36.4992
4.2397,106.8913,-0.1146,36.4868
4.2417,106.9286,-0.1146,36.4743
4.2438,106.966,-0.1145,36.4617
4.2458,107.0033,-0.1144,36.4492
4.2479,107.0406,-0.1144,36.4366
4.2499,107.0779,-0.1143,36.424
4.252,107.1152,-0.1142,36.4113
4.254,107.1525,-0.1141,36.3986
4.2561,107.1898,-0.1141,36.3859
4.2581,107.2271,-0.114,36.3732
4.2602,107.2644,-0.1139,36.3605
4.2622,107.3017,-0.1138,36.3477
4.2643,107.339,-0.1138,36.3349
4.2663,107.3762,-0.1137,36.3221
4.2684,107.4135,-0.1136,36.3092
4.2704,107.4508,-0.1136,36.2963
4.2725,107.488,-0.1135,36.2834
4.2745,107.5253,-0.1134,36.2705
4.2766,107.5626,-0.1133,36.2575
4.2786,107.5998,-0.1133,36.2445
4.2807,107.6371,-0.1132,36.2315
4.2827,107.6743,-0.1131,36.2185
4.2848,107.7116,-0.113,36.2054
4.2868,107.7488,-0.113,36.1923
4.2889,107.786,-0.1129,36.1792
4.2909,107.8233,-0.1128,36.166
4.293,107.8605,-0.1128,36.1528
4.295,107.8977,-0.1127,36.1396
4.2971,107.935,-0.1126,36.1264
4.2991,107.9722,-0.1125,36.1131
4.3012,108.0094,-0.1125,36.0998
4.3032,108.0466,-0.1124,36.0865
4.3053,108.0838,-0.1123,36.0732
4.3073,108.121,-0.1122,36.0598
4.3094,108.1582,-0.1122,36.0464
4.3114,108.1954,-0.1121,36.033
4.3135,108.2326,-0.112,36.0195
4.3155,108.2698,-0.112,36.0061
4.3176,108.307,-0.1119,35.9926
4.3196,108.3442,-0.1118,35.979
4.3217,108.3814,-0.1117,35.9655
4.3237,108.4185,-0.1117,35.9519
4.3258,108.4557,-0.1116,35.9383
4.3278,108.4929,-0.1115,35.9246
4.3299,108.5301,-0.1114,35.911
4.3319,108.5672,-0.1114,35.8973
4.334,108.6044,-0.1113,35.8836
4.336,108.6415,-0.1112,35.8698
4.3381,108.6787,-0.1112,35.8561
4.3401,108.7158,-0.1111,35.8423
4.3422,108.753,-0.111,35.8284
4.3442,108.7901,-0.1109,35.8146
4.3463,108.8273,-0.1109,35.8007
4.3483,108.8644,-0.1108,35.7868
4.3504,108.9015,-0.1107,35.7729
4.3524,108.9387,-0.1106,35.7589
4.3545,108.9758,-0.1106,35.7449
4.3565,109.0129,-0.1105,35.7309
4.3586,109.05,-0.1104,35.7169
4.3606,109.0871,-0.1104,35.7028
4.3627,109.1243,-0.1103,35.6887
4.3647,109.1614,-0.1102,35.6746
4.3668,109.1985,-0.1101,35.6604
4.3688,109.2356,-0.1101,35.6463
4.3709,109.2727,-0.11,35.6321
4.3729,109.3098,-0.1099,35.6178
4.375,109.3469,-0.1098,35.6036
4.377,109.384,-0.1098,35.5893
4.3791,109.421,-0.1097,35.575
4.3811,109.4581,-0.1096,35.5607
4.3832,109.4952,-0.1096,35.5463
4.3852,109.5323,-0.1095,35.5319
4.3873,109.5693,-0.1094,35.5175
4.3893,109.6064,-0.1093,35.5031
4.3914,109.6435,-0.1093,35.4886
4.3934,109.6805,-0.1092,35.4741
4.3955,109.7176,-0.1091,35.4596
4.3975,109.7547,-0.109,35.445
4.3996,109.7917,-0.109,35.4305
4.4016,109.8288,-0.1089,35.4159
4.4037,109.8658,-0.1088,35.4012
4.4057,109.9029,-0.1088,35.3866
4.4078,109.9399,-0.1087,35.3719
4.4098,109.9769,-0.1086,35.3572
4.4119,110.014,-0.1085,35.3425
4.4139,110.051,-0.1085,35.3277
4.416,110.088,-0.1084,35.3129
4.418,110.1251,-0.1083,35.2981
4.4201,110.1621,-0.1082,35.2833
4.4221,110.1991,-0.1082,35.2684
4.4242,110.2361,-0.1081,35.2535
4.4262,110.2731,-0.108,35.2386
4.4283,110.3101,-0.108,35.2236
4.4303,110.3471,-0.1079,35.2087
4.4324,110.3841,-0.1078,35.1937
4.4344,110.4211,-0.1077,35.1786
4.4365,110.4581,-0.1077,35.1636
4.4385,110.4951,-0.1076,35.1485
4.4406,110.5321,-0.1075,35.1334
4.4426,110.5691,-0.1075,35.1183
4.4447,110.6061,-0.1074,35.1031
4.4467,110.6431,-0.1073,35.0879
4.4488,110.6801,-0.1072,35.0727
4.4508,110.717,-0.1072,35.0575
4.4529,110.754,-0.1071,35.0422
4.4549,110.791,-0.107,35.0269
4.457,110.8279,-0.1069,35.0116
4.459,110.8649,-0.1069,34.9962
4.4611,110.9019,-0.1068,34.9809
4.4631,110.9388,-0.1067,34.9655
4.4652,110.9758,-0.1067,34.95
4.4672,111.0127,-0.1066,34.9346
4.4693,111.0497,-0.1065,34.9191
4.4713,111.0866,-0.1064,34.9036
4.4734,111.1236,-0.1064,34.8881
4.4754,111.1605,-0.1063,34.8725
4.4775,111.1974,-0.1062,34.8569
4.4795,111.2344,-0.1062,34.8413
4.4816,111.2713,-0.1061,34.8257
4.4836,111.3082,-0.106,34.81
4.4857,111.3452,-0.1059,34.7943
4.4877,111.3821,-0.1059,34.7786
4.4898,111.419,-0.1058,34.7629
4.4918,111.4559,-0.1057,34.7471
4.4939,111.4928,-0.1056,34.7313
4.4959,111.5297,-0.1056,34.7155
4.498,111.5666,-0.1055,34.6996
4.5,111.6036,-0.1054,34.6838
4.5021,111.6405,-0.1054,34.6679
4.5041,111.6774,-0.1053,34.6519
4.5062,111.7143,-0.1052,34.636
4.5082,111.7511,-0.1051,34.62
4.5103,111.788,-0.1051,34.604
4.5123,111.8249,-0.105,34.5879
4.5144,111.8618,-0.1049,34.5719
4.5164,111.8987,-0.1049,34.5558
4.5185,111.9356,-0.1048,34.5397
4.5205,111.9724,-0.1047,34.5235
4.5226,112.0093,-0.1046,34.5074
4.5246,112.0462,-0.1046,34.4912
4.5267,112.0831,-0.1045,34.475
4.5287,112.1199,-0.1044,34.4587
4.5308,112.1568,-0.1044,34.4424
4.5328,112.1936,-0.1043,34.4261
4.5349,112.2305,-0.1042,34.4098
4.5369,112.2674,-0.1041,34.3935
4.539,112.3042,-0.1041,34.3771
4.541,112.3411,-0.104,34.3607
4.5431,112.3779,-0.1039,34.3443
4.5451,112.4147,-0.1039,34.3278
4.5472,112.4516,-0.1038,34.3113
4.5492,112.4884,-0.1037,34.2948
4.5513,112.5253,-0.1036,34.2783
4.5533,112.5621,-0.1036,34.2617
4.5554,112.5989,-0.1035,34.2451
4.5574,112.6358,-0.1034,34.2285
4.5595,112.6726,-0.1034,34.2119
4.5615,112.7094,-0.1033,34.1952
4.5636,112.7462,-0.1032,34.1785
4.5656,112.783,-0.1031,34.1618
4.5677,112.8199,-0.1031,34.145
4.5697,112.8567,-0.103,34.1283
4.5718,112.8935,-0.1029,34.1115
4.5738,112.9303,-0.1029,34.0946
4.5759,112.9671,-0.1028,34.0778
4.5779,113.0039,-0.1027,34.0609
4.58,113.0407,-0.1026,34.044
4.582,113.0775,-0.1026,34.0271
4.5841,113.1143,-0.1025,34.0101
4.5861,113.1511,-0.1024,33.9931
4.5882,113.1879,-0.1024,33.9761
4.5902,113.2246,-0.1023,33.9591
4.5923,113.2614,-0.1022,33.942
4.5943,113.2982,-0.1021,33.9249
4.5964,113.335,-0.1021,33.9078
4.5984,113.3718,-0.102,33.8907
4.6005,113.4085,-0.1019,33.8735
4.6025,113.4453,-0.1019,33.8563
4.6046,113.4821,-0.1018,33.8391
4.6066,113.5188,-0.1017,33.8219
4.6087,113.5556,-0.1016,33.8046
4.6107,113.5924,-0.1016,33.7873
4.6128,113.6291,-0.1015,33.77
4.6148,113.6659,-0.1014,33.7526
4.6169,113.7026,-0.1014,33.7352
4.6189,113.7394,-0.1013,33.7178
4.621,113.7761,-0.1012,33.7004
4.623,113.8129,-0.1011,33.683
4.6251,113.8496,-0.1011,33.6655
4.6271,113.8863,-0.101,33.648
4.6292,113.9231,-0.1009,33.6304
4.6312,113.9598,-0.1009,33.6129
4.6333,113.9966,-0.1008,33.5953
4.6353,114.0333,-0.1007,33.5777
4.6374,114.07,-0.1007,33.56
4.6394,114.1067,-0.1006,33.5424
4.6415,114.1435,-0.1005,33.5247
4.6435,114.1802,-0.1004,33.507
4.6456,114.2169,-0.1004,33.4892
4.6476,114.2536,-0.1003,33.4714
4.6497,114.2903,-0.1002,33.4537
4.6517,114.327,-0.1002,33.4358
4.6538,114.3638,-0.1001,33.418
4.6558,114.4005,-0.1,33.4001
4.6579,114.4372,-0.0999,33.3822
4.6599,114.4739,-0.0999,33.3643
4.662,114.5106,-0.0998,33.3463
4.664,114.5473,-0.0997,33.3284
4.6661,114.584,-0.0997,33.3104
4.6681,114.6207,-0.0996,33.2923
4.6702,114.6573,-0.0995,33.2743
4.6722,114.694,-0.0995,33.2562
4.6743,114.7307,-0.0994,33.2381
4.6763,114.7674,-0.0993,33.2199
4.6784,114.8041,-0.0992,33.2018
4.6804,114.8408,-0.0992,33.1836
4.6825,114.8774,-0.0991,33.1654
4.6845,114.9141,-0.099,33.1471
4.6866,114.9508,-0.099,33.1289
4.6886,114.9875,-0.0989,33.1106
4.6907,115.0241,-0.0988,33.0923
4.6927,115.0608,-0.0988,33.0739
4.6948,115.0975,-0.0987,33.0556
4.6968,115.1341,-0.0986,33.0372
4.6989,115.1708,-0.0985,33.0188
4.7009,115.2074,-0.0985,33.0003
4.703,115.2441,-0.0984,32.9818
4.705,115.2807,-0.0983,32.9633
4.7071,115.3174,-0.0983,32.9448
4.7091,115.354,-0.0982,32.9263
4.7112,115.3907,-0.0981,32.9077
4.7132,115.4273,-0.0981,32.8891
4.7153,115.464,-0.098,32.8705
4.7173,115.5006,-0.0979,32.8518
4.7194,115.5372,-0.0978,32.8331
4.7214,115.5739,-0.0978,32.8144
4.7235,115.6105,-0.0977,32.7957
4.7255,115.6471,-0.0976,32.7769
4.7276,115.6838,-0.0976,32.7581
4.7296,115.7204,-0.0975,32.7393
4.7317,115.757,-0.0974,32.7205
4.7337,115.7936,-0.0974,32.7016
4.7358,115.8303,-0.0973,32.6828
4.7378,115.8669,-0.0972,32.6638
4.7399,115.9035,-0.0972,32.6449
4.7419,115.9401,-0.0971,32.6259
4.744,115.9767,-0.097,32.6069
4.746,116.0133,-0.0969,32.5879
4.7481,116.0499,-0.0969,32.5689
4.7501,116.0866,-0.0968,32.5498
4.7522,116.1232,-0.0967,32.5307
4.7542,116.1598,-0.0967,32.5116
4.7563,116.1964,-0.0966,32.4925
4.7583,116.233,-0.0965,32.4733
4.7604,116.2695,-0.0965,32.4541
4.7624,116.3061,-0.0964,32.4349
4.7645,116.3427,-0.0963,32.4156
4.7665,116.3793,-0.0963,32.3963
4.7686,116.4159,-0.0962,32.377
4.7706,116.4525,-0.0961,32.3577
4.7727,116.4891,-0.096,32.3384
4.7747,116.5257,-0.096,32.319
4.7768,116.5622,-0.0959,32.2996
4.7788,116.5988,-0.0958,32.2801
4.7809,116.6354,-0.0958,32.2607
4.7829,116.672,-0.0957,32.2412
4.785,116.7085,-0.0956,32.2217
4.787,116.7451,-0.0956,32.2022
4.7891,116.7817,-0.0955,32.1826
4.7911,116.8182,-0.0954,32.163
4.7932,116.8548,-0.0954,32.1434
4.7952,116.8914,-0.0953,32.1238
4.7973,116.9279,-0.0952,32.1041
4.7993,116.9645,-0.0952,32.0844
4.8014,117.001,-0.0951,32.0647
4.8034,117.0376,-0.095,32.045
4.8055,117.0741,-0.0949,32.0252
4.8075,117.1107,-0.0949,32.0054
4.8096,117.1472,-0.0948,31.9856
4.8116,117.1838,-0.0947,31.9658
4.8137,117.2203,-0.0947,31.9459
4.8157,117.2569,-0.0946,31.926
4.8178,117.2934,-0.0945,31.9061
4.8198,117.33,-0.0945,31.8861
4.8219,117.3665,-0.0944,31.8662
4.8239,117.403,-0.0943,31.8462
4.826,117.4396,-0.0943,31.8262
4.828,117.4761,-0.0942,31.8061
4.8301,117.5126,-0.0941,31.786
4.8321,117.5491,-0.0941,31.7659
4.8342,117.5857,-0.094,31.7458
4.8362,117.6222,-0.0939,31.7257
4.8383,117.6587,-0.0939,31.7055
4.8403,117.6952,-0.0938,31.6853
4.8424,117.7318,-0.0937,31.6651
4.8444,117.7683,-0.0937,31.6448
4.8465,117.8048,-0.0936,31.6245
4.8485,117.8413,-0.0935,31.6042
4.8506,117.8778,-0.0934,31.5839
4.8526,117.9143,-0.0934,31.5635
4.8547,117.9508,-0.0933,31.5432
4.8567,117.9873,-0.0932,31.5228
4.8588,118.0238,-0.0932,31.5023
4.8608,118.0604,-0.0931,31.4819
4.8629,118.0969,-0.093,31.4614
4.8649,118.1334,-0.093,31.4409
4.867,118.1698,-0.0929,31.4204
4.869,118.2063,-0.0928,31.3998
4.8711,118.2428,-0.0928,31.3792
4.8731,118.2793,-0.0927,31.3586
4.8752,118.3158,-0.0926,31.338
4.8772,118.3523,-0.0926,31.3173
4.8793,118.3888,-0.0925,31.2966
4.8813,118.4253,-0.0924,31.2759
4.8834,118.4618,-0.0924,31.2552
4.8854,118.4982,-0.0923,31.2344
4.8875,118.5347,-0.0922,31.2136
4.8895,118.5712,-0.0922,31.1928
4.8916,118.6077,-0.0921,31.172
4.8936,118.6442,-0.092,31.1511
4.8957,118.6806,-0.092,31.1302
4.8977,118.7171,-0.0919,31.1093
4.8998,118.7536,-0.0918,31.0883
4.9018,118.79,-0.0918,31.0674
4.9039,118.8265,-0.0917,31.0464
4.9059,118.863,-0.0916,31.0254
4.908,118.8994,-0.0916,31.0043
4.91,118.9359,-0.0915,30.9833
4.9121,118.9724,-0.0914,30.9622
4.9141,119.0088,-0.0914,30.941
4.9162,119.0453,-0.0913,30.9199
4.9182,119.0817,-0.0912,30.8987
4.9203,119.1182,-0.0912,30.8775
4.9223,119.1546,-0.0911,30.8563
4.9244,119.1911,-0.091,30.8351
4.9264,119.2276,-0.091,30.8138
4.9285,119.264,-0.0909,30.7925
4.9305,119.3004,-0.0908,30.7712
4.9326,119.3369,-0.0908,30.7498
4.9346,119.3733,-0.0907,30.7284
4.9367,119.4098,-0.0906,30.707
4.9387,119.4462,-0.0906,30.6856
4.9408,119.4827,-0.0905,30.6642
4.9428,119.5191,-0.0904,30.6427
4.9449,119.5555,-0.0904,30.6212
4.9469,119.592,-0.0903,30.5997
4.949,119.6284,-0.0902,30.5781
4.951,119.6648,-0.0902,30.5565
4.9531,119.7013,-0.0901,30.5349
4.9551,119.7377,-0.09,30.5133
4.9572,119.7741,-0.09,30.4917
4.9592,119.8105,-0.0899,30.47
4.9613,119.847,-0.0898,30.4483
4.9633,119.8834,-0.0898,30.4266
4.9654,119.9198,-0.0897,30.4048
4.9674,119.9562,-0.0897,30.383
4.9695,119.9926,-0.0896,30.3612
4.9715,120.0291,-0.0895,30.3394
4.9736,120.0655,-0.0895,30.3175
4.9756,120.1019,-0.0894,30.2957
4.9777,120.1383,-0.0893,30.2738
4.9797,120.1747,-0.0893,30.2518
4.9818,120.2111,-0.0892,30.2299
4.9838,120.2475,-0.0891,30.2079
4.9859,120.2839,-0.0891,30.1859
4.9879,120.3203,-0.089,30.1638
4.99,120.3567,-0.0889,30.1418
4.992,120.3932,-0.0889,30.1197
4.9941,120.4296,-0.0888,30.0976
4.9961,120.466,-0.0887,30.0755
4.9982,120.5023,-0.0887,30.0533
5.0002,120.5387,-0.0886,30.0311
5.0023,120.5751,-0.0885,30.0089
5.0043,120.6115,-0.0885,29.9867
5.0064,120.6479,-0.0884,29.9644
5.0084,120.6843,-0.0883,29.9421
5.0105,120.7207,-0.0883,29.9198
5.0125,120.7571,-0.0882,29.8975
5.0146,120.7935,-0.0882,29.8752
5.0166,120.8299,-0.0881,29.8528
5.0187,120.8663,-0.088,29.8304
5.0207,120.9026,-0.088,29.8079
5.0228,120.939,-0.0879,29.7855
5.0248,120.9754,-0.0878,29.763
5.0269,121.0118,-0.0878,29.7405
5.0289,121.0482,-0.0877,29.7179
5.031,121.0845,-0.0876,29.6954
5.033,121.1209,-0.0876,29.6728
5.0351,121.1573,-0.0875,29.6502
5.0371,121.1937,-0.0874,29.6276
5.0392,121.23,-0.0874,29.6049
5.0412,121.2664,-0.0873,29.5822
5.0433,121.3028,-0.0873,29.5595
5.0453,121.3391,-0.0872,29.5368
5.0474,121.3755,-0.0871,29.514
5.0494,121.4119,-0.0871,29.4912
5.0515,121.4482,-0.087,29.4684
5.0535,121.4846,-0.0869,29.4456
5.0556,121.521,-0.0869,29.4227
5.0576,121.5573,-0.0868,29.3998
5.0597,121.5937,-0.0867,29.3769
5.0617,121.63,-0.0867,29.354
5.0638,121.6664,-0.0866,29.331
5.0658,121.7028,-0.0866,29.308
5.0679,121.7391,-0.0865,29.285
5.0699,121.7755,-0.0864,29.262
5.072,121.8118,-0.0864,29.2389
5.074,121.8482,-0.0863,29.2158
5.0761,121.8845,-0.0862,29.1927
5.0781,121.9209,-0.0862,29.1696
5.0802,121.9572,-0.0861,29.1464
5.0822,121.9936,-0.086,29.1233
5.0843,122.0299,-0.086,29.1
5.0863,122.0662,-0.0859,29.0768
5.0884,122.1026,-0.0859,29.0536
5.0904,122.1389,-0.0858,29.0303
5.0925,122.1753,-0.0857,29.007
5.0945,122.2116,-0.0857,28.9836
5.0966,122.248,-0.0856,28.9603
5.0986,122.2843,-0.0855,28.9369
5.1007,122.3206,-0.0855,28.9135
5.1027,122.357,-0.0854,28.89
5.1048,122.3933,-0.0854,28.8666
5.1068,122.4296,-0.0853,28.8431
5.1089,122.466,-0.0852,28.8196
5.1109,122.5023,-0.0852,28.7961
5.113,122.5386,-0.0851,28.7725
5.115,122.5749,-0.085,28.7489
5.1171,122.6113,-0.085,28.7253
5.1191,122.6476,-0.0849,28.7017
5.1212,122.6839,-0.0849,28.678
5.1232,122.7202,-0.0848,28.6543
5.1253,122.7566,-0.0847,28.6306
5.1273,122.7929,-0.0847,28.6069
5.1294,122.8292,-0.0846,28.5831
5.1314,122.8655,-0.0845,28.5594
5.1335,122.9019,-0.0845,28.5356
5.1355,122.9382,-0.0844,28.5117
5.1376,122.9745,-0.0844,28.4879
5.1396,123.0108,-0.0843,28.464
5.1417,123.0471,-0.0842,28.4401
5.1437,123.0834,-0.0842,28.4162
5.1458,123.1197,-0.0841,28.3922
5.1478,123.1561,-0.084,28.3682
5.1499,123.1924,-0.084,28.3442
5.1519,123.2287,-0.0839,28.3202
5.154,123.265,-0.0839,28.2961
5.156,123.3013,-0.0838,28.2721
5.1581,123.3376,-0.0837,28.248
5.1601,123.3739,-0.0837,28.2238
5.1622,123.4102,-0.0836,28.1997
5.1642,123.4465,-0.0836,28.1755
5.1663,123.4828,-0.0835,28.1513
5.1683,123.5191,-0.0834,28.1271
5.1704,123.5554,-0.0834,28.1028
5.1724,123.5917,-0.0833,28.0785
5.1745,123.628,-0.0833,28.0542
5.1765,123.6643,-0.0832,28.0299
5.1786,123.7006,-0.0831,28.0056
5.1806,123.7369,-0.0831,27.9812
5.1827,123.7732,-0.083,27.9568
5.1847,123.8095,-0.0829,27.9324
5.1868,123.8458,-0.0829,27.9079
5.1888,123.8821,-0.0828,27.8834
5.1909,123.9184,-0.0828,27.8589
5.1929,123.9547,-0.0827,27.8344
5.195,123.991,-0.0826,27.8099
5.197,124.0272,-0.0826,27.7853
5.1991,124.0635,-0.0825,27.7607
5.2011,124.0998,-0.0825,27.7361
5.2032,124.1361,-0.0824,27.7114
5.2052,124.1724,-0.0823,27.6868
5.2073,124.2087,-0.0823,27.6621
5.2093,124.245,-0.0822,27.6374
5.2114,124.2812,-0.0822,27.6126
5.2134,124.3175,-0.0821,27.5879
5.2155,124.3538,-0.082,27.5631
5.2175,124.3901,-0.082,27.5382
5.2196,124.4264,-0.0819,27.5134
5.2216,124.4626,-0.0819,27.4885
5.2237,124.4989,-0.0818,27.4636
5.2257,124.5352,-0.0817,27.4387
5.2278,124.5715,-0.0817,27.4138
5.2298,124.6077,-0.0816,27.3888
5.2319,124.644,-0.0816,27.3638
5.2339,124.6803,-0.0815,27.3388
5.236,124.7166,-0.0814,27.3138
5.238,124.7528,-0.0814,27.2887
5.2401,124.7891,-0.0813,27.2636
5.2421,124.8254,-0.0813,27.2385
5.2442,124.8616,-0.0812,27.2134
5.2462,124.8979,-0.0812,27.1882
5.2483,124.9342,-0.0811,27.163
5.2503,124.9705,-0.081,27.1378
5.2524,125.0067,-0.081,27.1126
5.2544,125.043,-0.0809,27.0873
5.2565,125.0793,-0.0809,27.0621
5.2585,125.1155,-0.0808,27.0368
5.2606,125.1518,-0.0807,27.0114
5.2626,125.188,-0.0807,26.9861
5.2647,125.2243,-0.0806,26.9607
5.2667,125.2606,-0.0806,26.9353
5.2688,125.2968,-0.0805,26.9099
5.2708,125.3331,-0.0804,26.8844
5.2729,125.3693,-0.0804,26.8589
5.2749,125.4056,-0.0803,26.8334
5.277,125.4419,-0.0803,26.8079
5.279,125.4781,-0.0802,26.7824
5.2811,125.5144,-0.0802,26.7568
5.2831,125.5506,-0.0801,26.7312
5.2852,125.5869,-0.08,26.7056
5.2872,125.6231,-0.08,26.6799
5.2893,125.6594,-0.0799,26.6542
5.2913,125.6956,-0.0799,26.6286
5.2934,125.7319,-0.0798,26.6028
5.2954,125.7681,-0.0797,26.5771
5.2975,125.8044,-0.0797,26.5513
5.2995,125.8406,-0.0796,26.5255
5.3016,125.8769,-0.0796,26.4997
5.3036,125.9131,-0.0795,26.4739
5.3057,125.9494,-0.0795,26.448
5.3077,125.9856,-0.0794,26.4221
5.3098,126.0219,-0.0793,26.3962
5.3118,126.0581,-0.0793,26.3703
5.3139,126.0944,-0.0792,26.3443
5.3159,126.1306,-0.0792,26.3183
5.318,126.1669,-0.0791,26.2923
5.32,126.2031,-0.0791,26.2663
5.3221,126.2394,-0.079,26.2402
5.3241,126.2756,-0.0789,26.2141
5.3262,126.3118,-0.0789,26.188
5.3282,126.3481,-0.0788,26.1619
5.3303,126.3843,-0.0788,26.1357
5.3323,126.4206,-0.0787,26.1095
5.3344,126.4568,-0.0787,26.0833
5.3364,126.493,-0.0786,26.0571
5.3385,126.5293,-0.0785,26.0309
5.3405,126.5655,-0.0785,26.0046
5.3426,126.6018,-0.0784,25.9783
5.3446,126.638,-0.0784,25.952
5.3467,126.6742,-0.0783,25.9256
5.3487,126.7105,-0.0783,25.8992
5.3508,126.7467,-0.0782,25.8728
5.3528,126.7829,-0.0782,25.8464
5.3549,126.8192,-0.0781,25.82
5.3569,126.8554,-0.078,25.7935
5.359,126.8916,-0.078,25.767
5.361,126.9279,-0.0779,25.7405
5.3631,126.9641,-0.0779,25.714
5.3651,127.0003,-0.0778,25.6874
5.3672,127.0366,-0.0778,25.6608
5.3692,127.0728,-0.0777,25.6342
5.3713,127.109,-0.0776,25.6075
5.3733,127.1452,-0.0776,25.5809
5.3754,127.1815,-0.0775,25.5542
5.3774,127.2177,-0.0775,25.5275
5.3795,127.2539,-0.0774,25.5008
5.3815,127.2902,-0.0774,25.474
5.3836,127.3264,-0.0773,25.4472
5.3856,127.3626,-0.0773,25.4204
5.3877,127.3988,-0.0772,25.3936
5.3897,127.4351,-0.0771,25.3667
5.3918,127.4713,-0.0771,25.3398
5.3938,127.5075,-0.077,25.3129
5.3959,127.5437,-0.077,25.286
5.3979,127.58,-0.0769,25.2591
5.4,127.6162,-0.0769,25.2321
5.402,127.6524,-0.0768,25.2051
5.4041,127.6886,-0.0768,25.1781
5.4061,127.7248,-0.0767,25.151
5.4082,127.7611,-0.0767,25.124
5.4102,127.7973,-0.0766,25.0969
5.4123,127.8335,-0.0765,25.0698
5.4143,127.8697,-0.0765,25.0426
5.4164,127.9059,-0.0764,25.0154
5.4184,127.9422,-0.0764,24.9883
5.4205,127.9784,-0.0763,24.961
5.4225,128.0146,-0.0763,24.9338
5.4246,128.0508,-0.0762,24.9065
5.4266,128.087,-0.0762,24.8793
5.4287,128.1232,-0.0761,24.852
5.4307,128.1595,-0.0761,24.8246
5.4328,128.1957,-0.076,24.7973
5.4348,128.2319,-0.076,24.7699
5.4369,128.2681,-0.0759,24.7425
5.4389,128.3043,-0.0758,24.7151
5.441,128.3405,-0.0758,24.6876
5.443,128.3768,-0.0757,24.6601
5.4451,128.413,-0.0757,24.6326
5.4471,128.4492,-0.0756,24.6051
5.4492,128.4854,-0.0756,24.5776
5.4512,128.5216,-0.0755,24.55
5.4533,128.5578,-0.0755,24.5224
5.4553,128.594,-0.0754,24.4948
5.4574,128.6302,-0.0754,24.4671
5.4594,128.6665,-0.0753,24.4395
5.4615,128.7027,-0.0753,24.4118
5.4635,128.7389,-0.0752,24.3841
5.4656,128.7751,-0.0752,24.3563
5.4676,128.8113,-0.0751,24.3286
5.4697,128.8475,-0.075,24.3008
5.4717,128.8837,-0.075,24.273
5.4738,128.9199,-0.0749,24.2452
5.4758,128.9561,-0.0749,24.2173
5.4779,128.9923,-0.0748,24.1894
5.4799,129.0286,-0.0748,24.1615
5.482,129.0648,-0.0747,24.1336
5.484,129.101,-0.0747,24.1057
5.4861,129.1372,-0.0746,24.0777
5.4881,129.1734,-0.0746,24.0497
5.4902,129.2096,-0.0745,24.0217
5.4922,129.2458,-0.0745,23.9936
5.4943,129.282,-0.0744,23.9656
5.4963,129.3182,-0.0744,23.9375
5.4984,129.3544,-0.0743,23.9094
5.5004,129.3906,-0.0743,23.8812
5.5025,129.4268,-0.0742,23.8531
5.5045,129.463,-0.0742,23.8249
5.5066,129.4992,-0.0741,23.7967
5.5086,129.5354,-0.0741,23.7684
5.5107,129.5716,-0.074,23.7402
5.5127,129.6078,-0.074,23.7119
5.5148,129.6441,-0.0739,23.6836
5.5168,129.6803,-0.0738,23.6553
5.5189,129.7165,-0.0738,23.6269
5.5209,129.7527,-0.0737,23.5985
5.523,129.7889,-0.0737,23.5701
5.525,129.8251,-0.0736,23.5417
5.5271,129.8613,-0.0736,23.5133
5.5291,129.8975,-0.0735,23.4848
5.5312,129.9337,-0.0735,23.4563
5.5332,129.9699,-0.0734,23.4278
5.5353,130.0061,-0.0734,23.3993
5.5373,130.0423,-0.0733,23.3707
5.5394,130.0785,-0.0733,23.3421
5.5414,130.1147,-0.0732,23.3135
5.5435,130.1509,-0.0732,23.2849
5.5455,130.1871,-0.0731,23.2562
5.5476,130.2233,-0.0731,23.2275
5.5496,130.2595,-0.073,23.1988
5.5517,130.2957,-0.073,23.1701
5.5537,130.3319,-0.0729,23.1414
5.5558,130.3681,-0.0729,23.1126
5.5578,130.4043,-0.0728,23.0838
5.5599,130.4405,-0.0728,23.055
5.5619,130.4767,-0.0727,23.0261
5.564,130.5129,-0.0727,22.9973
5.566,130.5491,-0.0726,22.9684
5.5681,130.5853,-0.0726,22.9395
5.5701,130.6215,-0.0725,22.9105
5.5722,130.6577,-0.0725,22.8816
5.5742,130.6939,-0.0724,22.8526
5.5763,130.7301,-0.0724,22.8236
5.5783,130.7663,-0.0723,22.7946
5.5804,130.8025,-0.0723,22.7655
5.5824,130.8387,-0.0722,22.7364
5.5845,130.8749,-0.0722,22.7073
5.5865,130.9111,-0.0721,22.6782
5.5886,130.9473,-0.0721,22.6491
5.5906,130.9835,-0.072,22.6199
5.5927,131.0197,-0.072,22.5907
5.5947,131.0559,-0.0719,22.5615
5.5968,131.0921,-0.0719,22.5322
5.5988,131.1283,-0.0719,22.503
5.6009,131.1645,-0.0718,22.4737
5.6029,131.2007,-0.0718,22.4444
5.605,131.2369,-0.0717,22.415
5.607,131.273,-0.0717,22.3857
5.6091,131.3092,-0.0716,22.3563
5.6111,131.3454,-0.0716,22.3269
5.6132,131.3816,-0.0715,22.2975
5.6152,131.4178,-0.0715,22.268
5.6173,131.454,-0.0714,22.2386
5.6193,131.4902,-0.0714,22.2091
5.6214,131.5264,-0.0713,22.1796
5.6234,131.5626,-0.0713,22.15
5.6255,131.5988,-0.0712,22.1205
5.6275,131.635,-0.0712,22.0909
5.6296,131.6712,-0.0711,22.0613
5.6316,131.7074,-0.0711,22.0316
5.6337,131.7436,-0.071,22.002
5.6357,131.7798,-0.071,21.9723
5.6378,131.816,-0.0709,21.9426
5.6398,131.8522,-0.0709,21.9129
5.6419,131.8884,-0.0708,21.8831
5.6439,131.9246,-0.0708,21.8533
5.646,131.9608,-0.0708,21.8235
5.648,131.997,-0.0707,21.7937
5.6501,132.0332,-0.0707,21.7639
5.6521,132.0694,-0.0706,21.734
5.6542,132.1056,-0.0706,21.7041
5.6562,132.1418,-0.0705,21.6742
5.6583,132.178,-0.0705,21.6443
5.6603,132.2142,-0.0704,21.6143
5.6624,132.2504,-0.0704,21.5843
5.6644,132.2866,-0.0703,21.5543
5.6665,132.3228,-0.0703,21.5243
5.6685,132.359,-0.0702,21.4943
5.6706,132.3952,-0.0702,21.4642
5.6726,132.4314,-0.0701,21.4341
5.6747,132.4676,-0.0701,21.404
5.6767,132.5038,-0.0701,21.3738
5.6788,132.54,-0.07,21.3437
5.6808,132.5762,-0.07,21.3135
5.6829,132.6124,-0.0699,21.2833
5.6849,132.6485,-0.0699,21.2531
5.687,132.6847,-0.0698,21.2228
5.689,132.7209,-0.0698,21.1925
5.6911,132.7571,-0.0697,21.1622
5.6931,132.7933,-0.0697,21.1319
5.6952,132.8295,-0.0696,21.1015
5.6972,132.8657,-0.0696,21.0712
5.6993,132.9019,-0.0696,21.0408
5.7013,132.9381,-0.0695,21.0104
5.7034,132.9743,-0.0695,20.9799
5.7054,133.0105,-0.0694,20.9495
5.7075,133.0467,-0.0694,20.919
5.7095,133.0829,-0.0693,20.8885
5.7116,133.1191,-0.0693,20.8579
5.7136,133.1553,-0.0692,20.8274
5.7157,133.1915,-0.0692,20.7968
5.7177,133.2277,-0.0692,20.7662
5.7198,133.2639,-0.0691,20.7356
5.7218,133.3001,-0.0691,20.705
5.7239,133.3363,-0.069,20.6743
5.7259,133.3725,-0.069,20.6436
5.728,133.4087,-0.0689,20.6129
5.73,133.4449,-0.0689,20.5821
5.7321,133.4811,-0.0688,20.5514
5.7341,133.5173,-0.0688,20.5206
5.7362,133.5535,-0.0688,20.4898
5.7382,133.5897,-0.0687,20.459
5.7403,133.6259,-0.0687,20.4281
5.7423,133.6621,-0.0686,20.3973
5.7444,133.6983,-0.0686,20.3664
5.7464,133.7345,-0.0685,20.3354
5.7485,133.7707,-0.0685,20.3045
5.7505,133.8069,-0.0685,20.2735
5.7526,133.8431,-0.0684,20.2426
5.7546,133.8794,-0.0684,20.2115
5.7567,133.9156,-0.0683,20.1805
5.7587,133.9518,-0.0683,20.1495
5.7608,133.988,-0.0682,20.1184
5.7628,134.0242,-0.0682,20.0873
5.7649,134.0604,-0.0682,20.0562
5.7669,134.0966,-0.0681,20.025
5.769,134.1328,-0.0681,19.9939
5.771,134.169,-0.068,19.9627
5.7731,134.2052,-0.068,19.9314
5.7751,134.2414,-0.0679,19.9002
5.7772,134.2776,-0.0679,19.869
5.7792,134.3138,-0.0679,19.8377
5.7813,134.35,-0.0678,19.8064
5.7833,134.3862,-0.0678,19.775
5.7854,134.4224,-0.0677,19.7437
5.7874,134.4586,-0.0677,19.7123
5.7895,134.4948,-0.0676,19.6809
5.7915,134.531,-0.0676,19.6495
5.7936,134.5672,-0.0676,19.6181
5.7956,134.6035,-0.0675,19.5866
5.7977,134.6397,-0.0675,19.5551
5.7997,134.6759,-0.0674,19.5236
5.8018,134.7121,-0.0674,19.4921
5.8038,134.7483,-0.0674,19.4606
5.8059,134.7845,-0.0673,19.429
5.8079,134.8207,-0.0673,19.3974
5.81,134.8569,-0.0672,19.3658
5.812,134.8931,-0.0672,19.3341
5.8141,134.9293,-0.0671,19.3025
5.8161,134.9655,-0.0671,19.2708
5.8182,135.0018,-0.0671,19.2391
5.8202,135.038,-0.067,19.2073
5.8223,135.0742,-0.067,19.1756
5.8243,135.1104,-0.0669,19.1438
5.8264,135.1466,-0.0669,19.112
5.8284,135.1828,-0.0669,19.0802
5.8305,135.219,-0.0668,19.0483
5.8325,135.2552,-0.0668,19.0165
5.8346,135.2914,-0.0667,18.9846
5.8366,135.3277,-0.0667,18.9527
5.8387,135.3639,-0.0667,18.9208
5.8407,135.4001,-0.0666,18.8888
5.8428,135.4363,-0.0666,18.8568
5.8448,135.4725,-0.0665,18.8248
5.8469,135.5087,-0.0665,18.7928
5.8489,135.5449,-0.0665,18.7608
5.851,135.5812,-0.0664,18.7287
5.853,135.6174,-0.0664,18.6966
5.8551,135.6536,-0.0663,18.6645
5.8571,135.6898,-0.0663,18.6324
5.8592,135.726,-0.0663,18.6002
5.8612,135.7622,-0.0662,18.568
5.8633,135.7985,-0.0662,18.5358
5.8653,135.8347,-0.0661,18.5036
5.8674,135.8709,-0.0661,18.4714
5.8694,135.9071,-0.0661,18.4391
5.8715,135.9433,-0.066,18.4068
5.8735,135.9796,-0.066,18.3745
5.8756,136.0158,-0.066,18.3422
5.8776,136.052,-0.0659,18.3098
5.8797,136.0882,-0.0659,18.2774
5.8817,136.1244,-0.0658,18.245
5.8838,136.1607,-0.0658,18.2126
5.8858,136.1969,-0.0658,18.1801
5.8879,136.2331,-0.0657,18.1477
5.8899,136.2693,-0.0657,18.1152
5.892,136.3055,-0.0656,18.0827
5.894,136.3418,-0.0656,18.0501
5.8961,136.378,-0.0656,18.0176
5.8981,136.4142,-0.0655,17.985
5.9002,136.4504,-0.0655,17.9524
5.9022,136.4867,-0.0655,17.9198
5.9043,136.5229,-0.0654,17.8871
5.9063,136.5591,-0.0654,17.8545
5.9084,136.5953,-0.0653,17.8218
5.9104,136.6316,-0.0653,17.7891
5.9125,136.6678,-0.0653,17.7563
5.9145,136.704,-0.0652,17.7236
5.9166,136.7403,-0.0652,17.6908
5.9186,136.7765,-0.0652,17.658
5.9207,136.8127,-0.0651,17.6252
5.9227,136.8489,-0.0651,17.5923
5.9248,136.8852,-0.0651,17.5595
5.9268,136.9214,-0.065,17.5266
5.9289,136.9576,-0.065,17.4937
5.9309,136.9939,-0.0649,17.4607
5.933,137.0301,-0.0649,17.4278
5.935,137.0663,-0.0649,17.3948
5.9371,137.1026,-0.0648,17.3618
5.9391,137.1388,-0.0648,17.3288
5.9412,137.175,-0.0648,17.2958
5.9432,137.2113,-0.0647,17.2627
5.9453,137.2475,-0.0647,17.2296
5.9473,137.2837,-0.0647,17.1965
5.9494,137.32,-0.0646,17.1634
5.9514,137.3562,-0.0646,17.1302
5.9535,137.3924,-0.0645,17.097
5.9555,137.4287,-0.0645,17.0638
5.9576,137.4649,-0.0645,17.0306
5.9596,137.5012,-0.0644,16.9974
5.9617,137.5374,-0.0644,16.9641
5.9637,137.5736,-0.0644,16.9308
5.9658,137.6099,-0.0643,16.8975
5.9678,137.6461,-0.0643,16.8642
5.9699,137.6824,-0.0643,16.8309
5.9719,137.7186,-0.0642,16.7975
5.974,137.7548,-0.0642,16.7641
5.976,137.7911,-0.0642,16.7307
5.9781,137.8273,-0.0641,16.6973
5.9801,137.8636,-0.0641,16.6638
5.9822,137.8998,-0.0641,16.6303
5.9842,137.9361,-0.064,16.5968
5.9863,137.9723,-0.064,16.5633
5.9883,138.0085,-0.064,16.5297
5.9904,138.0448,-0.0639,16.4962
5.9924,138.081,-0.0639,16.4626
5.9945,138.1173,-0.0639,16.429
5.9965,138.1535,-0.0638,16.3953
5.9986,138.1898,-0.0638,16.3617
6.0006,138.226,-0.0638,16.328
6.0027,138.2623,-0.0637,16.2943
6.0047,138.2985,-0.0637,16.2606
6.0068,138.3348,-0.0637,16.2268
6.0088,138.371,-0.0636,16.1931
6.0109,138.4073,-0.0636,16.1593
6.0129,138.4435,-0.0636,16.1255
6.015,138.4798,-0.0635,16.0917
6.017,138.516,-0.0635,16.0578
6.0191,138.5523,-0.0635,16.0239
6.0211,138.5885,-0.0634,15.99
6.0232,138.6248,-0.0634,15.9561
6.0252,138.6611,-0.0634,15.9222
6.0273,138.6973,-0.0633,15.8882
6.0293,138.7336,-0.0633,15.8543
6.0314,138.7698,-0.0633,15.8203
6.0334,138.8061,-0.0632,15.7862
6.0355,138.8423,-0.0632,15.7522
6.0375,138.8786,-0.0632,15.7181
6.0396,138.9149,-0.0631,15.684
6.0416,138.9511,-0.0631,15.6499
6.0437,138.9874,-0.0631,15.6158
6.0457,139.0236,-0.063,15.5816
6.0478,139.0599,-0.063,15.5475
6.0498,139.0962,-0.063,15.5133
6.0519,139.1324,-0.0629,15.479
6.0539,139.1687,-0.0629,15.4448
6.056,139.205,-0.0629,15.4105
6.058,139.2412,-0.0628,15.3763
6.0601,139.2775,-0.0628,15.3419
6.0621,139.3138,-0.0628,15.3076
6.0642,139.35,-0.0628,15.2733
6.0662,139.3863,-0.0627,15.2389
6.0683,139.4226,-0.0627,15.2045
6.0703,139.4588,-0.0627,15.1701
6.0724,139.4951,-0.0626,15.1357
6.0744,139.5314,-0.0626,15.1012
6.0765,139.5677,-0.0626,15.0667
6.0785,139.6039,-0.0625,15.0322
6.0806,139.6402,-0.0625,14.9977
6.0826,139.6765,-0.0625,14.9632
6.0847,139.7127,-0.0624,14.9286
6.0867,139.749,-0.0624,14.894
6.0888,139.7853,-0.0624,14.8594
6.0908,139.8216,-0.0624,14.8248
6.0929,139.8579,-0.0623,14.7902
6.0949,139.8941,-0.0623,14.7555
6.097,139.9304,-0.0623,14.7208
6.099,139.9667,-0.0622,14.6861
6.1011,140.003,-0.0622,14.6513
6.1031,140.0392,-0.0622,14.6166
6.1052,140.0755,-0.0621,14.5818
6.1072,140.1118,-0.0621,14.547
6.1093,140.1481,-0.0621,14.5122
6.1113,140.1844,-0.0621,14.4774
6.1134,140.2207,-0.062,14.4425
6.1154,140.2569,-0.062,14.4076
6.1175,140.2932,-0.062,14.3727
6.1195,140.3295,-0.0619,14.3378
6.1216,140.3658,-0.0619,14.3028
6.1236,140.4021,-0.0619,14.2679
6.1257,140.4384,-0.0619,14.2329
6.1277,140.4747,-0.0618,14.1979
6.1298,140.511,-0.0618,14.1628
6.1318,140.5472,-0.0618,14.1278
6.1339,140.5835,-0.0617,14.0927
6.1359,140.6198,-0.0617,14.0576
6.138,140.6561,-0.0617,14.0225
6.14,140.6924,-0.0617,13.9873
6.1421,140.7287,-0.0616,13.9522
6.1441,140.765,-0.0616,13.917
6.1462,140.8013,-0.0616,13.8818
6.1482,140.8376,-0.0616,13.8466
6.1503,140.8739,-0.0615,13.8113
6.1523,140.9102,-0.0615,13.7761
6.1544,140.9465,-0.0615,13.7408
6.1564,140.9828,-0.0614,13.7055
6.1585,141.0191,-0.0614,13.6701
6.1605,141.0554,-0.0614,13.6348
6.1626,141.0917,-0.0614,13.5994
6.1646,141.128,-0.0613,13.564
6.1667,141.1643,-0.0613,13.5286
6.1687,141.2006,-0.0613,13.4932
6.1708,141.2369,-0.0613,13.4577
6.1728,141.2732,-0.0612,13.4222
6.1749,141.3095,-0.0612,13.3867
6.1769,141.3458,-0.0612,13.3512
6.179,141.3821,-0.0611,13.3157
6.181,141.4184,-0.0611,13.2801
6.1831,141.4548,-0.0611,13.2445
6.1851,141.4911,-0.0611,13.2089
6.1872,141.5274,-0.061,13.1733
6.1892,141.5637,-0.061,13.1377
6.1913,141.6,-0.061,13.102
6.1933,141.6363,-0.061,13.0663
6.1954,141.6726,-0.0609,13.0306
6.1974,141.7089,-0.0609,12.9949
6.1995,141.7453,-0.0609,12.9591
6.2015,141.7816,-0.0609,12.9233
6.2036,141.8179,-0.0608,12.8876
6.2056,141.8542,-0.0608,12.8517
6.2077,141.8905,-0.0608,12.8159
6.2097,141.9268,-0.0608,12.7801
6.2118,141.9632,-0.0607,12.7442
6.2138,141.9995,-0.0607,12.7083
6.2159,142.0358,-0.0607,12.6724
6.2179,142.0721,-0.0607,12.6364
6.22,142.1085,-0.0606,12.6005
6.222,142.1448,-0.0606,12.5645
6.2241,142.1811,-0.0606,12.5285
6.2261,142.2174,-0.0606,12.4924
6.2282,142.2538,-0.0605,12.4564
6.2302,142.2901,-0.0605,12.4203
6.2323,142.3264,-0.0605,12.3843
6.2343,142.3628,-0.0605,12.3481
6.2364,142.3991,-0.0605,12.312
6.2384,142.4354,-0.0604,12.2759
6.2405,142.4718,-0.0604,12.2397
6.2425,142.5081,-0.0604,12.2035
6.2446,142.5444,-0.0604,12.1673
6.2466,142.5808,-0.0603,12.1311
6.2487,142.6171,-0.0603,12.0948
6.2507,142.6534,-0.0603,12.0585
6.2528,142.6898,-0.0603,12.0222
6.2548,142.7261,-0.0602,11.9859
6.2569,142.7624,-0.0602,11.9496
6.2589,142.7988,-0.0602,11.9132
6.261,142.8351,-0.0602,11.8769
6.263,142.8715,-0.0602,11.8405
6.2651,142.9078,-0.0601,11.804
6.2671,142.9442,-0.0601,11.7676
6.2692,142.9805,-0.0601,11.7311
6.2712,143.0168,-0.0601,11.6947
6.2733,143.0532,-0.06,11.6582
6.2753,143.0895,-0.06,11.6216
6.2774,143.1259,-0.06,11.5851
6.2794,143.1622,-0.06,11.5485
6.2815,143.1986,-0.06,11.5119
6.2835,143.2349,-0.0599,11.4753
6.2856,143.2713,-0.0599,11.4387
6.2876,143.3076,-0.0599,11.4021
6.2897,143.344,-0.0599,11.3654
6.2917,143.3804,-0.0598,11.3287
6.2938,143.4167,-0.0598,11.292
6.2958,143.4531,-0.0598,11.2553
6.2979,143.4894,-0.0598,11.2185
6.2999,143.5258,-0.0598,11.1818
6.302,143.5621,-0.0597,11.145
6.304,143.5985,-0.0597,11.1082
6.3061,143.6349,-0.0597,11.0713
6.3081,143.6712,-0.0597,11.0345
6.3102,143.7076,-0.0597,10.9976
6.3122,143.744,-0.0596,10.9607
6.3143,143.7803,-0.0596,10.9238
6.3163,143.8167,-0.0596,10.8869
6.3184,143.8531,-0.0596,10.8499
6.3204,143.8894,-0.0596,10.8129
6.3225,143.9258,-0.0595,10.7759
6.3245,143.9622,-0.0595,10.7389
6.3266,143.9985,-0.0595,10.7019
6.3286,144.0349,-0.0595,10.6648
6.3307,144.0713,-0.0595,10.6277
6.3327,144.1077,-0.0594,10.5906
6.3348,144.144,-0.0594,10.5535
6.3368,144.1804,-0.0594,10.5164
6.3389,144.2168,-0.0594,10.4792
6.3409,144.2532,-0.0594,10.442
6.343,144.2895,-0.0593,10.4048
6.345,144.3259,-0.0593,10.3676
6.3471,144.3623,-0.0593,10.3304
6.3491,144.3987,-0.0593,10.2931
6.3512,144.4351,-0.0593,10.2558
6.3532,144.4715,-0.0593,10.2185
6.3553,144.5078,-0.0592,10.1812
6.3573,144.5442,-0.0592,10.1439
6.3594,144.5806,-0.0592,10.1065
6.3614,144.617,-0.0592,10.0691
6.3635,144.6534,-0.0592,10.0317
6.3655,144.6898,-0.0591,9.9943
6.3676,144.7262,-0.0591,9.9568
6.3696,144.7626,-0.0591,9.9194
6.3717,144.7989,-0.0591,9.8819
6.3737,144.8353,-0.0591,9.8444
6.3758,144.8717,-0.0591,9.8068
6.3778,144.9081,-0.059,9.7693
6.3799,144.9445,-0.059,9.7317
6.3819,144.9809,-0.059,9.6941
6.384,145.0173,-0.059,9.6565
6.386,145.0537,-0.059,9.6189
6.3881,145.0901,-0.059,9.5813
6.3901,145.1265,-0.0589,9.5436
6.3922,145.1629,-0.0589,9.5059
6.3942,145.1993,-0.0589,9.4682
6.3963,145.2357,-0.0589,9.4305
6.3983,145.2721,-0.0589,9.3927
6.4004,145.3086,-0.0589,9.3549
6.4024,145.345,-0.0588,9.3172
6.4045,145.3814,-0.0588,9.2793
6.4065,145.4178,-0.0588,9.2415
6.4086,145.4542,-0.0588,9.2037
6.4106,145.4906,-0.0588,9.1658
6.4127,145.527,-0.0588,9.1279
6.4147,145.5634,-0.0587,9.09
6.4168,145.5998,-0.0587,9.0521
6.4188,145.6363,-0.0587,9.0141
6.4209,145.6727,-0.0587,8.9761
6.4229,145.7091,-0.0587,8.9381
6.425,145.7455,-0.0587,8.9001
6.427,145.7819,-0.0586,8.8621
6.4291,145.8184,-0.0586,8.8241
6.4311,145.8548,-0.0586,8.786
6.4332,145.8912,-0.0586,8.7479
6.4352,145.9276,-0.0586,8.7098
6.4373,145.9641,-0.0586,8.6716
6.4393,146.0005,-0.0586,8.6335
6.4414,146.0369,-0.0585,8.5953
6.4434,146.0733,-0.0585,8.5571
6.4455,146.1098,-0.0585,8.5189
6.4475,146.1462,-0.0585,8.4807
6.4496,146.1826,-0.0585,8.4424
6.4516,146.2191,-0.0585,8.4042
6.4537,146.2555,-0.0585,8.3659
6.4557,146.2919,-0.0584,8.3276
6.4578,146.3284,-0.0584,8.2892
6.4598,146.3648,-0.0584,8.2509
6.4619,146.4013,-0.0584,8.2125
6.4639,146.4377,-0.0584,8.1741
6.466,146.4741,-0.0584,8.1357
6.468,146.5106,-0.0584,8.0973
6.4701,146.547,-0.0584,8.0588
6.4721,146.5835,-0.0583,8.0203
6.4742,146.6199,-0.0583,7.9818
6.4762,146.6564,-0.0583,7.9433
6.4783,146.6928,-0.0583,7.9048
6.4803,146.7293,-0.0583,7.8663
6.4824,146.7657,-0.0583,7.8277
6.4844,146.8022,-0.0583,7.7891
6.4865,146.8386,-0.0583,7.7505
6.4885,146.8751,-0.0582,7.7118
6.4906,146.9115,-0.0582,7.6732
6.4926,146.948,-0.0582,7.6345
6.4947,146.9844,-0.0582,7.5958
6.4967,147.0209,-0.0582,7.5571
6.4988,147.0573,-0.0582,7.5184
6.5008,147.0938,-0.0582,7.4796
6.5029,147.1303,-0.0582,7.4409
6.5049,147.1667,-0.0581,7.4021
6.507,147.2032,-0.0581,7.3633
6.509,147.2397,-0.0581,7.3245
6.5111,147.2761,-0.0581,7.2856
6.5131,147.3126,-0.0581,7.2467
6.5152,147.3491,-0.0581,7.2078
6.5172,147.3855,-0.0581,7.1689
6.5193,147.422,-0.0581,7.13
6.5213,147.4585,-0.0581,7.0911
6.5234,147.4949,-0.058,7.0521
6.5254,147.5314,-0.058,7.0131
6.5275,147.5679,-0.058,6.9741
6.5295,147.6044,-0.058,6.9351
6.5316,147.6408,-0.058,6.896
6.5336,147.6773,-0.058,6.857
6.5357,147.7138,-0.058,6.8179
6.5377,147.7503,-0.058,6.7788
6.5398,147.7868,-0.058,6.7397
6.5418,147.8232,-0.058,6.7005
6.5439,147.8597,-0.0579,6.6613
6.5459,147.8962,-0.0579,6.6222
6.548,147.9327,-0.0579,6.583
6.55,147.9692,-0.0579,6.5437
6.5521,148.0057,-0.0579,6.5045
6.5541,148.0422,-0.0579,6.4652
6.5562,148.0787,-0.0579,6.426
6.5582,148.1152,-0.0579,6.3867
6.5603,148.1516,-0.0579,6.3473
6.5623,148.1881,-0.0579,6.308
6.5644,148.2246,-0.0579,6.2686
6.5664,148.2611,-0.0578,6.2293
6.5685,148.2976,-0.0578,6.1899
6.5705,148.3341,-0.0578,6.1504
6.5726,148.3706,-0.0578,6.111
6.5746,148.4071,-0.0578,6.0715
6.5767,148.4436,-0.0578,6.0321
6.5787,148.4801,-0.0578,5.9926
6.5808,148.5166,-0.0578,5.9531
6.5828,148.5532,-0.0578,5.9135
6.5849,148.5897,-0.0578,5.874
6.5869,148.6262,-0.0578,5.8344
6.589,148.6627,-0.0578,5.7948
6.591,148.6992,-0.0578,5.7552
6.5931,148.7357,-0.0577,5.7156
6.5951,148.7722,-0.0577,5.6759
6.5972,148.8087,-0.0577,5.6362
6.5992,148.8453,-0.0577,5.5965
6.6013,148.8818,-0.0577,5.5568
6.6033,148.9183,-0.0577,5.5171
6.6054,148.9548,-0.0577,5.4774
6.6074,148.9913,-0.0577,5.4376
6.6095,149.0279,-0.0577,5.3978
6.6115,149.0644,-0.0577,5.358
6.6136,149.1009,-0.0577,5.3182
6.6156,149.1374,-0.0577,5.2783
6.6177,149.174,-0.0577,5.2385
6.6197,149.2105,-0.0577,5.1986
6.6218,149.247,-0.0577,5.1587
6.6238,149.2835,-0.0577,5.1188
6.6259,149.3201,-0.0576,5.0788
6.6279,149.3566,-0.0576,5.0389
6.63,149.3931,-0.0576,4.9989
6.632,149.4297,-0.0576,4.9589
6.6341,149.4662,-0.0576,4.9189
6.6361,149.5028,-0.0576,4.8788
6.6382,149.5393,-0.0576,4.8388
6.6402,149.5758,-0.0576,4.7987
6.6423,149.6124,-0.0576,4.7586
6.6443,149.6489,-0.0576,4.7185
6.6464,149.6855,-0.0576,4.6783
6.6484,149.722,-0.0576,4.6382
6.6505,149.7586,-0.0576,4.598
6.6525,149.7951,-0.0576,4.5578
6.6546,149.8317,-0.0576,4.5176
6.6566,149.8682,-0.0576,4.4774
6.6587,149.9048,-0.0576,4.4371
6.6607,149.9413,-0.0576,4.3969
6.6628,149.9779,-0.0576,4.3566
6.6648,150.0144,-0.0576,4.3163
6.6669,150.051,-0.0576,4.2759
6.6689,150.0876,-0.0575,4.2356
6.671,150.1241,-0.0575,4.1952
6.673,150.1607,-0.0575,4.1549
6.6751,150.1972,-0.0575,4.1145
6.6771,150.2338,-0.0575,4.074
6.6792,150.2704,-0.0575,4.0336
6.6812,150.3069,-0.0575,3.9931
6.6833,150.3435,-0.0575,3.9527
6.6853,150.3801,-0.0575,3.9122
6.6874,150.4166,-0.0575,3.8716
6.6894,150.4532,-0.0575,3.8311
6.6915,150.4898,-0.0575,3.7906
6.6935,150.5264,-0.0575,3.75
6.6956,150.5629,-0.0575,3.7094
6.6976,150.5995,-0.0575,3.6688
6.6997,150.6361,-0.0575,3.6281
6.7017,150.6727,-0.0575,3.5875
6.7038,150.7092,-0.0575,3.5468
6.7058,150.7458,-0.0575,3.5061
6.7079,150.7824,-0.0575,3.4654
6.7099,150.819,-0.0575,3.4247
6.712,150.8556,-0.0575,3.384
6.714,150.8922,-0.0575,3.3432
6.7161,150.9288,-0.0575,3.3024
6.7181,150.9654,-0.0575,3.2616
6.7202,151.0019,-0.0575,3.2208
6.7222,151.0385,-0.0575,3.18
6.7243,151.0751,-0.0575,3.1391
6.7263,151.1117,-0.0575,3.0982
6.7284,151.1483,-0.0575,3.0573
6.7304,151.1849,-0.0575,3.0164
6.7325,151.2215,-0.0575,2.9755
6.7345,151.2581,-0.0575,2.9345
6.7366,151.2947,-0.0575,2.8936
6.7386,151.3313,-0.0575,2.8526
6.7407,151.3679,-0.0575,2.8116
6.7427,151.4045,-0.0575,2.7705
6.7448,151.4411,-0.0575,2.7295
6.7468,151.4777,-0.0575,2.6884
6.7489,151.5144,-0.0575,2.6473
6.7509,151.551,-0.0575,2.6062
6.753,151.5876,-0.0575,2.5651
6.755,151.6242,-0.0575,2.524
6.7571,151.6608,-0.0575,2.4828
6.7591,151.6974,-0.0575,2.4416
6.7612,151.734,-0.0575,2.4004
6.7632,151.7707,-0.0575,2.3592
6.7653,151.8073,-0.0575,2.318
6.7673,151.8439,-0.0575,2.2767
6.7694,151.8805,-0.0575,2.2355
6.7714,151.9172,-0.0575,2.1942
6.7735,151.9538,-0.0575,2.1529
6.7755,151.9904,-0.0575,2.1115
6.7776,152.027,-0.0575,2.0702
6.7796,152.0637,-0.0575,2.0288
6.7817,152.1003,-0.0575,1.9875
6.7837,152.1369,-0.0575,1.9461
6.7858,152.1736,-0.0575,1.9046
6.7878,152.2102,-0.0575,1.8632
6.7899,152.2468,-0.0575,1.8217
6.7919,152.2835,-0.0575,1.7803
6.794,152.3201,-0.0575,1.7388
6.796,152.3568,-0.0575,1.6973
6.7981,152.3934,-0.0575,1.6557
6.8001,152.43,-0.0575,1.6142
6.8022,152.4667,-0.0575,1.5726
6.8042,152.5033,-0.0575,1.531
6.8063,152.54,-0.0575,1.4894
6.8083,152.5766,-0.0575,1.4478
6.8104,152.6133,-0.0575,1.4061
6.8124,152.6499,-0.0576,1.3645
6.8145,152.6866,-0.0576,1.3228
6.8165,152.7232,-0.0576,1.2811
6.8186,152.7599,-0.0576,1.2394
6.8206,152.7966,-0.0576,1.1976
6.8227,152.8332,-0.0576,1.1559
6.8247,152.8699,-0.0576,1.1141
6.8268,152.9065,-0.0576,1.0723
6.8288,152.9432,-0.0576,1.0305
6.8309,152.9799,-0.0576,0.9887
6.8329,153.0165,-0.0576,0.9468
6.835,153.0532,-0.0576,0.905
6.837,153.0899,-0.0576,0.8631
6.8391,153.1265,-0.0576,0.8212
6.8411,153.1632,-0.0576,0.7793
6.8432,153.1999,-0.0576,0.7373
6.8452,153.2366,-0.0576,0.6954
6.8473,153.2732,-0.0576,0.6534
6.8493,153.3099,-0.0576,0.6114
6.8514,153.3466,-0.0576,0.5694
6.8534,153.3833,-0.0576,0.5274
6.8555,153.4199,-0.0577,0.4853
6.8575,153.4566,-0.0577,0.4432
6.8596,153.4933,-0.0577,0.4012
6.8616,153.53,-0.0577,0.3591
6.8637,153.5667,-0.0577,0.3169
6.8657,153.6034,-0.0577,0.2748
6.8678,153.6401,-0.0577,0.2326
6.8698,153.6768,-0.0577,0.1905
6.8719,153.7134,-0.0577,0.1483
6.8739,153.7501,-0.0577,0.106
6.876,153.7868,-0.0577,0.0638
6.878,153.8235,-0.0577,0.0216
