t_s,x_m,y_m,z_m
0.0,0.0048,-0.0,0.0242
0.002,0.0861,-0.0007,0.0726
0.004,0.1673,-0.0014,0.1209
0.006,0.2475,-0.0021,0.1687
0.008,0.3286,-0.0027,0.217
0.01,0.4097,-0.0034,0.2652
0.012,0.4907,-0.0041,0.3134
0.014,0.5717,-0.0047,0.3616
0.016,0.6526,-0.0054,0.4098
0.018,0.7334,-0.0061,0.4579
0.02,0.8142,-0.0067,0.506
0.022,0.8949,-0.0074,0.5541
0.024,0.9756,-0.0081,0.6021
0.026,1.0562,-0.0087,0.6501
0.028,1.1368,-0.0094,0.698
0.03,1.2173,-0.0101,0.7459
0.032,1.2978,-0.0107,0.7938
0.034,1.3782,-0.0114,0.8417
0.036,1.4585,-0.0121,0.8895
0.038,1.5388,-0.0127,0.9373
0.04,1.619,-0.0134,0.985
0.042,1.6992,-0.014,1.0327
0.044,1.7793,-0.0147,1.0804
0.046,1.8594,-0.0154,1.128
0.048,1.9394,-0.016,1.1757
0.05,2.0193,-0.0167,1.2232
0.052,2.0992,-0.0173,1.2708
0.054,2.179,-0.018,1.3183
0.056,2.2588,-0.0186,1.3657
0.058,2.3386,-0.0193,1.4132
0.06,2.4182,-0.02,1.4606
0.062,2.4978,-0.0206,1.5079
0.064,2.5774,-0.0213,1.5553
0.066,2.6569,-0.0219,1.6026
0.068,2.7364,-0.0226,1.6498
0.07,2.8158,-0.0232,1.6971
0.072,2.8951,-0.0239,1.7443
0.074,2.9744,-0.0245,1.7914
0.076,3.0536,-0.0252,1.8385
0.078,3.1328,-0.0258,1.8856
0.08,3.2119,-0.0265,1.9327
0.082,3.291,-0.0271,1.9797
0.084,3.37,-0.0278,2.0267
0.086,3.449,-0.0284,2.0737
0.088,3.5279,-0.029,2.1206
0.09,3.6067,-0.0297,2.1675
0.092,3.6855,-0.0303,2.2143
0.094,3.7642,-0.031,2.2611
0.096,3.8429,-0.0316,2.3079
0.098,3.9216,-0.0323,2.3547
0.1,4.0001,-0.0329,2.4014
0.102,4.0787,-0.0335,2.4481
0.104,4.1571,-0.0342,2.4947
0.106,4.2356,-0.0348,2.5413
0.108,4.3139,-0.0355,2.5879
0.11,4.3922,-0.0361,2.6344
0.112,4.4705,-0.0367,2.681
0.114,4.5487,-0.0374,2.7274
0.116,4.6268,-0.038,2.7739
0.118,4.7049,-0.0386,2.8203
0.12,4.783,-0.0393,2.8667
0.122,4.861,-0.0399,2.913
0.124,4.9389,-0.0405,2.9593
0.126,5.0168,-0.0412,3.0056
0.128,5.0946,-0.0418,3.0518
0.13,5.1724,-0.0424,3.098
0.132,5.2501,-0.0431,3.1442
0.134,5.3278,-0.0437,3.1903
0.136,5.4054,-0.0443,3.2364
0.138,5.483,-0.045,3.2825
0.14,5.5605,-0.0456,3.3285
0.142,5.638,-0.0462,3.3745
0.144,5.7154,-0.0468,3.4205
0.146,5.7927,-0.0475,3.4664
0.148,5.87,-0.0481,3.5123
0.15,5.9473,-0.0487,3.5582
0.152,6.0245,-0.0493,3.604
0.154,6.1016,-0.05,3.6498
0.156,6.1787,-0.0506,3.6956
0.158,6.2558,-0.0512,3.7413
0.16,6.3327,-0.0518,3.787
0.162,6.4097,-0.0525,3.8327
0.164,6.4866,-0.0531,3.8783
0.166,6.5634,-0.0537,3.9239
0.168,6.6402,-0.0543,3.9695
0.17,6.7169,-0.0549,4.015
0.172,6.7936,-0.0556,4.0605
0.174,6.8702,-0.0562,4.1059
0.176,6.9468,-0.0568,4.1514
0.178,7.0233,-0.0574,4.1968
0.18,7.0998,-0.058,4.2421
0.182,7.1762,-0.0586,4.2874
0.184,7.2526,-0.0593,4.3327
0.186,7.3289,-0.0599,4.378
0.188,7.4052,-0.0605,4.4232
0.19,7.4814,-0.0611,4.4684
0.192,7.5576,-0.0617,4.5136
0.194,7.6337,-0.0623,4.5587
0.196,7.7097,-0.0629,4.6038
0.198,7.7857,-0.0635,4.6488
0.2,7.8617,-0.0642,4.6939
0.202,7.9376,-0.0648,4.7388
0.204,8.0135,-0.0654,4.7838
0.206,8.0893,-0.066,4.8287
0.208,8.165,-0.0666,4.8736
0.21,8.2408,-0.0672,4.9185
0.212,8.3164,-0.0678,4.9633
0.214,8.392,-0.0684,5.0081
0.216,8.4676,-0.069,5.0528
0.218,8.5431,-0.0696,5.0975
0.22,8.6185,-0.0702,5.1422
0.222,8.6939,-0.0708,5.1869
0.224,8.7693,-0.0714,5.2315
0.226,8.8446,-0.072,5.2761
0.228,8.9199,-0.0726,5.3206
0.23,8.9951,-0.0732,5.3652
0.232,9.0702,-0.0738,5.4096
0.234,9.1453,-0.0744,5.4541
0.236,9.2204,-0.075,5.4985
0.238,9.2954,-0.0756,5.5429
0.24,9.3704,-0.0762,5.5872
0.242,9.4453,-0.0768,5.6316
0.244,9.5201,-0.0774,5.6758
0.246,9.5949,-0.078,5.7201
0.248,9.6697,-0.0786,5.7643
0.25,9.7444,-0.0792,5.8085
0.252,9.8191,-0.0798,5.8527
0.254,9.8937,-0.0804,5.8968
0.256,9.9682,-0.081,5.9409
0.258,10.0427,-0.0816,5.9849
0.26,10.1172,-0.0822,6.0289
0.262,10.1916,-0.0828,6.0729
0.264,10.266,-0.0834,6.1169
0.266,10.3403,-0.084,6.1608
0.268,10.4146,-0.0845,6.2047
0.27,10.4888,-0.0851,6.2485
0.272,10.563,-0.0857,6.2923
0.274,10.6371,-0.0863,6.3361
0.276,10.7112,-0.0869,6.3799
0.278,10.7852,-0.0875,6.4236
0.28,10.8592,-0.0881,6.4673
0.282,10.9331,-0.0887,6.5109
0.284,11.007,-0.0892,6.5545
0.286,11.0808,-0.0898,6.5981
0.288,11.1546,-0.0904,6.6417
0.29,11.2283,-0.091,6.6852
0.292,11.302,-0.0916,6.7287
0.294,11.3756,-0.0922,6.7721
0.296,11.4492,-0.0927,6.8156
0.298,11.5228,-0.0933,6.8589
0.3,11.5963,-0.0939,6.9023
0.302,11.6697,-0.0945,6.9456
0.304,11.7431,-0.0951,6.9889
0.306,11.8165,-0.0956,7.0322
0.308,11.8898,-0.0962,7.0754
0.31,11.963,-0.0968,7.1186
0.312,12.0362,-0.0974,7.1617
0.314,12.1094,-0.098,7.2049
0.316,12.1825,-0.0985,7.2479
0.318,12.2556,-0.0991,7.291
0.32,12.3286,-0.0997,7.334
0.322,12.4016,-0.1003,7.377
0.324,12.4745,-0.1008,7.42
0.326,12.5474,-0.1014,7.4629
0.328,12.6202,-0.102,7.5058
0.33,12.693,-0.1025,7.5486
0.332,12.7657,-0.1031,7.5915
0.334,12.8384,-0.1037,7.6343
0.336,12.911,-0.1043,7.677
0.338,12.9836,-0.1048,7.7197
0.34,13.0562,-0.1054,7.7624
0.342,13.1287,-0.106,7.8051
0.344,13.2011,-0.1065,7.8477
0.346,13.2736,-0.1071,7.8903
0.348,13.3459,-0.1077,7.9329
0.35,13.4182,-0.1082,7.9754
0.352,13.4905,-0.1088,8.0179
0.354,13.5627,-0.1094,8.0604
0.356,13.6349,-0.1099,8.1028
0.358,13.707,-0.1105,8.1452
0.36,13.7791,-0.1111,8.1876
0.362,13.8511,-0.1116,8.2299
0.364,13.9231,-0.1122,8.2722
0.366,13.9951,-0.1128,8.3145
0.368,14.067,-0.1133,8.3567
0.37,14.1388,-0.1139,8.3989
0.372,14.2106,-0.1144,8.4411
0.374,14.2824,-0.115,8.4832
0.376,14.3541,-0.1156,8.5253
0.378,14.4258,-0.1161,8.5674
0.38,14.4974,-0.1167,8.6094
0.382,14.569,-0.1172,8.6514
0.384,14.6405,-0.1178,8.6934
0.386,14.712,-0.1183,8.7353
0.388,14.7834,-0.1189,8.7772
0.39,14.8548,-0.1195,8.8191
0.392,14.9262,-0.12,8.8609
0.394,14.9975,-0.1206,8.9027
0.396,15.0688,-0.1211,8.9445
0.398,15.14,-0.1217,8.9863
0.4,15.2111,-0.1222,9.028
0.402,15.2823,-0.1228,9.0696
0.404,15.3533,-0.1233,9.1113
0.406,15.4244,-0.1239,9.1529
0.408,15.4954,-0.1244,9.1945
0.41,15.5663,-0.125,9.236
0.412,15.6372,-0.1255,9.2775
0.414,15.7081,-0.1261,9.319
0.416,15.7789,-0.1266,9.3605
0.418,15.8496,-0.1272,9.4019
0.42,15.9204,-0.1277,9.4433
0.422,15.991,-0.1283,9.4846
0.424,16.0617,-0.1288,9.5259
0.426,16.1322,-0.1294,9.5672
0.428,16.2028,-0.1299,9.6085
0.43,16.2733,-0.1305,9.6497
0.432,16.3437,-0.131,9.6909
0.434,16.4141,-0.1315,9.732
0.436,16.4845,-0.1321,9.7732
0.438,16.5548,-0.1326,9.8143
0.44,16.6251,-0.1332,9.8553
0.442,16.6953,-0.1337,9.8963
0.444,16.7655,-0.1343,9.9373
0.446,16.8357,-0.1348,9.9783
0.448,16.9058,-0.1353,10.0192
0.45,16.9758,-0.1359,10.0601
0.452,17.0458,-0.1364,10.101
0.454,17.1158,-0.137,10.1418
0.456,17.1857,-0.1375,10.1826
0.458,17.2556,-0.138,10.2234
0.46,17.3254,-0.1386,10.2641
0.462,17.3952,-0.1391,10.3048
0.464,17.465,-0.1396,10.3455
0.466,17.5347,-0.1402,10.3861
0.468,17.6044,-0.1407,10.4267
0.47,17.674,-0.1412,10.4673
0.472,17.7436,-0.1418,10.5078
0.474,17.8131,-0.1423,10.5484
0.476,17.8826,-0.1428,10.5888
0.478,17.952,-0.1434,10.6293
0.48,18.0214,-0.1439,10.6697
0.482,18.0908,-0.1444,10.7101
0.484,18.1601,-0.145,10.7504
0.486,18.2294,-0.1455,10.7907
0.488,18.2986,-0.146,10.831
0.49,18.3678,-0.1466,10.8713
0.492,18.4369,-0.1471,10.9115
0.494,18.506,-0.1476,10.9517
0.496,18.5751,-0.1482,10.9918
0.498,18.6441,-0.1487,11.0319
0.5,18.7131,-0.1492,11.072
0.502,18.782,-0.1497,11.1121
0.504,18.8509,-0.1503,11.1521
0.506,18.9198,-0.1508,11.1921
0.508,18.9886,-0.1513,11.232
0.51,19.0573,-0.1518,11.272
0.512,19.126,-0.1524,11.3119
0.514,19.1947,-0.1529,11.3517
0.516,19.2634,-0.1534,11.3916
0.518,19.332,-0.1539,11.4314
0.52,19.4005,-0.1544,11.4711
0.522,19.469,-0.155,11.5109
0.524,19.5375,-0.1555,11.5506
0.526,19.6059,-0.156,11.5902
0.528,19.6743,-0.1565,11.6299
0.53,19.7426,-0.157,11.6695
0.532,19.8109,-0.1576,11.709
0.534,19.8792,-0.1581,11.7486
0.536,19.9474,-0.1586,11.7881
0.538,20.0156,-0.1591,11.8276
0.54,20.0837,-0.1596,11.867
0.542,20.1518,-0.1602,11.9064
0.544,20.2198,-0.1607,11.9458
0.546,20.2878,-0.1612,11.9852
0.548,20.3558,-0.1617,12.0245
0.55,20.4237,-0.1622,12.0638
0.552,20.4916,-0.1627,12.103
0.554,20.5595,-0.1632,12.1422
0.556,20.6273,-0.1638,12.1814
0.558,20.695,-0.1643,12.2206
0.56,20.7627,-0.1648,12.2597
0.562,20.8304,-0.1653,12.2988
0.564,20.898,-0.1658,12.3379
0.566,20.9656,-0.1663,12.3769
0.568,21.0332,-0.1668,12.4159
0.57,21.1007,-0.1673,12.4548
0.572,21.1682,-0.1678,12.4938
0.574,21.2356,-0.1684,12.5327
0.576,21.303,-0.1689,12.5716
0.578,21.3703,-0.1694,12.6104
0.58,21.4376,-0.1699,12.6492
0.582,21.5049,-0.1704,12.688
0.584,21.5721,-0.1709,12.7267
0.586,21.6393,-0.1714,12.7654
0.588,21.7065,-0.1719,12.8041
0.59,21.7736,-0.1724,12.8427
0.592,21.8406,-0.1729,12.8814
0.594,21.9077,-0.1734,12.9199
0.596,21.9746,-0.1739,12.9585
0.598,22.0416,-0.1744,12.997
0.6,22.1085,-0.1749,13.0355
0.602,22.1754,-0.1754,13.0739
0.604,22.2422,-0.1759,13.1124
0.606,22.309,-0.1764,13.1508
0.608,22.3757,-0.1769,13.1891
0.61,22.4424,-0.1774,13.2275
0.612,22.5091,-0.1779,13.2657
0.614,22.5757,-0.1784,13.304
0.616,22.6423,-0.1789,13.3422
0.618,22.7088,-0.1794,13.3804
0.62,22.7753,-0.1799,13.4186
0.622,22.8418,-0.1804,13.4568
0.624,22.9082,-0.1809,13.4949
0.626,22.9746,-0.1814,13.5329
0.628,23.0409,-0.1819,13.571
0.63,23.1072,-0.1824,13.609
0.632,23.1735,-0.1829,13.647
0.634,23.2397,-0.1834,13.6849
0.636,23.3059,-0.1839,13.7228
0.638,23.372,-0.1844,13.7607
0.64,23.4382,-0.1849,13.7986
0.642,23.5042,-0.1854,13.8364
0.644,23.5702,-0.1859,13.8742
0.646,23.6362,-0.1863,13.9119
0.648,23.7022,-0.1868,13.9496
0.65,23.7681,-0.1873,13.9873
0.652,23.834,-0.1878,14.025
0.654,23.8998,-0.1883,14.0626
0.656,23.9656,-0.1888,14.1002
0.658,24.0313,-0.1893,14.1378
0.66,24.0971,-0.1898,14.1753
0.662,24.1627,-0.1903,14.2128
0.664,24.2284,-0.1908,14.2503
0.666,24.294,-0.1912,14.2877
0.668,24.3595,-0.1917,14.3252
0.67,24.4251,-0.1922,14.3625
0.672,24.4905,-0.1927,14.3999
0.674,24.556,-0.1932,14.4372
0.676,24.6214,-0.1937,14.4745
0.678,24.6868,-0.1942,14.5117
0.68,24.7521,-0.1946,14.5489
0.682,24.8174,-0.1951,14.5861
0.684,24.8826,-0.1956,14.6233
0.686,24.9478,-0.1961,14.6604
0.688,25.013,-0.1966,14.6975
0.69,25.0781,-0.197,14.7346
0.692,25.1432,-0.1975,14.7716
0.694,25.2083,-0.198,14.8086
0.696,25.2733,-0.1985,14.8456
0.698,25.3383,-0.199,14.8825
0.7,25.4033,-0.1994,14.9194
0.702,25.4682,-0.1999,14.9563
0.704,25.533,-0.2004,14.9931
0.706,25.5979,-0.2009,15.0299
0.708,25.6627,-0.2014,15.0667
0.71,25.7274,-0.2018,15.1035
0.712,25.7921,-0.2023,15.1402
0.714,25.8568,-0.2028,15.1769
0.716,25.9215,-0.2033,15.2135
0.718,25.9861,-0.2037,15.2501
0.72,26.0506,-0.2042,15.2867
0.722,26.1152,-0.2047,15.3233
0.724,26.1796,-0.2052,15.3598
0.726,26.2441,-0.2056,15.3963
0.728,26.3085,-0.2061,15.4328
0.73,26.3729,-0.2066,15.4692
0.732,26.4372,-0.2071,15.5056
0.734,26.5015,-0.2075,15.542
0.736,26.5658,-0.208,15.5783
0.738,26.63,-0.2085,15.6146
0.74,26.6942,-0.2089,15.6509
0.742,26.7584,-0.2094,15.6872
0.744,26.8225,-0.2099,15.7234
0.746,26.8866,-0.2104,15.7596
0.748,26.9506,-0.2108,15.7957
0.75,27.0146,-0.2113,15.8318
0.752,27.0786,-0.2118,15.8679
0.754,27.1425,-0.2122,15.904
0.756,27.2064,-0.2127,15.94
0.758,27.2703,-0.2132,15.976
0.76,27.3341,-0.2136,16.012
0.762,27.3979,-0.2141,16.0479
0.764,27.4617,-0.2146,16.0838
0.766,27.5254,-0.215,16.1197
0.768,27.5891,-0.2155,16.1555
0.77,27.6527,-0.2159,16.1913
0.772,27.7163,-0.2164,16.2271
0.774,27.7799,-0.2169,16.2628
0.776,27.8434,-0.2173,16.2985
0.778,27.9069,-0.2178,16.3342
0.78,27.9704,-0.2183,16.3699
0.782,28.0338,-0.2187,16.4055
0.784,28.0972,-0.2192,16.4411
0.786,28.1605,-0.2196,16.4767
0.788,28.2238,-0.2201,16.5122
0.79,28.2871,-0.2206,16.5477
0.792,28.3503,-0.221,16.5831
0.794,28.4135,-0.2215,16.6186
0.796,28.4767,-0.2219,16.654
0.798,28.5398,-0.2224,16.6893
0.8,28.6029,-0.2229,16.7247
0.802,28.666,-0.2233,16.76
0.804,28.729,-0.2238,16.7953
0.806,28.792,-0.2242,16.8305
0.808,28.855,-0.2247,16.8657
0.81,28.9179,-0.2251,16.9009
0.812,28.9808,-0.2256,16.9361
0.814,29.0436,-0.2261,16.9712
0.816,29.1064,-0.2265,17.0063
0.818,29.1692,-0.227,17.0414
0.82,29.2319,-0.2274,17.0764
0.822,29.2946,-0.2279,17.1114
0.824,29.3573,-0.2283,17.1464
0.826,29.4199,-0.2288,17.1813
0.828,29.4825,-0.2292,17.2162
0.83,29.5451,-0.2297,17.2511
0.832,29.6076,-0.2301,17.2859
0.834,29.6701,-0.2306,17.3207
0.836,29.7326,-0.231,17.3555
0.838,29.795,-0.2315,17.3903
0.84,29.8574,-0.2319,17.425
0.842,29.9197,-0.2324,17.4597
0.844,29.982,-0.2328,17.4943
0.846,30.0443,-0.2333,17.5289
0.848,30.1066,-0.2337,17.5635
0.85,30.1688,-0.2342,17.5981
0.852,30.2309,-0.2346,17.6326
0.854,30.2931,-0.2351,17.6671
0.856,30.3552,-0.2355,17.7016
0.858,30.4173,-0.2359,17.7361
0.86,30.4793,-0.2364,17.7705
0.862,30.5413,-0.2368,17.8048
0.864,30.6033,-0.2373,17.8392
0.866,30.6652,-0.2377,17.8735
0.868,30.7271,-0.2382,17.9078
0.87,30.7889,-0.2386,17.9421
0.872,30.8508,-0.2391,17.9763
0.874,30.9126,-0.2395,18.0105
0.876,30.9743,-0.2399,18.0446
0.878,31.0361,-0.2404,18.0788
0.88,31.0977,-0.2408,18.1129
0.882,31.1594,-0.2413,18.1469
0.884,31.221,-0.2417,18.181
0.886,31.2826,-0.2421,18.215
0.888,31.3442,-0.2426,18.249
0.89,31.4057,-0.243,18.2829
0.8921,31.4687,-0.2435,18.3177
0.8941,31.5317,-0.2439,18.3524
0.8962,31.5946,-0.2444,18.3871
0.8982,31.6575,-0.2448,18.4218
0.9003,31.7204,-0.2453,18.4564
0.9023,31.7833,-0.2457,18.491
0.9044,31.8461,-0.2462,18.5256
0.9064,31.9088,-0.2466,18.5601
0.9085,31.9716,-0.2471,18.5946
0.9105,32.0343,-0.2475,18.6291
0.9126,32.0969,-0.2479,18.6635
0.9146,32.1596,-0.2484,18.6979
0.9167,32.2222,-0.2488,18.7323
0.9187,32.2847,-0.2493,18.7667
0.9208,32.3472,-0.2497,18.801
0.9228,32.4097,-0.2502,18.8353
0.9249,32.4722,-0.2506,18.8695
0.9269,32.5346,-0.2511,18.9037
0.929,32.597,-0.2515,18.9379
0.931,32.6593,-0.2519,18.972
0.9331,32.7216,-0.2524,19.0062
0.9351,32.7839,-0.2528,19.0402
0.9372,32.8462,-0.2533,19.0743
0.9392,32.9084,-0.2537,19.1083
0.9413,32.9705,-0.2541,19.1423
0.9433,33.0327,-0.2546,19.1763
0.9454,33.0948,-0.255,19.2102
0.9474,33.1568,-0.2555,19.2441
0.9495,33.2189,-0.2559,19.2779
0.9515,33.2809,-0.2563,19.3118
0.9536,33.3428,-0.2568,19.3456
0.9556,33.4048,-0.2572,19.3793
0.9577,33.4667,-0.2576,19.4131
0.9597,33.5285,-0.2581,19.4468
0.9618,33.5903,-0.2585,19.4804
0.9638,33.6521,-0.259,19.5141
0.9659,33.7139,-0.2594,19.5477
0.9679,33.7756,-0.2598,19.5812
0.97,33.8373,-0.2603,19.6148
0.972,33.899,-0.2607,19.6483
0.9741,33.9606,-0.2611,19.6818
0.9761,34.0222,-0.2616,19.7152
0.9782,34.0837,-0.262,19.7486
0.9802,34.1452,-0.2624,19.782
0.9823,34.2067,-0.2629,19.8153
0.9843,34.2681,-0.2633,19.8486
0.9864,34.3296,-0.2637,19.8819
0.9884,34.3909,-0.2641,19.9152
0.9905,34.4523,-0.2646,19.9484
0.9925,34.5136,-0.265,19.9816
0.9946,34.5749,-0.2654,20.0147
0.9966,34.6361,-0.2659,20.0478
0.9987,34.6973,-0.2663,20.0809
1.0007,34.7585,-0.2667,20.114
1.0028,34.8197,-0.2671,20.147
1.0048,34.8808,-0.2676,20.18
1.0069,34.9418,-0.268,20.213
1.0089,35.0029,-0.2684,20.2459
1.011,35.0639,-0.2689,20.2788
1.013,35.1249,-0.2693,20.3117
1.0151,35.1858,-0.2697,20.3445
1.0171,35.2467,-0.2701,20.3773
1.0192,35.3076,-0.2706,20.4101
1.0212,35.3684,-0.271,20.4428
1.0233,35.4292,-0.2714,20.4755
1.0253,35.49,-0.2718,20.5082
1.0274,35.5507,-0.2723,20.5408
1.0294,35.6115,-0.2727,20.5734
1.0315,35.6721,-0.2731,20.606
1.0335,35.7328,-0.2735,20.6386
1.0356,35.7934,-0.2739,20.6711
1.0376,35.8539,-0.2744,20.7035
1.0397,35.9145,-0.2748,20.736
1.0417,35.975,-0.2752,20.7684
1.0438,36.0355,-0.2756,20.8008
1.0458,36.0959,-0.276,20.8332
1.0479,36.1563,-0.2765,20.8655
1.0499,36.2167,-0.2769,20.8978
1.052,36.277,-0.2773,20.93
1.054,36.3374,-0.2777,20.9622
1.0561,36.3976,-0.2781,20.9944
1.0581,36.4579,-0.2786,21.0266
1.0602,36.5181,-0.279,21.0587
1.0622,36.5783,-0.2794,21.0908
1.0643,36.6384,-0.2798,21.1229
1.0663,36.6985,-0.2802,21.1549
1.0684,36.7586,-0.2806,21.1869
1.0704,36.8187,-0.2811,21.2189
1.0725,36.8787,-0.2815,21.2509
1.0745,36.9387,-0.2819,21.2828
1.0766,36.9986,-0.2823,21.3146
1.0786,37.0586,-0.2827,21.3465
1.0807,37.1184,-0.2831,21.3783
1.0827,37.1783,-0.2835,21.4101
1.0848,37.2381,-0.2839,21.4418
1.0868,37.2979,-0.2844,21.4735
1.0889,37.3577,-0.2848,21.5052
1.0909,37.4174,-0.2852,21.5369
1.093,37.4771,-0.2856,21.5685
1.095,37.5368,-0.286,21.6001
1.0971,37.5964,-0.2864,21.6316
1.0991,37.656,-0.2868,21.6632
1.1012,37.7156,-0.2872,21.6947
1.1032,37.7751,-0.2876,21.7261
1.1053,37.8346,-0.2881,21.7576
1.1073,37.8941,-0.2885,21.789
1.1094,37.9535,-0.2889,21.8203
1.1114,38.0129,-0.2893,21.8517
1.1135,38.0723,-0.2897,21.883
1.1155,38.1316,-0.2901,21.9142
1.1176,38.191,-0.2905,21.9455
1.1196,38.2502,-0.2909,21.9767
1.1217,38.3095,-0.2913,22.0079
1.1237,38.3687,-0.2917,22.039
1.1258,38.4279,-0.2921,22.0701
1.1278,38.487,-0.2925,22.1012
1.1299,38.5462,-0.2929,22.1323
1.1319,38.6053,-0.2933,22.1633
1.134,38.6643,-0.2937,22.1943
1.136,38.7234,-0.2941,22.2252
1.1381,38.7824,-0.2945,22.2561
1.1401,38.8413,-0.2949,22.287
1.1422,38.9003,-0.2953,22.3179
1.1442,38.9592,-0.2958,22.3487
1.1463,39.018,-0.2962,22.3795
1.1483,39.0769,-0.2966,22.4103
1.1504,39.1357,-0.297,22.441
1.1524,39.1945,-0.2974,22.4717
1.1545,39.2532,-0.2978,22.5024
1.1565,39.3119,-0.2982,22.533
1.1586,39.3706,-0.2986,22.5637
1.1606,39.4293,-0.299,22.5942
1.1627,39.4879,-0.2994,22.6248
1.1647,39.5465,-0.2998,22.6553
1.1668,39.6051,-0.3001,22.6858
1.1688,39.6636,-0.3005,22.7162
1.1709,39.7221,-0.3009,22.7466
1.1729,39.7806,-0.3013,22.777
1.175,39.839,-0.3017,22.8074
1.177,39.8974,-0.3021,22.8377
1.1791,39.9558,-0.3025,22.868
1.1811,40.0142,-0.3029,22.8983
1.1832,40.0725,-0.3033,22.9285
1.1852,40.1308,-0.3037,22.9587
1.1873,40.189,-0.3041,22.9889
1.1893,40.2473,-0.3045,23.019
1.1914,40.3055,-0.3049,23.0491
1.1934,40.3636,-0.3053,23.0792
1.1955,40.4218,-0.3057,23.1092
1.1975,40.4799,-0.3061,23.1392
1.1996,40.5379,-0.3065,23.1692
1.2016,40.596,-0.3069,23.1991
1.2037,40.654,-0.3073,23.2291
1.2057,40.712,-0.3076,23.2589
1.2078,40.7699,-0.308,23.2888
1.2098,40.8279,-0.3084,23.3186
1.2119,40.8858,-0.3088,23.3484
1.2139,40.9436,-0.3092,23.3782
1.216,41.0015,-0.3096,23.4079
1.218,41.0593,-0.31,23.4376
1.2201,41.1171,-0.3104,23.4672
1.2221,41.1748,-0.3108,23.4969
1.2242,41.2325,-0.3112,23.5265
1.2262,41.2902,-0.3115,23.556
1.2283,41.3479,-0.3119,23.5856
1.2303,41.4055,-0.3123,23.6151
1.2324,41.4631,-0.3127,23.6446
1.2344,41.5206,-0.3131,23.674
1.2365,41.5782,-0.3135,23.7034
1.2385,41.6357,-0.3139,23.7328
1.2406,41.6932,-0.3142,23.7621
1.2426,41.7506,-0.3146,23.7915
1.2447,41.808,-0.315,23.8207
1.2467,41.8654,-0.3154,23.85
1.2488,41.9228,-0.3158,23.8792
1.2508,41.9801,-0.3162,23.9084
1.2529,42.0374,-0.3166,23.9376
1.2549,42.0947,-0.3169,23.9667
1.257,42.1519,-0.3173,23.9958
1.259,42.2092,-0.3177,24.0249
1.2611,42.2663,-0.3181,24.0539
1.2631,42.3235,-0.3185,24.0829
1.2652,42.3806,-0.3188,24.1119
1.2672,42.4377,-0.3192,24.1408
1.2693,42.4948,-0.3196,24.1697
1.2713,42.5518,-0.32,24.1986
1.2734,42.6088,-0.3204,24.2275
1.2754,42.6658,-0.3207,24.2563
1.2775,42.7228,-0.3211,24.2851
1.2795,42.7797,-0.3215,24.3138
1.2816,42.8366,-0.3219,24.3426
1.2836,42.8935,-0.3223,24.3712
1.2857,42.9503,-0.3226,24.3999
1.2877,43.0071,-0.323,24.4285
1.2898,43.0639,-0.3234,24.4571
1.2918,43.1206,-0.3238,24.4857
1.2939,43.1774,-0.3242,24.5142
1.2959,43.2341,-0.3245,24.5427
1.298,43.2907,-0.3249,24.5712
1.3,43.3474,-0.3253,24.5997
1.3021,43.404,-0.3257,24.6281
1.3041,43.4605,-0.326,24.6564
1.3062,43.5171,-0.3264,24.6848
1.3082,43.5736,-0.3268,24.7131
1.3103,43.6301,-0.3272,24.7414
1.3123,43.6866,-0.3275,24.7696
1.3144,43.743,-0.3279,24.7979
1.3164,43.7994,-0.3283,24.8261
1.3185,43.8558,-0.3286,24.8542
1.3205,43.9122,-0.329,24.8824
1.3226,43.9685,-0.3294,24.9105
1.3246,44.0248,-0.3298,24.9385
1.3267,44.081,-0.3301,24.9666
1.3287,44.1373,-0.3305,24.9946
1.3308,44.1935,-0.3309,25.0225
1.3328,44.2497,-0.3313,25.0505
1.3349,44.3058,-0.3316,25.0784
1.3369,44.362,-0.332,25.1063
1.339,44.4181,-0.3324,25.1341
1.341,44.4741,-0.3327,25.1619
1.3431,44.5302,-0.3331,25.1897
1.3451,44.5862,-0.3335,25.2175
1.3472,44.6422,-0.3338,25.2452
1.3492,44.6981,-0.3342,25.2729
1.3513,44.7541,-0.3346,25.3006
1.3533,44.81,-0.3349,25.3282
1.3554,44.8658,-0.3353,25.3558
1.3574,44.9217,-0.3357,25.3834
1.3595,44.9775,-0.336,25.4109
1.3615,45.0333,-0.3364,25.4384
1.3636,45.0891,-0.3368,25.4659
1.3656,45.1448,-0.3371,25.4933
1.3677,45.2005,-0.3375,25.5208
1.3697,45.2562,-0.3379,25.5481
1.3718,45.3119,-0.3382,25.5755
1.3738,45.3675,-0.3386,25.6028
1.3759,45.4231,-0.339,25.6301
1.3779,45.4787,-0.3393,25.6574
1.38,45.5342,-0.3397,25.6846
1.382,45.5897,-0.3401,25.7118
1.3841,45.6452,-0.3404,25.739
1.3861,45.7007,-0.3408,25.7661
1.3882,45.7561,-0.3411,25.7932
1.3902,45.8115,-0.3415,25.8203
1.3923,45.8669,-0.3419,25.8473
1.3943,45.9223,-0.3422,25.8743
1.3964,45.9776,-0.3426,25.9013
1.3984,46.0329,-0.3429,25.9283
1.4005,46.0882,-0.3433,25.9552
1.4025,46.1434,-0.3437,25.9821
1.4046,46.1986,-0.344,26.0089
1.4066,46.2538,-0.3444,26.0357
1.4087,46.309,-0.3447,26.0625
1.4107,46.3641,-0.3451,26.0893
1.4128,46.4193,-0.3455,26.116
1.4148,46.4743,-0.3458,26.1427
1.4169,46.5294,-0.3462,26.1694
1.4189,46.5844,-0.3465,26.1961
1.421,46.6394,-0.3469,26.2227
1.423,46.6944,-0.3473,26.2492
1.4251,46.7494,-0.3476,26.2758
1.4271,46.8043,-0.348,26.3023
1.4292,46.8592,-0.3483,26.3288
1.4312,46.9141,-0.3487,26.3552
1.4333,46.9689,-0.349,26.3817
1.4353,47.0237,-0.3494,26.4081
1.4374,47.0785,-0.3497,26.4344
1.4394,47.1333,-0.3501,26.4608
1.4415,47.188,-0.3505,26.4871
1.4435,47.2427,-0.3508,26.5133
1.4456,47.2974,-0.3512,26.5396
1.4476,47.3521,-0.3515,26.5658
1.4497,47.4067,-0.3519,26.5919
1.4517,47.4613,-0.3522,26.6181
1.4538,47.5159,-0.3526,26.6442
1.4558,47.5705,-0.3529,26.6703
1.4579,47.625,-0.3533,26.6963
1.4599,47.6795,-0.3536,26.7224
1.462,47.734,-0.354,26.7484
1.464,47.7884,-0.3543,26.7743
1.4661,47.8429,-0.3547,26.8002
1.4681,47.8973,-0.355,26.8261
1.4702,47.9516,-0.3554,26.852
1.4722,48.006,-0.3557,26.8779
1.4743,48.0603,-0.3561,26.9037
1.4763,48.1146,-0.3564,26.9294
1.4784,48.1689,-0.3568,26.9552
1.4804,48.2231,-0.3571,26.9809
1.4825,48.2773,-0.3575,27.0066
1.4845,48.3315,-0.3578,27.0322
1.4866,48.3857,-0.3582,27.0579
1.4886,48.4398,-0.3585,27.0834
1.4907,48.4939,-0.3589,27.109
1.4927,48.548,-0.3592,27.1345
1.4948,48.6021,-0.3596,27.16
1.4968,48.6561,-0.3599,27.1855
1.4989,48.7102,-0.3603,27.2109
1.5009,48.7641,-0.3606,27.2363
1.503,48.8181,-0.361,27.2617
1.505,48.872,-0.3613,27.2871
1.5071,48.9259,-0.3616,27.3124
1.5091,48.9798,-0.362,27.3377
1.5112,49.0337,-0.3623,27.3629
1.5132,49.0875,-0.3627,27.3881
1.5153,49.1413,-0.363,27.4133
1.5173,49.1951,-0.3634,27.4385
1.5194,49.2489,-0.3637,27.4636
1.5214,49.3026,-0.3641,27.4887
1.5235,49.3563,-0.3644,27.5138
1.5255,49.41,-0.3647,27.5388
1.5276,49.4637,-0.3651,27.5638
1.5296,49.5173,-0.3654,27.5888
1.5317,49.5709,-0.3658,27.6138
1.5337,49.6245,-0.3661,27.6387
1.5358,49.678,-0.3664,27.6636
1.5378,49.7316,-0.3668,27.6884
1.5399,49.7851,-0.3671,27.7132
1.5419,49.8386,-0.3675,27.738
1.544,49.892,-0.3678,27.7628
1.546,49.9454,-0.3681,27.7875
1.5481,49.9988,-0.3685,27.8122
1.5501,50.0522,-0.3688,27.8369
1.5522,50.1056,-0.3692,27.8615
1.5542,50.1589,-0.3695,27.8861
1.5563,50.2122,-0.3698,27.9107
1.5583,50.2655,-0.3702,27.9353
1.5604,50.3188,-0.3705,27.9598
1.5624,50.372,-0.3709,27.9843
1.5645,50.4252,-0.3712,28.0087
1.5665,50.4784,-0.3715,28.0331
1.5686,50.5316,-0.3719,28.0575
1.5706,50.5847,-0.3722,28.0819
1.5727,50.6378,-0.3725,28.1062
1.5747,50.6909,-0.3729,28.1305
1.5768,50.7439,-0.3732,28.1548
1.5788,50.797,-0.3735,28.179
1.5809,50.85,-0.3739,28.2033
1.5829,50.903,-0.3742,28.2274
1.585,50.9559,-0.3745,28.2516
1.587,51.0089,-0.3749,28.2757
1.5891,51.0618,-0.3752,28.2998
1.5911,51.1147,-0.3756,28.3239
1.5932,51.1676,-0.3759,28.3479
1.5952,51.2204,-0.3762,28.3719
1.5973,51.2732,-0.3766,28.3958
1.5993,51.326,-0.3769,28.4198
1.6014,51.3788,-0.3772,28.4437
1.6034,51.4315,-0.3775,28.4676
1.6055,51.4842,-0.3779,28.4914
1.6075,51.5369,-0.3782,28.5152
1.6096,51.5896,-0.3785,28.539
1.6116,51.6423,-0.3789,28.5628
1.6137,51.6949,-0.3792,28.5865
1.6157,51.7475,-0.3795,28.6102
1.6178,51.8001,-0.3799,28.6338
1.6198,51.8526,-0.3802,28.6575
1.6219,51.9052,-0.3805,28.6811
1.6239,51.9577,-0.3809,28.7046
1.626,52.0101,-0.3812,28.7282
1.628,52.0626,-0.3815,28.7517
1.6301,52.115,-0.3818,28.7752
1.6321,52.1674,-0.3822,28.7986
1.6342,52.2198,-0.3825,28.822
1.6362,52.2722,-0.3828,28.8454
1.6383,52.3245,-0.3832,28.8688
1.6403,52.3768,-0.3835,28.8921
1.6424,52.4291,-0.3838,28.9154
1.6444,52.4814,-0.3841,28.9386
1.6465,52.5337,-0.3845,28.9619
1.6485,52.5859,-0.3848,28.9851
1.6506,52.6381,-0.3851,29.0083
1.6526,52.6902,-0.3854,29.0314
1.6547,52.7424,-0.3858,29.0545
1.6567,52.7945,-0.3861,29.0776
1.6588,52.8466,-0.3864,29.1006
1.6608,52.8987,-0.3867,29.1237
1.6629,52.9508,-0.3871,29.1467
1.6649,53.0028,-0.3874,29.1696
1.667,53.0548,-0.3877,29.1926
1.669,53.1068,-0.388,29.2155
1.6711,53.1588,-0.3884,29.2383
1.6731,53.2107,-0.3887,29.2612
1.6752,53.2626,-0.389,29.284
1.6772,53.3145,-0.3893,29.3067
1.6793,53.3664,-0.3897,29.3295
1.6813,53.4182,-0.39,29.3522
1.6834,53.4701,-0.3903,29.3749
1.6854,53.5219,-0.3906,29.3976
1.6875,53.5737,-0.3909,29.4202
1.6895,53.6254,-0.3913,29.4428
1.6916,53.6771,-0.3916,29.4653
1.6936,53.7289,-0.3919,29.4879
1.6957,53.7805,-0.3922,29.5104
1.6977,53.8322,-0.3925,29.5329
1.6998,53.8838,-0.3929,29.5553
1.7018,53.9355,-0.3932,29.5777
1.7039,53.9871,-0.3935,29.6001
1.7059,54.0386,-0.3938,29.6224
1.708,54.0902,-0.3941,29.6448
1.71,54.1417,-0.3945,29.6671
1.7121,54.1932,-0.3948,29.6893
1.7141,54.2447,-0.3951,29.7116
1.7162,54.2962,-0.3954,29.7338
1.7182,54.3476,-0.3957,29.7559
1.7203,54.399,-0.3961,29.7781
1.7223,54.4504,-0.3964,29.8002
1.7244,54.5018,-0.3967,29.8223
1.7264,54.5531,-0.397,29.8443
1.7285,54.6044,-0.3973,29.8663
1.7305,54.6558,-0.3976,29.8883
1.7326,54.707,-0.3979,29.9103
1.7346,54.7583,-0.3983,29.9322
1.7367,54.8095,-0.3986,29.9541
1.7387,54.8607,-0.3989,29.976
1.7408,54.9119,-0.3992,29.9978
1.7428,54.9631,-0.3995,30.0196
1.7449,55.0142,-0.3998,30.0414
1.7469,55.0654,-0.4002,30.0631
1.749,55.1165,-0.4005,30.0849
1.751,55.1675,-0.4008,30.1065
1.7531,55.2186,-0.4011,30.1282
1.7551,55.2696,-0.4014,30.1498
1.7572,55.3206,-0.4017,30.1714
1.7592,55.3716,-0.402,30.193
1.7613,55.4226,-0.4023,30.2145
1.7633,55.4736,-0.4027,30.236
1.7654,55.5245,-0.403,30.2575
1.7674,55.5754,-0.4033,30.279
1.7695,55.6263,-0.4036,30.3004
1.7715,55.6771,-0.4039,30.3218
1.7736,55.728,-0.4042,30.3431
1.7756,55.7788,-0.4045,30.3644
1.7777,55.8296,-0.4048,30.3857
1.7797,55.8803,-0.4052,30.407
1.7818,55.9311,-0.4055,30.4282
1.7838,55.9818,-0.4058,30.4494
1.7859,56.0325,-0.4061,30.4706
1.7879,56.0832,-0.4064,30.4917
1.79,56.1339,-0.4067,30.5129
1.792,56.1845,-0.407,30.5339
1.7941,56.2351,-0.4073,30.555
1.7961,56.2857,-0.4076,30.576
1.7982,56.3363,-0.4079,30.597
1.8002,56.3869,-0.4082,30.618
1.8023,56.4374,-0.4086,30.6389
1.8043,56.4879,-0.4089,30.6598
1.8064,56.5384,-0.4092,30.6807
1.8084,56.5889,-0.4095,30.7015
1.8105,56.6393,-0.4098,30.7223
1.8125,56.6897,-0.4101,30.7431
1.8146,56.7401,-0.4104,30.7638
1.8166,56.7905,-0.4107,30.7846
1.8187,56.8409,-0.411,30.8053
1.8207,56.8912,-0.4113,30.8259
1.8228,56.9415,-0.4116,30.8466
1.8248,56.9918,-0.4119,30.8672
1.8269,57.0421,-0.4122,30.8877
1.8289,57.0924,-0.4125,30.9083
1.831,57.1426,-0.4128,30.9288
1.833,57.1928,-0.4131,30.9493
1.8351,57.243,-0.4134,30.9697
1.8371,57.2932,-0.4138,30.9901
1.8392,57.3433,-0.4141,31.0105
1.8412,57.3934,-0.4144,31.0309
1.8433,57.4435,-0.4147,31.0512
1.8453,57.4936,-0.415,31.0715
1.8474,57.5437,-0.4153,31.0918
1.8494,57.5937,-0.4156,31.112
1.8515,57.6438,-0.4159,31.1322
1.8535,57.6938,-0.4162,31.1524
1.8556,57.7437,-0.4165,31.1725
1.8576,57.7937,-0.4168,31.1927
1.8597,57.8436,-0.4171,31.2127
1.8617,57.8936,-0.4174,31.2328
1.8638,57.9434,-0.4177,31.2528
1.8658,57.9933,-0.418,31.2728
1.8679,58.0432,-0.4183,31.2928
1.8699,58.093,-0.4186,31.3127
1.872,58.1428,-0.4189,31.3326
1.874,58.1926,-0.4192,31.3525
1.8761,58.2424,-0.4195,31.3724
1.8781,58.2921,-0.4198,31.3922
1.8802,58.3419,-0.4201,31.412
1.8822,58.3916,-0.4204,31.4317
1.8843,58.4413,-0.4207,31.4515
1.8863,58.4909,-0.421,31.4712
1.8884,58.5406,-0.4213,31.4908
1.8904,58.5902,-0.4216,31.5105
1.8925,58.6398,-0.4219,31.5301
1.8945,58.6894,-0.4222,31.5497
1.8966,58.739,-0.4225,31.5692
1.8986,58.7885,-0.4228,31.5887
1.9007,58.8381,-0.4231,31.6082
1.9027,58.8876,-0.4234,31.6277
1.9048,58.9371,-0.4237,31.6471
1.9068,58.9865,-0.424,31.6665
1.9089,59.036,-0.4242,31.6859
1.9109,59.0854,-0.4245,31.7052
1.913,59.1348,-0.4248,31.7245
1.915,59.1842,-0.4251,31.7438
1.9171,59.2335,-0.4254,31.763
1.9191,59.2829,-0.4257,31.7823
1.9212,59.3322,-0.426,31.8014
1.9232,59.3815,-0.4263,31.8206
1.9253,59.4308,-0.4266,31.8397
1.9273,59.4801,-0.4269,31.8588
1.9294,59.5293,-0.4272,31.8779
1.9314,59.5785,-0.4275,31.8969
1.9335,59.6277,-0.4278,31.9159
1.9355,59.6769,-0.4281,31.9349
1.9376,59.7261,-0.4284,31.9539
1.9396,59.7752,-0.4287,31.9728
1.9417,59.8243,-0.429,31.9917
1.9437,59.8734,-0.4293,32.0105
1.9458,59.9225,-0.4295,32.0294
1.9478,59.9716,-0.4298,32.0482
1.9499,60.0206,-0.4301,32.0669
1.9519,60.0697,-0.4304,32.0857
1.954,60.1187,-0.4307,32.1044
1.956,60.1677,-0.431,32.1231
1.9581,60.2166,-0.4313,32.1417
1.9601,60.2656,-0.4316,32.1603
1.9622,60.3145,-0.4319,32.1789
1.9642,60.3634,-0.4322,32.1975
1.9663,60.4123,-0.4325,32.216
1.9683,60.4612,-0.4327,32.2345
1.9704,60.51,-0.433,32.253
1.9724,60.5588,-0.4333,32.2714
1.9745,60.6076,-0.4336,32.2898
1.9765,60.6564,-0.4339,32.3082
1.9786,60.7052,-0.4342,32.3266
1.9806,60.7539,-0.4345,32.3449
1.9827,60.8027,-0.4348,32.3632
1.9847,60.8514,-0.4351,32.3814
1.9868,60.9001,-0.4353,32.3997
1.9888,60.9487,-0.4356,32.4179
1.9909,60.9974,-0.4359,32.4361
1.9929,61.046,-0.4362,32.4542
1.995,61.0946,-0.4365,32.4723
1.997,61.1432,-0.4368,32.4904
1.9991,61.1918,-0.4371,32.5084
2.0011,61.2404,-0.4374,32.5265
2.0032,61.2889,-0.4376,32.5445
2.0052,61.3374,-0.4379,32.5624
2.0073,61.3859,-0.4382,32.5804
2.0093,61.4344,-0.4385,32.5983
2.0114,61.4829,-0.4388,32.6161
2.0134,61.5313,-0.4391,32.634
2.0155,61.5797,-0.4394,32.6518
2.0175,61.6281,-0.4396,32.6696
2.0196,61.6765,-0.4399,32.6873
2.0216,61.7249,-0.4402,32.7051
2.0237,61.7732,-0.4405,32.7227
2.0257,61.8216,-0.4408,32.7404
2.0278,61.8699,-0.4411,32.758
2.0298,61.9182,-0.4414,32.7757
2.0319,61.9664,-0.4416,32.7932
2.0339,62.0147,-0.4419,32.8108
2.036,62.0629,-0.4422,32.8283
2.038,62.1111,-0.4425,32.8458
2.0401,62.1593,-0.4428,32.8632
2.0421,62.2075,-0.4431,32.8807
2.0442,62.2557,-0.4433,32.8981
2.0462,62.3038,-0.4436,32.9154
2.0483,62.3519,-0.4439,32.9328
2.0503,62.4,-0.4442,32.9501
2.0524,62.4481,-0.4445,32.9674
2.0544,62.4962,-0.4448,32.9846
2.0565,62.5442,-0.445,33.0018
2.0585,62.5922,-0.4453,33.019
2.0606,62.6402,-0.4456,33.0362
2.0626,62.6882,-0.4459,33.0533
2.0647,62.7362,-0.4462,33.0704
2.0667,62.7842,-0.4464,33.0875
2.0688,62.8321,-0.4467,33.1045
2.0708,62.88,-0.447,33.1215
2.0729,62.9279,-0.4473,33.1385
2.0749,62.9758,-0.4476,33.1554
2.077,63.0236,-0.4478,33.1724
2.079,63.0715,-0.4481,33.1893
2.0811,63.1193,-0.4484,33.2061
2.0831,63.1671,-0.4487,33.223
2.0852,63.2149,-0.449,33.2398
2.0872,63.2627,-0.4492,33.2565
2.0893,63.3104,-0.4495,33.2733
2.0913,63.3581,-0.4498,33.29
2.0934,63.4059,-0.4501,33.3067
2.0954,63.4536,-0.4503,33.3233
2.0975,63.5012,-0.4506,33.34
2.0995,63.5489,-0.4509,33.3565
2.1016,63.5965,-0.4512,33.3731
2.1036,63.6442,-0.4515,33.3896
2.1057,63.6918,-0.4517,33.4062
2.1077,63.7394,-0.452,33.4226
2.1098,63.7869,-0.4523,33.4391
2.1118,63.8345,-0.4526,33.4555
2.1139,63.882,-0.4528,33.4719
2.1159,63.9295,-0.4531,33.4882
2.118,63.977,-0.4534,33.5046
2.12,64.0245,-0.4537,33.5209
2.1221,64.072,-0.4539,33.5371
2.1241,64.1194,-0.4542,33.5534
2.1262,64.1668,-0.4545,33.5696
2.1282,64.2142,-0.4548,33.5858
2.1303,64.2616,-0.455,33.6019
2.1323,64.309,-0.4553,33.618
2.1344,64.3563,-0.4556,33.6341
2.1364,64.4037,-0.4559,33.6502
2.1385,64.451,-0.4561,33.6662
2.1405,64.4983,-0.4564,33.6822
2.1426,64.5456,-0.4567,33.6982
2.1446,64.5929,-0.457,33.7141
2.1467,64.6401,-0.4572,33.73
2.1487,64.6873,-0.4575,33.7459
2.1508,64.7345,-0.4578,33.7618
2.1528,64.7817,-0.4581,33.7776
2.1549,64.8289,-0.4583,33.7934
2.1569,64.8761,-0.4586,33.8092
2.159,64.9232,-0.4589,33.8249
2.161,64.9703,-0.4591,33.8406
2.1631,65.0174,-0.4594,33.8563
2.1651,65.0645,-0.4597,33.8719
2.1672,65.1116,-0.46,33.8875
2.1692,65.1587,-0.4602,33.9031
2.1713,65.2057,-0.4605,33.9187
2.1733,65.2527,-0.4608,33.9342
2.1754,65.2997,-0.461,33.9497
2.1774,65.3467,-0.4613,33.9652
2.1795,65.3937,-0.4616,33.9806
2.1815,65.4406,-0.4619,33.996
2.1836,65.4876,-0.4621,34.0114
2.1856,65.5345,-0.4624,34.0268
2.1877,65.5814,-0.4627,34.0421
2.1897,65.6283,-0.4629,34.0574
2.1918,65.6751,-0.4632,34.0726
2.1938,65.722,-0.4635,34.0879
2.1959,65.7688,-0.4637,34.1031
2.1979,65.8156,-0.464,34.1183
2.2,65.8624,-0.4643,34.1334
2.202,65.9092,-0.4645,34.1485
2.2041,65.9559,-0.4648,34.1636
2.2061,66.0027,-0.4651,34.1787
2.2082,66.0494,-0.4654,34.1937
2.2102,66.0961,-0.4656,34.2087
2.2123,66.1428,-0.4659,34.2236
2.2143,66.1895,-0.4662,34.2386
2.2164,66.2362,-0.4664,34.2535
2.2184,66.2828,-0.4667,34.2684
2.2205,66.3294,-0.467,34.2832
2.2225,66.376,-0.4672,34.298
2.2246,66.4226,-0.4675,34.3128
2.2266,66.4692,-0.4678,34.3276
2.2287,66.5158,-0.468,34.3423
2.2307,66.5623,-0.4683,34.357
2.2328,66.6088,-0.4686,34.3717
2.2348,66.6553,-0.4688,34.3863
2.2369,66.7018,-0.4691,34.401
2.2389,66.7483,-0.4694,34.4155
2.241,66.7948,-0.4696,34.4301
2.243,66.8412,-0.4699,34.4446
2.2451,66.8876,-0.4701,34.4591
2.2471,66.934,-0.4704,34.4736
2.2492,66.9804,-0.4707,34.488
2.2512,67.0268,-0.4709,34.5024
2.2533,67.0731,-0.4712,34.5168
2.2553,67.1195,-0.4715,34.5311
2.2574,67.1658,-0.4717,34.5455
2.2594,67.2121,-0.472,34.5598
2.2615,67.2584,-0.4723,34.574
2.2635,67.3047,-0.4725,34.5882
2.2656,67.3509,-0.4728,34.6024
2.2676,67.3972,-0.4731,34.6166
2.2697,67.4434,-0.4733,34.6308
2.2717,67.4896,-0.4736,34.6449
2.2738,67.5358,-0.4738,34.6589
2.2758,67.582,-0.4741,34.673
2.2779,67.6282,-0.4744,34.687
2.2799,67.6743,-0.4746,34.701
2.282,67.7204,-0.4749,34.715
2.284,67.7665,-0.4752,34.7289
2.2861,67.8126,-0.4754,34.7428
2.2881,67.8587,-0.4757,34.7567
2.2902,67.9048,-0.4759,34.7706
2.2922,67.9508,-0.4762,34.7844
2.2943,67.9968,-0.4765,34.7982
2.2963,68.0429,-0.4767,34.8119
2.2984,68.0889,-0.477,34.8257
2.3004,68.1348,-0.4772,34.8394
2.3025,68.1808,-0.4775,34.853
2.3045,68.2268,-0.4778,34.8667
2.3066,68.2727,-0.478,34.8803
2.3086,68.3186,-0.4783,34.8939
2.3107,68.3645,-0.4785,34.9074
2.3127,68.4104,-0.4788,34.9209
2.3148,68.4563,-0.4791,34.9344
2.3168,68.5021,-0.4793,34.9479
2.3189,68.548,-0.4796,34.9613
2.3209,68.5938,-0.4798,34.9747
2.323,68.6396,-0.4801,34.9881
2.325,68.6854,-0.4804,35.0015
2.3271,68.7311,-0.4806,35.0148
2.3291,68.7769,-0.4809,35.0281
2.3312,68.8226,-0.4811,35.0413
2.3332,68.8684,-0.4814,35.0546
2.3353,68.9141,-0.4817,35.0678
2.3373,68.9598,-0.4819,35.0809
2.3394,69.0055,-0.4822,35.0941
2.3414,69.0511,-0.4824,35.1072
2.3435,69.0968,-0.4827,35.1203
2.3455,69.1424,-0.4829,35.1333
2.3476,69.188,-0.4832,35.1464
2.3496,69.2336,-0.4835,35.1594
2.3517,69.2792,-0.4837,35.1723
2.3537,69.3248,-0.484,35.1853
2.3558,69.3703,-0.4842,35.1982
2.3578,69.4159,-0.4845,35.211
2.3599,69.4614,-0.4847,35.2239
2.3619,69.5069,-0.485,35.2367
2.364,69.5524,-0.4852,35.2495
2.366,69.5979,-0.4855,35.2623
2.3681,69.6433,-0.4858,35.275
2.3701,69.6888,-0.486,35.2877
2.3722,69.7342,-0.4863,35.3004
2.3742,69.7796,-0.4865,35.313
2.3763,69.825,-0.4868,35.3256
2.3783,69.8704,-0.487,35.3382
2.3804,69.9158,-0.4873,35.3508
2.3824,69.9611,-0.4875,35.3633
2.3845,70.0065,-0.4878,35.3758
2.3865,70.0518,-0.4881,35.3883
2.3886,70.0971,-0.4883,35.4007
2.3906,70.1424,-0.4886,35.4131
2.3927,70.1877,-0.4888,35.4255
2.3947,70.2329,-0.4891,35.4379
2.3968,70.2782,-0.4893,35.4502
2.3988,70.3234,-0.4896,35.4625
2.4009,70.3686,-0.4898,35.4747
2.4029,70.4138,-0.4901,35.487
2.405,70.459,-0.4903,35.4992
2.407,70.5042,-0.4906,35.5113
2.4091,70.5493,-0.4908,35.5235
2.4111,70.5945,-0.4911,35.5356
2.4132,70.6396,-0.4913,35.5477
2.4152,70.6847,-0.4916,35.5598
2.4173,70.7298,-0.4919,35.5718
2.4193,70.7749,-0.4921,35.5838
2.4214,70.8199,-0.4924,35.5958
2.4234,70.865,-0.4926,35.6077
2.4255,70.91,-0.4929,35.6196
2.4275,70.955,-0.4931,35.6315
2.4296,71.0,-0.4934,35.6433
2.4316,71.045,-0.4936,35.6552
2.4337,71.09,-0.4939,35.667
2.4357,71.135,-0.4941,35.6787
2.4378,71.1799,-0.4944,35.6905
2.4398,71.2248,-0.4946,35.7022
2.4419,71.2698,-0.4949,35.7139
2.4439,71.3147,-0.4951,35.7255
2.446,71.3595,-0.4954,35.7371
2.448,71.4044,-0.4956,35.7487
2.4501,71.4493,-0.4959,35.7603
2.4521,71.4941,-0.4961,35.7718
2.4542,71.5389,-0.4964,35.7833
2.4562,71.5838,-0.4966,35.7948
2.4583,71.6286,-0.4969,35.8062
2.4603,71.6733,-0.4971,35.8177
2.4624,71.7181,-0.4974,35.829
2.4644,71.7629,-0.4976,35.8404
2.4665,71.8076,-0.4979,35.8517
2.4685,71.8523,-0.4981,35.863
2.4706,71.897,-0.4984,35.8743
2.4726,71.9417,-0.4986,35.8855
2.4747,71.9864,-0.4989,35.8967
2.4767,72.0311,-0.4991,35.9079
2.4788,72.0757,-0.4994,35.9191
2.4808,72.1204,-0.4996,35.9302
2.4829,72.165,-0.4998,35.9413
2.4849,72.2096,-0.5001,35.9524
2.487,72.2542,-0.5003,35.9634
2.489,72.2988,-0.5006,35.9744
2.4911,72.3434,-0.5008,35.9854
2.4931,72.3879,-0.5011,35.9963
2.4952,72.4324,-0.5013,36.0073
2.4972,72.477,-0.5016,36.0182
2.4993,72.5215,-0.5018,36.029
2.5013,72.566,-0.5021,36.0398
2.5034,72.6105,-0.5023,36.0506
2.5054,72.6549,-0.5026,36.0614
2.5075,72.6994,-0.5028,36.0722
2.5095,72.7438,-0.5031,36.0829
2.5116,72.7882,-0.5033,36.0936
2.5136,72.8326,-0.5036,36.1042
2.5157,72.877,-0.5038,36.1149
2.5177,72.9214,-0.504,36.1255
2.5198,72.9658,-0.5043,36.136
2.5218,73.0101,-0.5045,36.1466
2.5239,73.0545,-0.5048,36.1571
2.5259,73.0988,-0.505,36.1676
2.528,73.1431,-0.5053,36.178
2.53,73.1874,-0.5055,36.1884
2.5321,73.2317,-0.5058,36.1988
2.5341,73.276,-0.506,36.2092
2.5362,73.3202,-0.5062,36.2195
2.5382,73.3645,-0.5065,36.2299
2.5403,73.4087,-0.5067,36.2401
2.5423,73.4529,-0.507,36.2504
2.5444,73.4971,-0.5072,36.2606
2.5464,73.5413,-0.5075,36.2708
2.5485,73.5855,-0.5077,36.281
2.5505,73.6296,-0.508,36.2911
2.5526,73.6738,-0.5082,36.3012
2.5546,73.7179,-0.5084,36.3113
2.5567,73.762,-0.5087,36.3213
2.5587,73.8061,-0.5089,36.3313
2.5608,73.8502,-0.5092,36.3413
2.5628,73.8943,-0.5094,36.3513
2.5649,73.9383,-0.5097,36.3612
2.5669,73.9824,-0.5099,36.3711
2.569,74.0264,-0.5101,36.381
2.571,74.0704,-0.5104,36.3908
2.5731,74.1145,-0.5106,36.4006
2.5751,74.1584,-0.5109,36.4104
2.5772,74.2024,-0.5111,36.4202
2.5792,74.2464,-0.5113,36.4299
2.5813,74.2903,-0.5116,36.4396
2.5833,74.3343,-0.5118,36.4493
2.5854,74.3782,-0.5121,36.4589
2.5874,74.4221,-0.5123,36.4685
2.5895,74.466,-0.5126,36.4781
2.5915,74.5099,-0.5128,36.4877
2.5936,74.5538,-0.513,36.4972
2.5956,74.5976,-0.5133,36.5067
2.5977,74.6415,-0.5135,36.5162
2.5997,74.6853,-0.5138,36.5256
2.6018,74.7291,-0.514,36.535
2.6038,74.7729,-0.5142,36.5444
2.6059,74.8167,-0.5145,36.5537
2.6079,74.8605,-0.5147,36.563
2.61,74.9043,-0.515,36.5723
2.612,74.948,-0.5152,36.5816
2.6141,74.9918,-0.5154,36.5908
2.6161,75.0355,-0.5157,36.6
2.6182,75.0792,-0.5159,36.6092
2.6202,75.1229,-0.5162,36.6184
2.6223,75.1666,-0.5164,36.6275
2.6243,75.2102,-0.5166,36.6366
2.6264,75.2539,-0.5169,36.6456
2.6284,75.2976,-0.5171,36.6547
2.6305,75.3412,-0.5174,36.6637
2.6325,75.3848,-0.5176,36.6726
2.6346,75.4284,-0.5178,36.6816
2.6366,75.472,-0.5181,36.6905
2.6387,75.5156,-0.5183,36.6994
2.6407,75.5591,-0.5185,36.7082
2.6428,75.6027,-0.5188,36.7171
2.6448,75.6462,-0.519,36.7259
2.6469,75.6898,-0.5193,36.7346
2.6489,75.7333,-0.5195,36.7434
2.651,75.7768,-0.5197,36.7521
2.653,75.8203,-0.52,36.7608
2.6551,75.8638,-0.5202,36.7694
2.6571,75.9072,-0.5205,36.778
2.6592,75.9507,-0.5207,36.7866
2.6612,75.9941,-0.5209,36.7952
2.6633,76.0375,-0.5212,36.8037
2.6653,76.0809,-0.5214,36.8123
2.6674,76.1243,-0.5216,36.8207
2.6694,76.1677,-0.5219,36.8292
2.6715,76.2111,-0.5221,36.8376
2.6735,76.2545,-0.5223,36.846
2.6756,76.2978,-0.5226,36.8544
2.6776,76.3411,-0.5228,36.8627
2.6797,76.3845,-0.5231,36.871
2.6817,76.4278,-0.5233,36.8793
2.6838,76.4711,-0.5235,36.8875
2.6858,76.5143,-0.5238,36.8958
2.6879,76.5576,-0.524,36.9039
2.6899,76.6009,-0.5242,36.9121
2.692,76.6441,-0.5245,36.9202
2.694,76.6873,-0.5247,36.9283
2.6961,76.7306,-0.5249,36.9364
2.6981,76.7738,-0.5252,36.9445
2.7002,76.817,-0.5254,36.9525
2.7022,76.8602,-0.5256,36.9605
2.7043,76.9033,-0.5259,36.9684
2.7063,76.9465,-0.5261,36.9764
2.7084,76.9896,-0.5263,36.9843
2.7104,77.0328,-0.5266,36.9921
2.7125,77.0759,-0.5268,37.0
2.7145,77.119,-0.5271,37.0078
2.7166,77.1621,-0.5273,37.0156
2.7186,77.2052,-0.5275,37.0233
2.7207,77.2482,-0.5278,37.0311
2.7227,77.2913,-0.528,37.0388
2.7248,77.3343,-0.5282,37.0464
2.7268,77.3774,-0.5285,37.0541
2.7289,77.4204,-0.5287,37.0617
2.7309,77.4634,-0.5289,37.0693
2.733,77.5064,-0.5292,37.0768
2.735,77.5494,-0.5294,37.0844
2.7371,77.5923,-0.5296,37.0919
2.7391,77.6353,-0.5299,37.0993
2.7412,77.6783,-0.5301,37.1068
2.7432,77.7212,-0.5303,37.1142
2.7453,77.7641,-0.5306,37.1216
2.7473,77.807,-0.5308,37.1289
2.7494,77.8499,-0.531,37.1362
2.7514,77.8928,-0.5313,37.1435
2.7535,77.9357,-0.5315,37.1508
2.7555,77.9785,-0.5317,37.158
2.7576,78.0214,-0.532,37.1652
2.7596,78.0642,-0.5322,37.1724
2.7617,78.1071,-0.5324,37.1796
2.7637,78.1499,-0.5326,37.1867
2.7658,78.1927,-0.5329,37.1938
2.7678,78.2355,-0.5331,37.2009
2.7699,78.2782,-0.5333,37.2079
2.7719,78.321,-0.5336,37.2149
2.774,78.3637,-0.5338,37.2219
2.776,78.4065,-0.534,37.2288
2.7781,78.4492,-0.5343,37.2357
2.7801,78.4919,-0.5345,37.2426
2.7822,78.5346,-0.5347,37.2495
2.7842,78.5773,-0.535,37.2563
2.7863,78.62,-0.5352,37.2631
2.7883,78.6627,-0.5354,37.2699
2.7904,78.7053,-0.5357,37.2767
2.7924,78.748,-0.5359,37.2834
2.7945,78.7906,-0.5361,37.2901
2.7965,78.8332,-0.5363,37.2967
2.7986,78.8759,-0.5366,37.3034
2.8006,78.9184,-0.5368,37.31
2.8027,78.961,-0.537,37.3165
2.8047,79.0036,-0.5373,37.3231
2.8068,79.0462,-0.5375,37.3296
2.8088,79.0887,-0.5377,37.3361
2.8109,79.1313,-0.538,37.3426
2.8129,79.1738,-0.5382,37.349
2.815,79.2163,-0.5384,37.3554
2.817,79.2588,-0.5386,37.3618
2.8191,79.3013,-0.5389,37.3681
2.8211,79.3438,-0.5391,37.3744
2.8232,79.3863,-0.5393,37.3807
2.8252,79.4287,-0.5396,37.387
2.8273,79.4712,-0.5398,37.3932
2.8293,79.5136,-0.54,37.3994
2.8314,79.556,-0.5402,37.4056
2.8334,79.5984,-0.5405,37.4117
2.8355,79.6408,-0.5407,37.4178
2.8375,79.6832,-0.5409,37.4239
2.8396,79.7256,-0.5412,37.43
2.8416,79.768,-0.5414,37.436
2.8437,79.8103,-0.5416,37.442
2.8457,79.8527,-0.5418,37.448
2.8478,79.895,-0.5421,37.4539
2.8498,79.9373,-0.5423,37.4598
2.8519,79.9796,-0.5425,37.4657
2.8539,80.0219,-0.5428,37.4716
2.856,80.0642,-0.543,37.4774
2.858,80.1065,-0.5432,37.4832
2.8601,80.1487,-0.5434,37.489
2.8621,80.191,-0.5437,37.4947
2.8642,80.2332,-0.5439,37.5004
2.8662,80.2755,-0.5441,37.5061
2.8683,80.3177,-0.5444,37.5118
2.8703,80.3599,-0.5446,37.5174
2.8724,80.4021,-0.5448,37.523
2.8744,80.4443,-0.545,37.5285
2.8765,80.4864,-0.5453,37.5341
2.8785,80.5286,-0.5455,37.5396
2.8806,80.5708,-0.5457,37.5451
2.8826,80.6129,-0.5459,37.5505
2.8847,80.655,-0.5462,37.556
2.8867,80.6971,-0.5464,37.5614
2.8888,80.7392,-0.5466,37.5667
2.8908,80.7813,-0.5468,37.5721
2.8929,80.8234,-0.5471,37.5774
2.8949,80.8655,-0.5473,37.5826
2.897,80.9076,-0.5475,37.5879
2.899,80.9496,-0.5477,37.5931
2.9011,80.9916,-0.548,37.5983
2.9031,81.0337,-0.5482,37.6035
2.9052,81.0757,-0.5484,37.6086
2.9072,81.1177,-0.5487,37.6137
2.9093,81.1597,-0.5489,37.6188
2.9113,81.2017,-0.5491,37.6239
2.9134,81.2437,-0.5493,37.6289
2.9154,81.2856,-0.5496,37.6339
2.9175,81.3276,-0.5498,37.6389
2.9195,81.3695,-0.55,37.6438
2.9216,81.4114,-0.5502,37.6487
2.9236,81.4534,-0.5505,37.6536
2.9257,81.4953,-0.5507,37.6584
2.9277,81.5372,-0.5509,37.6633
2.9298,81.579,-0.5511,37.668
2.9318,81.6209,-0.5514,37.6728
2.9339,81.6628,-0.5516,37.6776
2.9359,81.7046,-0.5518,37.6823
2.938,81.7465,-0.552,37.6869
2.94,81.7883,-0.5523,37.6916
2.9421,81.8301,-0.5525,37.6962
2.9441,81.872,-0.5527,37.7008
2.9462,81.9138,-0.5529,37.7054
2.9482,81.9555,-0.5531,37.7099
2.9503,81.9973,-0.5534,37.7144
2.9523,82.0391,-0.5536,37.7189
2.9544,82.0809,-0.5538,37.7233
2.9564,82.1226,-0.554,37.7278
2.9585,82.1643,-0.5543,37.7322
2.9605,82.2061,-0.5545,37.7365
2.9626,82.2478,-0.5547,37.7409
2.9646,82.2895,-0.5549,37.7452
2.9667,82.3312,-0.5552,37.7494
2.9687,82.3729,-0.5554,37.7537
2.9708,82.4145,-0.5556,37.7579
2.9728,82.4562,-0.5558,37.7621
2.9749,82.4978,-0.5561,37.7663
2.9769,82.5395,-0.5563,37.7704
2.979,82.5811,-0.5565,37.7745
2.981,82.6227,-0.5567,37.7786
2.9831,82.6644,-0.5569,37.7826
2.9851,82.706,-0.5572,37.7867
2.9872,82.7475,-0.5574,37.7907
2.9892,82.7891,-0.5576,37.7946
2.9913,82.8307,-0.5578,37.7986
2.9933,82.8722,-0.5581,37.8025
2.9954,82.9138,-0.5583,37.8063
2.9974,82.9553,-0.5585,37.8102
2.9995,82.9969,-0.5587,37.814
3.0015,83.0384,-0.5589,37.8178
3.0036,83.0799,-0.5592,37.8216
3.0056,83.1214,-0.5594,37.8253
3.0077,83.1629,-0.5596,37.829
3.0097,83.2043,-0.5598,37.8327
3.0118,83.2458,-0.5601,37.8363
3.0138,83.2873,-0.5603,37.84
3.0159,83.3287,-0.5605,37.8436
3.0179,83.3701,-0.5607,37.8471
3.02,83.4116,-0.5609,37.8507
3.022,83.453,-0.5612,37.8542
3.0241,83.4944,-0.5614,37.8576
3.0261,83.5358,-0.5616,37.8611
3.0282,83.5772,-0.5618,37.8645
3.0302,83.6185,-0.562,37.8679
3.0323,83.6599,-0.5623,37.8713
3.0343,83.7013,-0.5625,37.8746
3.0364,83.7426,-0.5627,37.8779
3.0384,83.7839,-0.5629,37.8812
3.0405,83.8253,-0.5632,37.8844
3.0425,83.8666,-0.5634,37.8877
3.0446,83.9079,-0.5636,37.8909
3.0466,83.9492,-0.5638,37.894
3.0487,83.9905,-0.564,37.8972
3.0507,84.0317,-0.5643,37.9003
3.0528,84.073,-0.5645,37.9033
3.0548,84.1142,-0.5647,37.9064
3.0569,84.1555,-0.5649,37.9094
3.0589,84.1967,-0.5651,37.9124
3.061,84.238,-0.5654,37.9154
3.063,84.2792,-0.5656,37.9183
3.0651,84.3204,-0.5658,37.9212
3.0671,84.3616,-0.566,37.9241
3.0692,84.4027,-0.5662,37.9269
3.0712,84.4439,-0.5665,37.9298
3.0733,84.4851,-0.5667,37.9326
3.0753,84.5262,-0.5669,37.9353
3.0774,84.5674,-0.5671,37.9381
3.0794,84.6085,-0.5673,37.9408
3.0815,84.6497,-0.5676,37.9435
3.0835,84.6908,-0.5678,37.9461
3.0856,84.7319,-0.568,37.9487
3.0876,84.773,-0.5682,37.9513
3.0897,84.8141,-0.5684,37.9539
3.0917,84.8551,-0.5687,37.9564
3.0938,84.8962,-0.5689,37.9589
3.0958,84.9373,-0.5691,37.9614
3.0979,84.9783,-0.5693,37.9639
3.0999,85.0193,-0.5695,37.9663
3.102,85.0604,-0.5697,37.9687
3.104,85.1014,-0.57,37.9711
3.1061,85.1424,-0.5702,37.9734
3.1081,85.1834,-0.5704,37.9757
3.1102,85.2244,-0.5706,37.978
3.1122,85.2654,-0.5708,37.9802
3.1143,85.3064,-0.5711,37.9825
3.1163,85.3473,-0.5713,37.9847
3.1184,85.3883,-0.5715,37.9868
3.1204,85.4292,-0.5717,37.989
3.1225,85.4701,-0.5719,37.9911
3.1245,85.5111,-0.5721,37.9932
3.1266,85.552,-0.5724,37.9952
3.1286,85.5929,-0.5726,37.9972
3.1307,85.6338,-0.5728,37.9992
3.1327,85.6747,-0.573,38.0012
3.1348,85.7155,-0.5732,38.0031
3.1368,85.7564,-0.5735,38.0051
3.1389,85.7973,-0.5737,38.0069
3.1409,85.8381,-0.5739,38.0088
3.143,85.879,-0.5741,38.0106
3.145,85.9198,-0.5743,38.0124
3.1471,85.9606,-0.5745,38.0142
3.1491,86.0014,-0.5748,38.0159
3.1512,86.0422,-0.575,38.0176
3.1532,86.083,-0.5752,38.0193
3.1553,86.1238,-0.5754,38.021
3.1573,86.1646,-0.5756,38.0226
3.1594,86.2053,-0.5759,38.0242
3.1614,86.2461,-0.5761,38.0258
3.1635,86.2868,-0.5763,38.0273
3.1655,86.3276,-0.5765,38.0288
3.1676,86.3683,-0.5767,38.0303
3.1696,86.409,-0.5769,38.0318
3.1717,86.4497,-0.5772,38.0332
3.1737,86.4904,-0.5774,38.0346
3.1758,86.5311,-0.5776,38.036
3.1778,86.5718,-0.5778,38.0373
3.1799,86.6125,-0.578,38.0386
3.1819,86.6532,-0.5782,38.0399
3.184,86.6938,-0.5785,38.0412
3.186,86.7345,-0.5787,38.0424
3.1881,86.7751,-0.5789,38.0436
3.1901,86.8157,-0.5791,38.0448
3.1922,86.8563,-0.5793,38.0459
3.1942,86.897,-0.5795,38.0471
3.1963,86.9376,-0.5798,38.0481
3.1983,86.9781,-0.58,38.0492
3.2004,87.0187,-0.5802,38.0502
3.2024,87.0593,-0.5804,38.0512
3.2045,87.0999,-0.5806,38.0522
3.2065,87.1404,-0.5808,38.0532
3.2086,87.181,-0.581,38.0541
3.2106,87.2215,-0.5813,38.055
3.2127,87.262,-0.5815,38.0558
3.2147,87.3026,-0.5817,38.0567
3.2168,87.3431,-0.5819,38.0575
3.2188,87.3836,-0.5821,38.0582
3.2209,87.4241,-0.5823,38.059
3.2229,87.4646,-0.5826,38.0597
3.225,87.505,-0.5828,38.0604
3.227,87.5455,-0.583,38.0611
3.2291,87.586,-0.5832,38.0617
3.2311,87.6264,-0.5834,38.0623
3.2332,87.6668,-0.5836,38.0629
3.2352,87.7073,-0.5839,38.0634
3.2373,87.7477,-0.5841,38.064
3.2393,87.7881,-0.5843,38.0645
3.2414,87.8285,-0.5845,38.0649
3.2434,87.8689,-0.5847,38.0654
3.2455,87.9093,-0.5849,38.0658
3.2475,87.9497,-0.5851,38.0662
3.2496,87.9901,-0.5854,38.0665
3.2516,88.0304,-0.5856,38.0668
3.2537,88.0708,-0.5858,38.0671
3.2557,88.1111,-0.586,38.0674
3.2578,88.1515,-0.5862,38.0676
3.2598,88.1918,-0.5864,38.0678
3.2619,88.2321,-0.5866,38.068
3.2639,88.2724,-0.5869,38.0682
3.266,88.3127,-0.5871,38.0683
3.268,88.353,-0.5873,38.0684
3.2701,88.3933,-0.5875,38.0685
3.2721,88.4336,-0.5877,38.0685
3.2742,88.4739,-0.5879,38.0685
3.2762,88.5141,-0.5882,38.0685
3.2783,88.5544,-0.5884,38.0685
3.2803,88.5946,-0.5886,38.0684
3.2824,88.6348,-0.5888,38.0683
3.2844,88.6751,-0.589,38.0682
3.2865,88.7153,-0.5892,38.068
3.2885,88.7555,-0.5894,38.0678
3.2906,88.7957,-0.5897,38.0676
3.2926,88.8359,-0.5899,38.0674
3.2947,88.8761,-0.5901,38.0671
3.2967,88.9163,-0.5903,38.0668
3.2988,88.9564,-0.5905,38.0665
3.3008,88.9966,-0.5907,38.0661
3.3029,89.0367,-0.5909,38.0657
3.3049,89.0769,-0.5912,38.0653
3.307,89.117,-0.5914,38.0649
3.309,89.1571,-0.5916,38.0644
3.3111,89.1973,-0.5918,38.0639
3.3131,89.2374,-0.592,38.0634
3.3152,89.2775,-0.5922,38.0628
3.3172,89.3176,-0.5924,38.0623
3.3193,89.3576,-0.5926,38.0617
3.3213,89.3977,-0.5929,38.061
3.3234,89.4378,-0.5931,38.0604
3.3254,89.4778,-0.5933,38.0597
3.3275,89.5179,-0.5935,38.0589
3.3295,89.5579,-0.5937,38.0582
3.3316,89.598,-0.5939,38.0574
3.3336,89.638,-0.5941,38.0566
3.3357,89.678,-0.5944,38.0558
3.3377,89.718,-0.5946,38.0549
3.3398,89.758,-0.5948,38.054
3.3418,89.798,-0.595,38.0531
3.3439,89.838,-0.5952,38.0521
3.3459,89.878,-0.5954,38.0512
3.348,89.918,-0.5956,38.0502
3.35,89.9579,-0.5958,38.0491
3.3521,89.9979,-0.5961,38.0481
3.3541,90.0378,-0.5963,38.047
3.3562,90.0778,-0.5965,38.0459
3.3582,90.1177,-0.5967,38.0447
3.3603,90.1576,-0.5969,38.0436
3.3623,90.1975,-0.5971,38.0424
3.3644,90.2374,-0.5973,38.0411
3.3664,90.2773,-0.5976,38.0399
3.3685,90.3172,-0.5978,38.0386
3.3705,90.3571,-0.598,38.0373
3.3726,90.397,-0.5982,38.0359
3.3746,90.4369,-0.5984,38.0346
3.3767,90.4767,-0.5986,38.0332
3.3787,90.5166,-0.5988,38.0317
3.3808,90.5564,-0.599,38.0303
3.3828,90.5962,-0.5993,38.0288
3.3849,90.6361,-0.5995,38.0273
3.3869,90.6759,-0.5997,38.0258
3.389,90.7157,-0.5999,38.0242
3.391,90.7555,-0.6001,38.0226
3.3931,90.7953,-0.6003,38.021
3.3951,90.8351,-0.6005,38.0193
3.3972,90.8749,-0.6007,38.0176
3.3992,90.9146,-0.601,38.0159
3.4013,90.9544,-0.6012,38.0142
3.4033,90.9942,-0.6014,38.0124
3.4054,91.0339,-0.6016,38.0106
3.4074,91.0737,-0.6018,38.0088
3.4095,91.1134,-0.602,38.007
3.4115,91.1531,-0.6022,38.0051
3.4136,91.1928,-0.6024,38.0032
3.4156,91.2326,-0.6027,38.0013
3.4177,91.2723,-0.6029,37.9993
3.4197,91.312,-0.6031,37.9973
3.4218,91.3516,-0.6033,37.9953
3.4238,91.3913,-0.6035,37.9933
3.4259,91.431,-0.6037,37.9912
3.4279,91.4707,-0.6039,37.9891
3.43,91.5103,-0.6041,37.987
3.432,91.55,-0.6043,37.9848
3.4341,91.5896,-0.6046,37.9826
3.4361,91.6292,-0.6048,37.9804
3.4382,91.6689,-0.605,37.9782
3.4402,91.7085,-0.6052,37.9759
3.4423,91.7481,-0.6054,37.9736
3.4443,91.7877,-0.6056,37.9713
3.4464,91.8273,-0.6058,37.9689
3.4484,91.8669,-0.606,37.9665
3.4505,91.9065,-0.6063,37.9641
3.4525,91.9461,-0.6065,37.9617
3.4546,91.9856,-0.6067,37.9592
3.4566,92.0252,-0.6069,37.9567
3.4587,92.0647,-0.6071,37.9542
3.4607,92.1043,-0.6073,37.9517
3.4628,92.1438,-0.6075,37.9491
3.4648,92.1834,-0.6077,37.9465
3.4669,92.2229,-0.6079,37.9438
3.4689,92.2624,-0.6082,37.9412
3.471,92.3019,-0.6084,37.9385
3.473,92.3414,-0.6086,37.9358
3.4751,92.3809,-0.6088,37.933
3.4771,92.4204,-0.609,37.9303
3.4792,92.4599,-0.6092,37.9275
3.4812,92.4993,-0.6094,37.9246
3.4833,92.5388,-0.6096,37.9218
3.4853,92.5783,-0.6099,37.9189
3.4874,92.6177,-0.6101,37.916
3.4894,92.6572,-0.6103,37.913
3.4915,92.6966,-0.6105,37.9101
3.4935,92.736,-0.6107,37.9071
3.4956,92.7754,-0.6109,37.904
3.4976,92.8149,-0.6111,37.901
3.4997,92.8543,-0.6113,37.8979
3.5017,92.8937,-0.6115,37.8948
3.5038,92.9331,-0.6118,37.8916
3.5058,92.9724,-0.612,37.8885
3.5079,93.0118,-0.6122,37.8853
3.5099,93.0512,-0.6124,37.8821
3.512,93.0906,-0.6126,37.8788
3.514,93.1299,-0.6128,37.8755
3.5161,93.1693,-0.613,37.8722
3.5181,93.2086,-0.6132,37.8689
3.5202,93.2479,-0.6134,37.8655
3.5222,93.2873,-0.6137,37.8622
3.5243,93.3266,-0.6139,37.8587
3.5263,93.3659,-0.6141,37.8553
3.5284,93.4052,-0.6143,37.8518
3.5304,93.4445,-0.6145,37.8483
3.5325,93.4838,-0.6147,37.8448
3.5345,93.5231,-0.6149,37.8412
3.5366,93.5624,-0.6151,37.8376
3.5386,93.6017,-0.6153,37.834
3.5407,93.6409,-0.6155,37.8304
3.5427,93.6802,-0.6158,37.8267
3.5448,93.7194,-0.616,37.823
3.5468,93.7587,-0.6162,37.8193
3.5489,93.7979,-0.6164,37.8155
3.5509,93.8371,-0.6166,37.8118
3.553,93.8764,-0.6168,37.808
3.555,93.9156,-0.617,37.8041
3.5571,93.9548,-0.6172,37.8003
3.5591,93.994,-0.6174,37.7964
3.5612,94.0332,-0.6177,37.7924
3.5632,94.0724,-0.6179,37.7885
3.5653,94.1116,-0.6181,37.7845
3.5673,94.1508,-0.6183,37.7805
3.5694,94.1899,-0.6185,37.7765
3.5714,94.2291,-0.6187,37.7724
3.5735,94.2682,-0.6189,37.7683
3.5755,94.3074,-0.6191,37.7642
3.5776,94.3465,-0.6193,37.7601
3.5796,94.3857,-0.6196,37.7559
3.5817,94.4248,-0.6198,37.7517
3.5837,94.4639,-0.62,37.7475
3.5858,94.503,-0.6202,37.7432
3.5878,94.5421,-0.6204,37.7389
3.5899,94.5812,-0.6206,37.7346
3.5919,94.6203,-0.6208,37.7303
3.594,94.6594,-0.621,37.7259
3.596,94.6985,-0.6212,37.7215
3.5981,94.7376,-0.6214,37.7171
3.6001,94.7767,-0.6217,37.7127
3.6022,94.8157,-0.6219,37.7082
3.6042,94.8548,-0.6221,37.7037
3.6063,94.8938,-0.6223,37.6991
3.6083,94.9329,-0.6225,37.6946
3.6104,94.9719,-0.6227,37.69
3.6124,95.0109,-0.6229,37.6854
3.6145,95.05,-0.6231,37.6807
3.6165,95.089,-0.6233,37.676
3.6186,95.128,-0.6235,37.6713
3.6206,95.167,-0.6238,37.6666
3.6227,95.206,-0.624,37.6619
3.6247,95.245,-0.6242,37.6571
3.6268,95.284,-0.6244,37.6523
3.6288,95.3229,-0.6246,37.6474
3.6309,95.3619,-0.6248,37.6426
3.6329,95.4009,-0.625,37.6377
3.635,95.4398,-0.6252,37.6327
3.637,95.4788,-0.6254,37.6278
3.6391,95.5177,-0.6257,37.6228
3.6411,95.5567,-0.6259,37.6178
3.6432,95.5956,-0.6261,37.6128
3.6452,95.6345,-0.6263,37.6077
3.6473,95.6734,-0.6265,37.6026
3.6493,95.7123,-0.6267,37.5975
3.6514,95.7512,-0.6269,37.5923
3.6534,95.7901,-0.6271,37.5872
3.6555,95.829,-0.6273,37.582
3.6575,95.8679,-0.6275,37.5767
3.6596,95.9068,-0.6278,37.5715
3.6616,95.9457,-0.628,37.5662
3.6637,95.9846,-0.6282,37.5609
3.6657,96.0234,-0.6284,37.5555
3.6678,96.0623,-0.6286,37.5502
3.6698,96.1011,-0.6288,37.5448
3.6719,96.14,-0.629,37.5394
3.6739,96.1788,-0.6292,37.5339
3.676,96.2176,-0.6294,37.5284
3.678,96.2565,-0.6296,37.5229
3.6801,96.2953,-0.6299,37.5174
3.6821,96.3341,-0.6301,37.5118
3.6842,96.3729,-0.6303,37.5062
3.6862,96.4117,-0.6305,37.5006
3.6883,96.4505,-0.6307,37.495
3.6903,96.4893,-0.6309,37.4893
3.6924,96.5281,-0.6311,37.4836
3.6944,96.5668,-0.6313,37.4779
3.6965,96.6056,-0.6315,37.4721
3.6985,96.6444,-0.6317,37.4663
3.7006,96.6831,-0.632,37.4605
3.7026,96.7219,-0.6322,37.4547
3.7047,96.7606,-0.6324,37.4488
3.7067,96.7993,-0.6326,37.4429
3.7088,96.8381,-0.6328,37.437
3.7108,96.8768,-0.633,37.431
3.7129,96.9155,-0.6332,37.4251
3.7149,96.9542,-0.6334,37.4191
3.717,96.9929,-0.6336,37.413
3.719,97.0317,-0.6338,37.407
3.7211,97.0703,-0.6341,37.4009
3.7231,97.109,-0.6343,37.3948
3.7252,97.1477,-0.6345,37.3886
3.7272,97.1864,-0.6347,37.3824
3.7293,97.2251,-0.6349,37.3762
3.7313,97.2637,-0.6351,37.37
3.7334,97.3024,-0.6353,37.3638
3.7354,97.341,-0.6355,37.3575
3.7375,97.3797,-0.6357,37.3512
3.7395,97.4183,-0.6359,37.3448
3.7416,97.457,-0.6362,37.3385
3.7436,97.4956,-0.6364,37.3321
3.7457,97.5342,-0.6366,37.3256
3.7477,97.5728,-0.6368,37.3192
3.7498,97.6115,-0.637,37.3127
3.7518,97.6501,-0.6372,37.3062
3.7539,97.6887,-0.6374,37.2997
3.7559,97.7273,-0.6376,37.2931
3.758,97.7659,-0.6378,37.2865
3.76,97.8044,-0.638,37.2799
3.7621,97.843,-0.6383,37.2733
3.7641,97.8816,-0.6385,37.2666
3.7662,97.9202,-0.6387,37.2599
3.7682,97.9587,-0.6389,37.2532
3.7703,97.9973,-0.6391,37.2464
3.7723,98.0358,-0.6393,37.2396
3.7744,98.0744,-0.6395,37.2328
3.7764,98.1129,-0.6397,37.226
3.7785,98.1514,-0.6399,37.2191
3.7805,98.19,-0.6402,37.2122
3.7826,98.2285,-0.6404,37.2053
3.7846,98.267,-0.6406,37.1984
3.7867,98.3055,-0.6408,37.1914
3.7887,98.344,-0.641,37.1844
3.7908,98.3825,-0.6412,37.1774
3.7928,98.421,-0.6414,37.1703
3.7949,98.4595,-0.6416,37.1632
3.7969,98.498,-0.6418,37.1561
3.799,98.5364,-0.642,37.149
3.801,98.5749,-0.6423,37.1418
3.8031,98.6134,-0.6425,37.1346
3.8051,98.6518,-0.6427,37.1274
3.8072,98.6903,-0.6429,37.1202
3.8092,98.7287,-0.6431,37.1129
3.8113,98.7672,-0.6433,37.1056
3.8133,98.8056,-0.6435,37.0982
3.8154,98.844,-0.6437,37.0909
3.8174,98.8824,-0.6439,37.0835
3.8195,98.9209,-0.6441,37.0761
3.8215,98.9593,-0.6444,37.0686
3.8236,98.9977,-0.6446,37.0612
3.8256,99.0361,-0.6448,37.0537
3.8277,99.0745,-0.645,37.0461
3.8297,99.1129,-0.6452,37.0386
3.8318,99.1513,-0.6454,37.031
3.8338,99.1896,-0.6456,37.0234
3.8359,99.228,-0.6458,37.0158
3.8379,99.2664,-0.646,37.0081
3.84,99.3047,-0.6462,37.0004
3.842,99.3431,-0.6465,36.9927
3.8441,99.3815,-0.6467,36.9849
3.8461,99.4198,-0.6469,36.9772
3.8482,99.4582,-0.6471,36.9694
3.8502,99.4965,-0.6473,36.9615
3.8523,99.5348,-0.6475,36.9537
3.8543,99.5731,-0.6477,36.9458
3.8564,99.6115,-0.6479,36.9379
3.8584,99.6498,-0.6481,36.93
3.8605,99.6881,-0.6484,36.922
3.8625,99.7264,-0.6486,36.914
3.8646,99.7647,-0.6488,36.906
3.8666,99.803,-0.649,36.8979
3.8687,99.8413,-0.6492,36.8899
3.8707,99.8796,-0.6494,36.8818
3.8728,99.9178,-0.6496,36.8736
3.8748,99.9561,-0.6498,36.8655
3.8769,99.9944,-0.65,36.8573
3.8789,100.0326,-0.6502,36.8491
3.881,100.0709,-0.6505,36.8408
3.883,100.1092,-0.6507,36.8326
3.8851,100.1474,-0.6509,36.8243
3.8871,100.1856,-0.6511,36.8159
3.8892,100.2239,-0.6513,36.8076
3.8912,100.2621,-0.6515,36.7992
3.8933,100.3003,-0.6517,36.7908
3.8953,100.3386,-0.6519,36.7824
3.8974,100.3768,-0.6521,36.7739
3.8994,100.415,-0.6524,36.7654
3.9015,100.4532,-0.6526,36.7569
3.9035,100.4914,-0.6528,36.7484
3.9056,100.5296,-0.653,36.7398
3.9076,100.5678,-0.6532,36.7312
3.9097,100.606,-0.6534,36.7226
3.9117,100.6441,-0.6536,36.7139
3.9138,100.6823,-0.6538,36.7052
3.9158,100.7205,-0.654,36.6965
3.9179,100.7586,-0.6543,36.6878
3.9199,100.7968,-0.6545,36.679
3.922,100.835,-0.6547,36.6703
3.924,100.8731,-0.6549,36.6614
3.9261,100.9112,-0.6551,36.6526
3.9281,100.9494,-0.6553,36.6437
3.9302,100.9875,-0.6555,36.6348
3.9322,101.0256,-0.6557,36.6259
3.9343,101.0638,-0.6559,36.617
3.9363,101.1019,-0.6562,36.608
3.9384,101.14,-0.6564,36.599
3.9404,101.1781,-0.6566,36.5899
3.9425,101.2162,-0.6568,36.5809
3.9445,101.2543,-0.657,36.5718
3.9466,101.2924,-0.6572,36.5627
3.9486,101.3305,-0.6574,36.5535
3.9507,101.3686,-0.6576,36.5443
3.9527,101.4067,-0.6578,36.5351
3.9548,101.4447,-0.6581,36.5259
3.9568,101.4828,-0.6583,36.5167
3.9589,101.5209,-0.6585,36.5074
3.9609,101.5589,-0.6587,36.4981
3.963,101.597,-0.6589,36.4887
3.965,101.635,-0.6591,36.4794
3.9671,101.6731,-0.6593,36.47
3.9691,101.7111,-0.6595,36.4606
3.9712,101.7492,-0.6597,36.4511
3.9732,101.7872,-0.66,36.4417
3.9753,101.8252,-0.6602,36.4322
3.9773,101.8632,-0.6604,36.4226
3.9794,101.9012,-0.6606,36.4131
3.9814,101.9393,-0.6608,36.4035
3.9835,101.9773,-0.661,36.3939
3.9855,102.0153,-0.6612,36.3842
3.9876,102.0533,-0.6614,36.3746
3.9896,102.0913,-0.6617,36.3649
3.9917,102.1292,-0.6619,36.3552
3.9937,102.1672,-0.6621,36.3454
3.9958,102.2052,-0.6623,36.3357
3.9978,102.2432,-0.6625,36.3259
3.9999,102.2811,-0.6627,36.316
4.0019,102.3191,-0.6629,36.3062
4.004,102.3571,-0.6631,36.2963
4.006,102.395,-0.6633,36.2864
4.0081,102.433,-0.6636,36.2764
4.0101,102.4709,-0.6638,36.2665
4.0122,102.5088,-0.664,36.2565
4.0142,102.5468,-0.6642,36.2465
4.0163,102.5847,-0.6644,36.2364
4.0183,102.6226,-0.6646,36.2264
4.0204,102.6606,-0.6648,36.2163
4.0224,102.6985,-0.665,36.2061
4.0245,102.7364,-0.6653,36.196
4.0265,102.7743,-0.6655,36.1858
4.0286,102.8122,-0.6657,36.1756
4.0306,102.8501,-0.6659,36.1654
4.0327,102.888,-0.6661,36.1551
4.0347,102.9259,-0.6663,36.1448
4.0368,102.9638,-0.6665,36.1345
4.0388,103.0017,-0.6667,36.1241
4.0409,103.0395,-0.667,36.1138
4.0429,103.0774,-0.6672,36.1034
4.045,103.1153,-0.6674,36.0929
4.047,103.1531,-0.6676,36.0825
4.0491,103.191,-0.6678,36.072
4.0511,103.2288,-0.668,36.0615
4.0532,103.2667,-0.6682,36.051
4.0552,103.3045,-0.6684,36.0404
4.0573,103.3424,-0.6687,36.0298
4.0593,103.3802,-0.6689,36.0192
4.0614,103.418,-0.6691,36.0086
4.0634,103.4559,-0.6693,35.9979
4.0655,103.4937,-0.6695,35.9872
4.0675,103.5315,-0.6697,35.9765
4.0696,103.5693,-0.6699,35.9657
4.0716,103.6071,-0.6701,35.9549
4.0737,103.6449,-0.6704,35.9441
4.0757,103.6827,-0.6706,35.9333
4.0778,103.7205,-0.6708,35.9224
4.0798,103.7583,-0.671,35.9115
4.0819,103.7961,-0.6712,35.9006
4.0839,103.8339,-0.6714,35.8897
4.086,103.8717,-0.6716,35.8787
4.088,103.9094,-0.6718,35.8677
4.0901,103.9472,-0.6721,35.8567
4.0921,103.985,-0.6723,35.8457
4.0942,104.0227,-0.6725,35.8346
4.0962,104.0605,-0.6727,35.8235
4.0983,104.0982,-0.6729,35.8123
4.1003,104.136,-0.6731,35.8012
4.1024,104.1737,-0.6733,35.79
4.1044,104.2115,-0.6735,35.7788
4.1065,104.2492,-0.6738,35.7675
4.1085,104.2869,-0.674,35.7563
4.1106,104.3247,-0.6742,35.745
4.1126,104.3624,-0.6744,35.7337
4.1147,104.4001,-0.6746,35.7223
4.1167,104.4378,-0.6748,35.7109
4.1188,104.4755,-0.675,35.6995
4.1208,104.5132,-0.6753,35.6881
4.1229,104.5509,-0.6755,35.6767
4.1249,104.5886,-0.6757,35.6652
4.127,104.6263,-0.6759,35.6537
4.129,104.664,-0.6761,35.6421
4.1311,104.7017,-0.6763,35.6306
4.1331,104.7394,-0.6765,35.619
4.1352,104.777,-0.6768,35.6073
4.1372,104.8147,-0.677,35.5957
4.1393,104.8524,-0.6772,35.584
4.1413,104.8901,-0.6774,35.5723
4.1434,104.9277,-0.6776,35.5606
4.1454,104.9654,-0.6778,35.5488
4.1475,105.003,-0.678,35.5371
4.1495,105.0407,-0.6782,35.5253
4.1516,105.0783,-0.6785,35.5134
4.1536,105.1159,-0.6787,35.5016
4.1557,105.1536,-0.6789,35.4897
4.1577,105.1912,-0.6791,35.4778
4.1598,105.2288,-0.6793,35.4658
4.1618,105.2665,-0.6795,35.4539
4.1639,105.3041,-0.6797,35.4419
4.1659,105.3417,-0.68,35.4298
4.168,105.3793,-0.6802,35.4178
4.17,105.4169,-0.6804,35.4057
4.1721,105.4545,-0.6806,35.3936
4.1741,105.4921,-0.6808,35.3815
4.1762,105.5297,-0.681,35.3693
4.1782,105.5673,-0.6812,35.3571
4.1803,105.6049,-0.6815,35.3449
4.1823,105.6425,-0.6817,35.3327
4.1844,105.68,-0.6819,35.3204
4.1864,105.7176,-0.6821,35.3081
4.1885,105.7552,-0.6823,35.2958
4.1905,105.7928,-0.6825,35.2834
4.1926,105.8303,-0.6828,35.2711
4.1946,105.8679,-0.683,35.2587
4.1967,105.9054,-0.6832,35.2462
4.1987,105.943,-0.6834,35.2338
4.2008,105.9805,-0.6836,35.2213
4.2028,106.0181,-0.6838,35.2088
4.2049,106.0556,-0.684,35.1963
4.2069,106.0932,-0.6843,35.1837
4.209,106.1307,-0.6845,35.1711
4.211,106.1682,-0.6847,35.1585
4.2131,106.2057,-0.6849,35.1459
4.2151,106.2433,-0.6851,35.1332
4.2172,106.2808,-0.6853,35.1205
4.2192,106.3183,-0.6855,35.1078
4.2213,106.3558,-0.6858,35.095
4.2233,106.3933,-0.686,35.0822
4.2254,106.4308,-0.6862,35.0694
4.2274,106.4683,-0.6864,35.0566
4.2295,106.5058,-0.6866,35.0438
4.2315,106.5433,-0.6868,35.0309
4.2336,106.5808,-0.6871,35.018
4.2356,106.6183,-0.6873,35.005
4.2377,106.6557,-0.6875,34.9921
4.2397,106.6932,-0.6877,34.9791
4.2418,106.7307,-0.6879,34.966
4.2438,106.7681,-0.6881,34.953
4.2459,106.8056,-0.6884,34.9399
4.2479,106.8431,-0.6886,34.9268
4.25,106.8805,-0.6888,34.9137
4.252,106.918,-0.689,34.9006
4.2541,106.9554,-0.6892,34.8874
4.2561,106.9929,-0.6894,34.8742
4.2582,107.0303,-0.6896,34.8609
4.2602,107.0678,-0.6899,34.8477
4.2623,107.1052,-0.6901,34.8344
4.2643,107.1426,-0.6903,34.8211
4.2664,107.18,-0.6905,34.8077
4.2684,107.2175,-0.6907,34.7944
4.2705,107.2549,-0.6909,34.781
4.2725,107.2923,-0.6912,34.7676
4.2746,107.3297,-0.6914,34.7541
4.2766,107.3671,-0.6916,34.7406
4.2787,107.4045,-0.6918,34.7271
4.2807,107.4419,-0.692,34.7136
4.2828,107.4793,-0.6922,34.7001
4.2848,107.5167,-0.6925,34.6865
4.2869,107.5541,-0.6927,34.6729
4.2889,107.5915,-0.6929,34.6592
4.291,107.6289,-0.6931,34.6456
4.293,107.6663,-0.6933,34.6319
4.2951,107.7037,-0.6935,34.6182
4.2971,107.741,-0.6938,34.6044
4.2992,107.7784,-0.694,34.5907
4.3012,107.8158,-0.6942,34.5769
4.3033,107.8531,-0.6944,34.563
4.3053,107.8905,-0.6946,34.5492
4.3074,107.9278,-0.6948,34.5353
4.3094,107.9652,-0.6951,34.5214
4.3115,108.0025,-0.6953,34.5075
4.3135,108.0399,-0.6955,34.4935
4.3156,108.0772,-0.6957,34.4796
4.3176,108.1146,-0.6959,34.4656
4.3197,108.1519,-0.6962,34.4515
4.3217,108.1892,-0.6964,34.4375
4.3238,108.2266,-0.6966,34.4234
4.3258,108.2639,-0.6968,34.4093
4.3279,108.3012,-0.697,34.3951
4.3299,108.3385,-0.6972,34.3809
4.332,108.3758,-0.6975,34.3668
4.334,108.4132,-0.6977,34.3525
4.3361,108.4505,-0.6979,34.3383
4.3381,108.4878,-0.6981,34.324
4.3402,108.5251,-0.6983,34.3097
4.3422,108.5624,-0.6986,34.2954
4.3443,108.5997,-0.6988,34.281
4.3463,108.637,-0.699,34.2666
4.3484,108.6742,-0.6992,34.2522
4.3504,108.7115,-0.6994,34.2378
4.3525,108.7488,-0.6996,34.2233
4.3545,108.7861,-0.6999,34.2089
4.3566,108.8234,-0.7001,34.1943
4.3586,108.8606,-0.7003,34.1798
4.3607,108.8979,-0.7005,34.1652
4.3627,108.9352,-0.7007,34.1506
4.3648,108.9724,-0.701,34.136
4.3668,109.0097,-0.7012,34.1214
4.3689,109.0469,-0.7014,34.1067
4.3709,109.0842,-0.7016,34.092
4.373,109.1214,-0.7018,34.0773
4.375,109.1587,-0.702,34.0625
4.3771,109.1959,-0.7023,34.0477
4.3791,109.2332,-0.7025,34.0329
4.3812,109.2704,-0.7027,34.0181
4.3832,109.3076,-0.7029,34.0033
4.3853,109.3449,-0.7031,33.9884
4.3873,109.3821,-0.7034,33.9735
4.3894,109.4193,-0.7036,33.9585
4.3914,109.4565,-0.7038,33.9435
4.3935,109.4937,-0.704,33.9286
4.3955,109.531,-0.7042,33.9135
4.3976,109.5682,-0.7045,33.8985
4.3996,109.6054,-0.7047,33.8834
4.4017,109.6426,-0.7049,33.8683
4.4037,109.6798,-0.7051,33.8532
4.4058,109.717,-0.7053,33.8381
4.4078,109.7542,-0.7056,33.8229
4.4099,109.7914,-0.7058,33.8077
4.4119,109.8285,-0.706,33.7924
4.414,109.8657,-0.7062,33.7772
4.416,109.9029,-0.7064,33.7619
4.4181,109.9401,-0.7067,33.7466
4.4201,109.9773,-0.7069,33.7313
4.4222,110.0144,-0.7071,33.7159
4.4242,110.0516,-0.7073,33.7005
4.4263,110.0888,-0.7075,33.6851
4.4283,110.1259,-0.7078,33.6697
4.4304,110.1631,-0.708,33.6542
4.4324,110.2003,-0.7082,33.6387
4.4345,110.2374,-0.7084,33.6232
4.4365,110.2746,-0.7086,33.6076
4.4386,110.3117,-0.7089,33.592
4.4406,110.3489,-0.7091,33.5764
4.4427,110.386,-0.7093,33.5608
4.4447,110.4231,-0.7095,33.5452
4.4468,110.4603,-0.7097,33.5295
4.4488,110.4974,-0.71,33.5138
4.4509,110.5345,-0.7102,33.4981
4.4529,110.5717,-0.7104,33.4823
4.455,110.6088,-0.7106,33.4665
4.457,110.6459,-0.7109,33.4507
4.4591,110.683,-0.7111,33.4349
4.4611,110.7202,-0.7113,33.419
4.4632,110.7573,-0.7115,33.4031
4.4652,110.7944,-0.7117,33.3872
4.4673,110.8315,-0.712,33.3712
4.4693,110.8686,-0.7122,33.3553
4.4714,110.9057,-0.7124,33.3393
4.4734,110.9428,-0.7126,33.3233
4.4755,110.9799,-0.7128,33.3072
4.4775,111.017,-0.7131,33.2911
4.4796,111.0541,-0.7133,33.275
4.4816,111.0911,-0.7135,33.2589
4.4837,111.1282,-0.7137,33.2428
4.4857,111.1653,-0.714,33.2266
4.4878,111.2024,-0.7142,33.2104
4.4898,111.2395,-0.7144,33.1941
4.4919,111.2765,-0.7146,33.1779
4.4939,111.3136,-0.7148,33.1616
4.496,111.3507,-0.7151,33.1453
4.498,111.3877,-0.7153,33.1289
4.5001,111.4248,-0.7155,33.1126
4.5021,111.4619,-0.7157,33.0962
4.5042,111.4989,-0.716,33.0798
4.5062,111.536,-0.7162,33.0633
4.5083,111.573,-0.7164,33.0469
4.5103,111.6101,-0.7166,33.0304
4.5124,111.6471,-0.7168,33.0139
4.5144,111.6842,-0.7171,32.9973
4.5165,111.7212,-0.7173,32.9807
4.5185,111.7582,-0.7175,32.9641
4.5206,111.7953,-0.7177,32.9475
4.5226,111.8323,-0.718,32.9309
4.5247,111.8693,-0.7182,32.9142
4.5267,111.9063,-0.7184,32.8975
4.5288,111.9434,-0.7186,32.8807
4.5308,111.9804,-0.7189,32.864
4.5329,112.0174,-0.7191,32.8472
4.5349,112.0544,-0.7193,32.8304
4.537,112.0914,-0.7195,32.8136
4.539,112.1284,-0.7197,32.7967
4.5411,112.1654,-0.72,32.7798
4.5431,112.2025,-0.7202,32.7629
4.5452,112.2395,-0.7204,32.7459
4.5472,112.2765,-0.7206,32.729
4.5493,112.3134,-0.7209,32.712
4.5513,112.3504,-0.7211,32.695
4.5534,112.3874,-0.7213,32.6779
4.5554,112.4244,-0.7215,32.6609
4.5575,112.4614,-0.7218,32.6438
4.5595,112.4984,-0.722,32.6266
4.5616,112.5354,-0.7222,32.6095
4.5636,112.5723,-0.7224,32.5923
4.5657,112.6093,-0.7227,32.5751
4.5677,112.6463,-0.7229,32.5579
4.5698,112.6833,-0.7231,32.5406
4.5718,112.7202,-0.7233,32.5233
4.5739,112.7572,-0.7236,32.506
4.5759,112.7942,-0.7238,32.4887
4.578,112.8311,-0.724,32.4713
4.58,112.8681,-0.7242,32.454
4.5821,112.905,-0.7245,32.4365
4.5841,112.942,-0.7247,32.4191
4.5862,112.9789,-0.7249,32.4016
4.5882,113.0159,-0.7251,32.3842
4.5903,113.0528,-0.7254,32.3666
4.5923,113.0898,-0.7256,32.3491
4.5944,113.1267,-0.7258,32.3315
4.5964,113.1636,-0.726,32.3139
4.5985,113.2006,-0.7263,32.2963
4.6005,113.2375,-0.7265,32.2787
4.6026,113.2744,-0.7267,32.261
4.6046,113.3114,-0.7269,32.2433
4.6067,113.3483,-0.7272,32.2256
4.6087,113.3852,-0.7274,32.2078
4.6108,113.4221,-0.7276,32.1901
4.6128,113.459,-0.7278,32.1723
4.6149,113.496,-0.7281,32.1544
4.6169,113.5329,-0.7283,32.1366
4.619,113.5698,-0.7285,32.1187
4.621,113.6067,-0.7288,32.1008
4.6231,113.6436,-0.729,32.0829
4.6251,113.6805,-0.7292,32.0649
4.6272,113.7174,-0.7294,32.0469
4.6292,113.7543,-0.7297,32.0289
4.6313,113.7912,-0.7299,32.0109
4.6333,113.8281,-0.7301,31.9928
4.6354,113.865,-0.7303,31.9747
4.6374,113.9019,-0.7306,31.9566
4.6395,113.9387,-0.7308,31.9385
4.6415,113.9756,-0.731,31.9203
4.6436,114.0125,-0.7312,31.9021
4.6456,114.0494,-0.7315,31.8839
4.6477,114.0863,-0.7317,31.8657
4.6497,114.1231,-0.7319,31.8474
4.6518,114.16,-0.7322,31.8291
4.6538,114.1969,-0.7324,31.8108
4.6559,114.2338,-0.7326,31.7924
4.6579,114.2706,-0.7328,31.7741
4.66,114.3075,-0.7331,31.7557
4.662,114.3443,-0.7333,31.7372
4.6641,114.3812,-0.7335,31.7188
4.6661,114.4181,-0.7337,31.7003
4.6682,114.4549,-0.734,31.6818
4.6702,114.4918,-0.7342,31.6633
4.6723,114.5286,-0.7344,31.6447
4.6743,114.5655,-0.7347,31.6262
4.6764,114.6023,-0.7349,31.6075
4.6784,114.6391,-0.7351,31.5889
4.6805,114.676,-0.7353,31.5703
4.6825,114.7128,-0.7356,31.5516
4.6846,114.7497,-0.7358,31.5329
4.6866,114.7865,-0.736,31.5141
4.6887,114.8233,-0.7363,31.4954
4.6907,114.8602,-0.7365,31.4766
4.6928,114.897,-0.7367,31.4578
4.6948,114.9338,-0.7369,31.4389
4.6969,114.9706,-0.7372,31.4201
4.6989,115.0074,-0.7374,31.4012
4.701,115.0443,-0.7376,31.3823
4.703,115.0811,-0.7379,31.3633
4.7051,115.1179,-0.7381,31.3444
4.7071,115.1547,-0.7383,31.3254
4.7092,115.1915,-0.7386,31.3064
4.7112,115.2283,-0.7388,31.2873
4.7133,115.2651,-0.739,31.2682
4.7153,115.3019,-0.7392,31.2491
4.7174,115.3387,-0.7395,31.23
4.7194,115.3755,-0.7397,31.2109
4.7215,115.4123,-0.7399,31.1917
4.7235,115.4491,-0.7402,31.1725
4.7256,115.4859,-0.7404,31.1533
4.7276,115.5227,-0.7406,31.134
4.7297,115.5595,-0.7409,31.1148
4.7317,115.5963,-0.7411,31.0955
4.7338,115.6331,-0.7413,31.0761
4.7358,115.6699,-0.7415,31.0568
4.7379,115.7066,-0.7418,31.0374
4.7399,115.7434,-0.742,31.018
4.742,115.7802,-0.7422,30.9986
4.744,115.817,-0.7425,30.9791
4.7461,115.8537,-0.7427,30.9596
4.7481,115.8905,-0.7429,30.9401
4.7502,115.9273,-0.7432,30.9206
4.7522,115.964,-0.7434,30.901
4.7543,116.0008,-0.7436,30.8814
4.7563,116.0376,-0.7439,30.8618
4.7584,116.0743,-0.7441,30.8422
4.7604,116.1111,-0.7443,30.8225
4.7625,116.1478,-0.7445,30.8029
4.7645,116.1846,-0.7448,30.7831
4.7666,116.2213,-0.745,30.7634
4.7686,116.2581,-0.7452,30.7436
4.7707,116.2948,-0.7455,30.7239
4.7727,116.3316,-0.7457,30.704
4.7748,116.3683,-0.7459,30.6842
4.7768,116.4051,-0.7462,30.6643
4.7789,116.4418,-0.7464,30.6444
4.7809,116.4786,-0.7466,30.6245
4.783,116.5153,-0.7469,30.6046
4.785,116.552,-0.7471,30.5846
4.7871,116.5888,-0.7473,30.5646
4.7891,116.6255,-0.7476,30.5446
4.7912,116.6622,-0.7478,30.5246
4.7932,116.6989,-0.748,30.5045
4.7953,116.7357,-0.7483,30.4844
4.7973,116.7724,-0.7485,30.4643
4.7994,116.8091,-0.7487,30.4441
4.8014,116.8458,-0.749,30.424
4.8035,116.8826,-0.7492,30.4038
4.8055,116.9193,-0.7494,30.3835
4.8076,116.956,-0.7497,30.3633
4.8096,116.9927,-0.7499,30.343
4.8117,117.0294,-0.7501,30.3227
4.8137,117.0661,-0.7504,30.3024
4.8158,117.1028,-0.7506,30.282
4.8178,117.1395,-0.7508,30.2617
4.8199,117.1762,-0.7511,30.2413
4.8219,117.2129,-0.7513,30.2208
4.824,117.2496,-0.7515,30.2004
4.826,117.2863,-0.7518,30.1799
4.8281,117.323,-0.752,30.1594
4.8301,117.3597,-0.7522,30.1389
4.8322,117.3964,-0.7525,30.1183
4.8342,117.4331,-0.7527,30.0977
4.8363,117.4698,-0.7529,30.0771
4.8383,117.5065,-0.7532,30.0565
4.8404,117.5432,-0.7534,30.0358
4.8424,117.5798,-0.7536,30.0152
4.8445,117.6165,-0.7539,29.9945
4.8465,117.6532,-0.7541,29.9737
4.8486,117.6899,-0.7543,29.953
4.8506,117.7266,-0.7546,29.9322
4.8527,117.7632,-0.7548,29.9114
4.8547,117.7999,-0.7551,29.8905
4.8568,117.8366,-0.7553,29.8697
4.8588,117.8732,-0.7555,29.8488
4.8609,117.9099,-0.7558,29.8279
4.8629,117.9466,-0.756,29.807
4.865,117.9832,-0.7562,29.786
4.867,118.0199,-0.7565,29.765
4.8691,118.0566,-0.7567,29.744
4.8711,118.0932,-0.7569,29.723
4.8732,118.1299,-0.7572,29.7019
4.8752,118.1665,-0.7574,29.6808
4.8773,118.2032,-0.7576,29.6597
4.8793,118.2398,-0.7579,29.6386
4.8814,118.2765,-0.7581,29.6174
4.8834,118.3131,-0.7584,29.5962
4.8855,118.3498,-0.7586,29.575
4.8875,118.3864,-0.7588,29.5538
4.8896,118.4231,-0.7591,29.5325
4.8916,118.4597,-0.7593,29.5112
4.8937,118.4964,-0.7595,29.4899
4.8957,118.533,-0.7598,29.4685
4.8978,118.5696,-0.76,29.4472
4.8998,118.6063,-0.7602,29.4258
4.9019,118.6429,-0.7605,29.4044
4.9039,118.6795,-0.7607,29.3829
4.906,118.7162,-0.761,29.3615
4.908,118.7528,-0.7612,29.34
4.9101,118.7894,-0.7614,29.3185
4.9121,118.8261,-0.7617,29.2969
4.9142,118.8627,-0.7619,29.2753
4.9162,118.8993,-0.7621,29.2537
4.9183,118.9359,-0.7624,29.2321
4.9203,118.9725,-0.7626,29.2105
4.9224,119.0092,-0.7629,29.1888
4.9244,119.0458,-0.7631,29.1671
4.9265,119.0824,-0.7633,29.1454
4.9285,119.119,-0.7636,29.1237
4.9306,119.1556,-0.7638,29.1019
4.9326,119.1922,-0.7641,29.0801
4.9347,119.2288,-0.7643,29.0583
4.9367,119.2655,-0.7645,29.0364
4.9388,119.3021,-0.7648,29.0146
4.9408,119.3387,-0.765,28.9927
4.9429,119.3753,-0.7652,28.9707
4.9449,119.4119,-0.7655,28.9488
4.947,119.4485,-0.7657,28.9268
4.949,119.4851,-0.766,28.9048
4.9511,119.5217,-0.7662,28.8828
4.9531,119.5583,-0.7664,28.8608
4.9552,119.5949,-0.7667,28.8387
4.9572,119.6315,-0.7669,28.8166
4.9593,119.668,-0.7672,28.7945
4.9613,119.7046,-0.7674,28.7723
4.9634,119.7412,-0.7676,28.7502
4.9654,119.7778,-0.7679,28.728
4.9675,119.8144,-0.7681,28.7057
4.9695,119.851,-0.7684,28.6835
4.9716,119.8876,-0.7686,28.6612
4.9736,119.9241,-0.7688,28.6389
4.9757,119.9607,-0.7691,28.6166
4.9777,119.9973,-0.7693,28.5943
4.9798,120.0339,-0.7696,28.5719
4.9818,120.0705,-0.7698,28.5495
4.9839,120.107,-0.77,28.5271
4.9859,120.1436,-0.7703,28.5046
4.988,120.1802,-0.7705,28.4822
4.99,120.2168,-0.7708,28.4597
4.9921,120.2533,-0.771,28.4371
4.9941,120.2899,-0.7713,28.4146
4.9962,120.3265,-0.7715,28.392
4.9982,120.363,-0.7717,28.3694
5.0003,120.3996,-0.772,28.3468
5.0023,120.4361,-0.7722,28.3242
5.0044,120.4727,-0.7725,28.3015
5.0064,120.5093,-0.7727,28.2788
5.0085,120.5458,-0.7729,28.2561
5.0105,120.5824,-0.7732,28.2333
5.0126,120.6189,-0.7734,28.2105
5.0146,120.6555,-0.7737,28.1878
5.0167,120.692,-0.7739,28.1649
5.0187,120.7286,-0.7742,28.1421
5.0208,120.7652,-0.7744,28.1192
5.0228,120.8017,-0.7746,28.0963
5.0249,120.8383,-0.7749,28.0734
5.0269,120.8748,-0.7751,28.0505
5.029,120.9113,-0.7754,28.0275
5.031,120.9479,-0.7756,28.0045
5.0331,120.9844,-0.7759,27.9815
5.0351,121.021,-0.7761,27.9584
5.0372,121.0575,-0.7763,27.9353
5.0392,121.0941,-0.7766,27.9123
5.0413,121.1306,-0.7768,27.8891
5.0433,121.1671,-0.7771,27.866
5.0454,121.2037,-0.7773,27.8428
5.0474,121.2402,-0.7776,27.8196
5.0495,121.2767,-0.7778,27.7964
5.0515,121.3133,-0.778,27.7732
5.0536,121.3498,-0.7783,27.7499
5.0556,121.3863,-0.7785,27.7266
5.0577,121.4229,-0.7788,27.7033
5.0597,121.4594,-0.779,27.6799
5.0618,121.4959,-0.7793,27.6566
5.0638,121.5324,-0.7795,27.6332
5.0659,121.569,-0.7798,27.6098
5.0679,121.6055,-0.78,27.5863
5.07,121.642,-0.7802,27.5628
5.072,121.6785,-0.7805,27.5394
5.0741,121.715,-0.7807,27.5158
5.0761,121.7516,-0.781,27.4923
5.0782,121.7881,-0.7812,27.4687
5.0802,121.8246,-0.7815,27.4451
5.0823,121.8611,-0.7817,27.4215
5.0843,121.8976,-0.782,27.3979
5.0864,121.9341,-0.7822,27.3742
5.0884,121.9706,-0.7825,27.3505
5.0905,122.0072,-0.7827,27.3268
5.0925,122.0437,-0.7829,27.3031
5.0946,122.0802,-0.7832,27.2793
5.0966,122.1167,-0.7834,27.2555
5.0987,122.1532,-0.7837,27.2317
5.1007,122.1897,-0.7839,27.2079
5.1028,122.2262,-0.7842,27.184
5.1048,122.2627,-0.7844,27.1601
5.1069,122.2992,-0.7847,27.1362
5.1089,122.3357,-0.7849,27.1123
5.111,122.3722,-0.7852,27.0883
5.113,122.4087,-0.7854,27.0643
5.1151,122.4452,-0.7857,27.0403
5.1171,122.4817,-0.7859,27.0163
5.1192,122.5182,-0.7862,26.9922
5.1212,122.5547,-0.7864,26.9681
5.1233,122.5912,-0.7866,26.944
5.1253,122.6277,-0.7869,26.9199
5.1274,122.6641,-0.7871,26.8957
5.1294,122.7006,-0.7874,26.8716
5.1315,122.7371,-0.7876,26.8473
5.1335,122.7736,-0.7879,26.8231
5.1356,122.8101,-0.7881,26.7989
5.1376,122.8466,-0.7884,26.7746
5.1397,122.8831,-0.7886,26.7503
5.1417,122.9196,-0.7889,26.7259
5.1438,122.956,-0.7891,26.7016
5.1458,122.9925,-0.7894,26.6772
5.1479,123.029,-0.7896,26.6528
5.1499,123.0655,-0.7899,26.6284
5.152,123.102,-0.7901,26.6039
5.154,123.1384,-0.7904,26.5794
5.1561,123.1749,-0.7906,26.5549
5.1581,123.2114,-0.7909,26.5304
5.1602,123.2479,-0.7911,26.5059
5.1622,123.2843,-0.7914,26.4813
5.1643,123.3208,-0.7916,26.4567
5.1663,123.3573,-0.7919,26.4321
5.1684,123.3938,-0.7921,26.4074
5.1704,123.4302,-0.7924,26.3827
5.1725,123.4667,-0.7926,26.358
5.1745,123.5032,-0.7929,26.3333
5.1766,123.5396,-0.7931,26.3086
5.1786,123.5761,-0.7934,26.2838
5.1807,123.6126,-0.7936,26.259
5.1827,123.649,-0.7939,26.2342
5.1848,123.6855,-0.7941,26.2093
5.1868,123.7219,-0.7944,26.1845
5.1889,123.7584,-0.7946,26.1596
5.1909,123.7949,-0.7949,26.1347
5.193,123.8313,-0.7951,26.1097
5.195,123.8678,-0.7954,26.0848
5.1971,123.9042,-0.7956,26.0598
5.1991,123.9407,-0.7959,26.0347
5.2012,123.9772,-0.7961,26.0097
5.2032,124.0136,-0.7964,25.9846
5.2053,124.0501,-0.7966,25.9596
5.2073,124.0865,-0.7969,25.9344
5.2094,124.123,-0.7971,25.9093
5.2114,124.1594,-0.7974,25.8841
5.2135,124.1959,-0.7976,25.859
5.2155,124.2323,-0.7979,25.8337
5.2176,124.2688,-0.7981,25.8085
5.2196,124.3052,-0.7984,25.7833
5.2217,124.3417,-0.7986,25.758
5.2237,124.3781,-0.7989,25.7327
5.2258,124.4146,-0.7991,25.7073
5.2278,124.451,-0.7994,25.682
5.2299,124.4875,-0.7996,25.6566
5.2319,124.5239,-0.7999,25.6312
5.234,124.5604,-0.8002,25.6058
5.236,124.5968,-0.8004,25.5803
5.2381,124.6332,-0.8007,25.5548
5.2401,124.6697,-0.8009,25.5293
5.2422,124.7061,-0.8012,25.5038
5.2442,124.7426,-0.8014,25.4783
5.2463,124.779,-0.8017,25.4527
5.2483,124.8154,-0.8019,25.4271
5.2504,124.8519,-0.8022,25.4015
5.2524,124.8883,-0.8024,25.3758
5.2545,124.9248,-0.8027,25.3501
5.2565,124.9612,-0.8029,25.3244
5.2586,124.9976,-0.8032,25.2987
5.2606,125.0341,-0.8035,25.273
5.2627,125.0705,-0.8037,25.2472
5.2647,125.1069,-0.804,25.2214
5.2668,125.1434,-0.8042,25.1956
5.2688,125.1798,-0.8045,25.1698
5.2709,125.2162,-0.8047,25.1439
5.2729,125.2526,-0.805,25.118
5.275,125.2891,-0.8052,25.0921
5.277,125.3255,-0.8055,25.0662
5.2791,125.3619,-0.8057,25.0402
5.2811,125.3984,-0.806,25.0142
5.2832,125.4348,-0.8063,24.9882
5.2852,125.4712,-0.8065,24.9622
5.2873,125.5076,-0.8068,24.9361
5.2893,125.5441,-0.807,24.91
5.2914,125.5805,-0.8073,24.8839
5.2934,125.6169,-0.8075,24.8578
5.2955,125.6533,-0.8078,24.8317
5.2975,125.6897,-0.808,24.8055
5.2996,125.7262,-0.8083,24.7793
5.3016,125.7626,-0.8086,24.753
5.3037,125.799,-0.8088,24.7268
5.3057,125.8354,-0.8091,24.7005
5.3078,125.8718,-0.8093,24.6742
5.3098,125.9083,-0.8096,24.6479
5.3119,125.9447,-0.8098,24.6216
5.3139,125.9811,-0.8101,24.5952
5.316,126.0175,-0.8104,24.5688
5.318,126.0539,-0.8106,24.5424
5.3201,126.0903,-0.8109,24.5159
5.3221,126.1267,-0.8111,24.4895
5.3242,126.1632,-0.8114,24.463
5.3262,126.1996,-0.8116,24.4365
5.3283,126.236,-0.8119,24.4099
5.3303,126.2724,-0.8122,24.3834
5.3324,126.3088,-0.8124,24.3568
5.3344,126.3452,-0.8127,24.3302
5.3365,126.3816,-0.8129,24.3035
5.3385,126.418,-0.8132,24.2769
5.3406,126.4544,-0.8135,24.2502
5.3426,126.4909,-0.8137,24.2235
5.3447,126.5273,-0.814,24.1968
5.3467,126.5637,-0.8142,24.17
5.3488,126.6001,-0.8145,24.1432
5.3508,126.6365,-0.8147,24.1164
5.3529,126.6729,-0.815,24.0896
5.3549,126.7093,-0.8153,24.0628
5.357,126.7457,-0.8155,24.0359
5.359,126.7821,-0.8158,24.009
5.3611,126.8185,-0.816,23.9821
5.3631,126.8549,-0.8163,23.9551
5.3652,126.8913,-0.8166,23.9282
5.3672,126.9277,-0.8168,23.9012
5.3693,126.9641,-0.8171,23.8741
5.3713,127.0005,-0.8173,23.8471
5.3734,127.0369,-0.8176,23.82
5.3754,127.0733,-0.8179,23.793
5.3775,127.1097,-0.8181,23.7658
5.3795,127.1461,-0.8184,23.7387
5.3816,127.1825,-0.8186,23.7116
5.3836,127.2189,-0.8189,23.6844
5.3857,127.2553,-0.8192,23.6572
5.3877,127.2917,-0.8194,23.6299
5.3898,127.3281,-0.8197,23.6027
5.3918,127.3645,-0.82,23.5754
5.3939,127.4009,-0.8202,23.5481
5.3959,127.4373,-0.8205,23.5208
5.398,127.4737,-0.8207,23.4934
5.4,127.5101,-0.821,23.4661
5.4021,127.5465,-0.8213,23.4387
5.4041,127.5829,-0.8215,23.4112
5.4062,127.6193,-0.8218,23.3838
5.4082,127.6556,-0.8221,23.3563
5.4103,127.692,-0.8223,23.3288
5.4123,127.7284,-0.8226,23.3013
5.4144,127.7648,-0.8228,23.2738
5.4164,127.8012,-0.8231,23.2462
5.4185,127.8376,-0.8234,23.2186
5.4205,127.874,-0.8236,23.191
5.4226,127.9104,-0.8239,23.1634
5.4246,127.9468,-0.8242,23.1357
5.4267,127.9832,-0.8244,23.1081
5.4287,128.0196,-0.8247,23.0804
5.4308,128.0559,-0.8249,23.0526
5.4328,128.0923,-0.8252,23.0249
5.4349,128.1287,-0.8255,22.9971
5.4369,128.1651,-0.8257,22.9693
5.439,128.2015,-0.826,22.9415
5.441,128.2379,-0.8263,22.9136
5.4431,128.2743,-0.8265,22.8858
5.4451,128.3106,-0.8268,22.8579
5.4472,128.347,-0.8271,22.83
5.4492,128.3834,-0.8273,22.802
5.4513,128.4198,-0.8276,22.7741
5.4533,128.4562,-0.8278,22.7461
5.4554,128.4926,-0.8281,22.7181
5.4574,128.529,-0.8284,22.69
5.4595,128.5653,-0.8286,22.662
5.4615,128.6017,-0.8289,22.6339
5.4636,128.6381,-0.8292,22.6058
5.4656,128.6745,-0.8294,22.5777
5.4677,128.7109,-0.8297,22.5495
5.4697,128.7472,-0.83,22.5213
5.4718,128.7836,-0.8302,22.4931
5.4738,128.82,-0.8305,22.4649
5.4759,128.8564,-0.8308,22.4367
5.4779,128.8928,-0.831,22.4084
5.48,128.9292,-0.8313,22.3801
5.482,128.9655,-0.8316,22.3518
5.4841,129.0019,-0.8318,22.3235
5.4861,129.0383,-0.8321,22.2951
5.4882,129.0747,-0.8324,22.2667
5.4902,129.111,-0.8326,22.2383
5.4923,129.1474,-0.8329,22.2099
5.4943,129.1838,-0.8332,22.1814
5.4964,129.2202,-0.8334,22.1529
5.4984,129.2566,-0.8337,22.1244
5.5005,129.2929,-0.834,22.0959
5.5025,129.3293,-0.8342,22.0673
5.5046,129.3657,-0.8345,22.0388
5.5066,129.4021,-0.8348,22.0102
5.5087,129.4384,-0.835,21.9816
5.5107,129.4748,-0.8353,21.9529
5.5128,129.5112,-0.8356,21.9243
5.5148,129.5476,-0.8358,21.8956
5.5169,129.584,-0.8361,21.8668
5.5189,129.6203,-0.8364,21.8381
5.521,129.6567,-0.8367,21.8094
5.523,129.6931,-0.8369,21.7806
5.5251,129.7295,-0.8372,21.7518
5.5271,129.7658,-0.8375,21.7229
5.5292,129.8022,-0.8377,21.6941
5.5312,129.8386,-0.838,21.6652
5.5333,129.875,-0.8383,21.6363
5.5353,129.9113,-0.8385,21.6074
5.5374,129.9477,-0.8388,21.5784
5.5394,129.9841,-0.8391,21.5495
5.5415,130.0204,-0.8393,21.5205
5.5435,130.0568,-0.8396,21.4915
5.5456,130.0932,-0.8399,21.4624
5.5476,130.1296,-0.8402,21.4334
5.5497,130.1659,-0.8404,21.4043
5.5517,130.2023,-0.8407,21.3752
5.5538,130.2387,-0.841,21.346
5.5558,130.2751,-0.8412,21.3169
5.5579,130.3114,-0.8415,21.2877
5.5599,130.3478,-0.8418,21.2585
5.562,130.3842,-0.8421,21.2293
5.564,130.4205,-0.8423,21.2
5.5661,130.4569,-0.8426,21.1708
5.5681,130.4933,-0.8429,21.1415
5.5702,130.5297,-0.8431,21.1121
5.5722,130.566,-0.8434,21.0828
5.5743,130.6024,-0.8437,21.0534
5.5763,130.6388,-0.844,21.0241
5.5784,130.6751,-0.8442,20.9946
5.5804,130.7115,-0.8445,20.9652
5.5825,130.7479,-0.8448,20.9358
5.5845,130.7843,-0.845,20.9063
5.5866,130.8206,-0.8453,20.8768
5.5886,130.857,-0.8456,20.8472
5.5907,130.8934,-0.8459,20.8177
5.5927,130.9297,-0.8461,20.7881
5.5948,130.9661,-0.8464,20.7585
5.5968,131.0025,-0.8467,20.7289
5.5989,131.0389,-0.847,20.6993
5.6009,131.0752,-0.8472,20.6696
5.603,131.1116,-0.8475,20.6399
5.605,131.148,-0.8478,20.6102
5.6071,131.1843,-0.848,20.5805
5.6091,131.2207,-0.8483,20.5507
5.6112,131.2571,-0.8486,20.5209
5.6132,131.2934,-0.8489,20.4911
5.6153,131.3298,-0.8491,20.4613
5.6173,131.3662,-0.8494,20.4315
5.6194,131.4026,-0.8497,20.4016
5.6214,131.4389,-0.85,20.3717
5.6235,131.4753,-0.8502,20.3418
5.6255,131.5117,-0.8505,20.3119
5.6276,131.548,-0.8508,20.2819
5.6296,131.5844,-0.8511,20.2519
5.6317,131.6208,-0.8513,20.2219
5.6337,131.6571,-0.8516,20.1919
5.6358,131.6935,-0.8519,20.1618
5.6378,131.7299,-0.8522,20.1317
5.6399,131.7663,-0.8524,20.1016
5.6419,131.8026,-0.8527,20.0715
5.644,131.839,-0.853,20.0414
5.646,131.8754,-0.8533,20.0112
5.6481,131.9117,-0.8535,19.981
5.6501,131.9481,-0.8538,19.9508
5.6522,131.9845,-0.8541,19.9206
5.6542,132.0208,-0.8544,19.8903
5.6563,132.0572,-0.8547,19.86
5.6583,132.0936,-0.8549,19.8297
5.6604,132.13,-0.8552,19.7994
5.6624,132.1663,-0.8555,19.769
5.6645,132.2027,-0.8558,19.7387
5.6665,132.2391,-0.856,19.7083
5.6686,132.2754,-0.8563,19.6778
5.6706,132.3118,-0.8566,19.6474
5.6727,132.3482,-0.8569,19.6169
5.6747,132.3845,-0.8571,19.5864
5.6768,132.4209,-0.8574,19.5559
5.6788,132.4573,-0.8577,19.5254
5.6809,132.4937,-0.858,19.4948
5.6829,132.53,-0.8583,19.4643
5.685,132.5664,-0.8585,19.4337
5.687,132.6028,-0.8588,19.403
5.6891,132.6391,-0.8591,19.3724
5.6911,132.6755,-0.8594,19.3417
5.6932,132.7119,-0.8597,19.311
5.6952,132.7483,-0.8599,19.2803
5.6973,132.7846,-0.8602,19.2496
5.6993,132.821,-0.8605,19.2188
5.7014,132.8574,-0.8608,19.188
5.7034,132.8937,-0.8611,19.1572
5.7055,132.9301,-0.8613,19.1264
5.7075,132.9665,-0.8616,19.0955
5.7096,133.0029,-0.8619,19.0647
5.7116,133.0392,-0.8622,19.0338
5.7137,133.0756,-0.8625,19.0029
5.7157,133.112,-0.8627,18.9719
5.7178,133.1484,-0.863,18.941
5.7198,133.1847,-0.8633,18.91
5.7219,133.2211,-0.8636,18.879
5.7239,133.2575,-0.8639,18.8479
5.726,133.2938,-0.8641,18.8169
5.728,133.3302,-0.8644,18.7858
5.7301,133.3666,-0.8647,18.7547
5.7321,133.403,-0.865,18.7236
5.7342,133.4393,-0.8653,18.6924
5.7362,133.4757,-0.8655,18.6613
5.7383,133.5121,-0.8658,18.6301
5.7403,133.5485,-0.8661,18.5989
5.7424,133.5848,-0.8664,18.5676
5.7444,133.6212,-0.8667,18.5364
5.7465,133.6576,-0.867,18.5051
5.7485,133.694,-0.8672,18.4738
5.7506,133.7303,-0.8675,18.4425
5.7526,133.7667,-0.8678,18.4111
5.7547,133.8031,-0.8681,18.3797
5.7567,133.8395,-0.8684,18.3483
5.7588,133.8758,-0.8686,18.3169
5.7608,133.9122,-0.8689,18.2855
5.7629,133.9486,-0.8692,18.254
5.7649,133.985,-0.8695,18.2225
5.767,134.0213,-0.8698,18.191
5.769,134.0577,-0.8701,18.1595
5.7711,134.0941,-0.8703,18.128
5.7731,134.1305,-0.8706,18.0964
5.7752,134.1669,-0.8709,18.0648
5.7772,134.2032,-0.8712,18.0332
5.7793,134.2396,-0.8715,18.0015
5.7813,134.276,-0.8718,17.9699
5.7834,134.3124,-0.8721,17.9382
5.7854,134.3487,-0.8723,17.9065
5.7875,134.3851,-0.8726,17.8748
5.7895,134.4215,-0.8729,17.843
5.7916,134.4579,-0.8732,17.8112
5.7936,134.4943,-0.8735,17.7794
5.7957,134.5306,-0.8738,17.7476
5.7977,134.567,-0.8741,17.7158
5.7998,134.6034,-0.8743,17.6839
5.8018,134.6398,-0.8746,17.652
5.8039,134.6762,-0.8749,17.6201
5.8059,134.7126,-0.8752,17.5882
5.808,134.7489,-0.8755,17.5562
5.81,134.7853,-0.8758,17.5243
5.8121,134.8217,-0.8761,17.4923
5.8141,134.8581,-0.8763,17.4603
5.8162,134.8945,-0.8766,17.4282
5.8182,134.9308,-0.8769,17.3961
5.8203,134.9672,-0.8772,17.3641
5.8223,135.0036,-0.8775,17.332
5.8244,135.04,-0.8778,17.2998
5.8264,135.0764,-0.8781,17.2677
5.8285,135.1128,-0.8783,17.2355
5.8305,135.1492,-0.8786,17.2033
5.8326,135.1855,-0.8789,17.1711
5.8346,135.2219,-0.8792,17.1388
5.8367,135.2583,-0.8795,17.1066
5.8387,135.2947,-0.8798,17.0743
5.8408,135.3311,-0.8801,17.042
5.8428,135.3675,-0.8804,17.0097
5.8449,135.4039,-0.8807,16.9773
5.8469,135.4402,-0.8809,16.9449
5.849,135.4766,-0.8812,16.9125
5.851,135.513,-0.8815,16.8801
5.8531,135.5494,-0.8818,16.8477
5.8551,135.5858,-0.8821,16.8152
5.8572,135.6222,-0.8824,16.7827
5.8592,135.6586,-0.8827,16.7502
5.8613,135.695,-0.883,16.7177
5.8633,135.7314,-0.8833,16.6851
5.8654,135.7678,-0.8835,16.6526
5.8674,135.8041,-0.8838,16.62
5.8695,135.8405,-0.8841,16.5874
5.8715,135.8769,-0.8844,16.5547
5.8736,135.9133,-0.8847,16.5221
5.8756,135.9497,-0.885,16.4894
5.8777,135.9861,-0.8853,16.4567
5.8797,136.0225,-0.8856,16.4239
5.8818,136.0589,-0.8859,16.3912
5.8838,136.0953,-0.8862,16.3584
5.8859,136.1317,-0.8865,16.3256
5.8879,136.1681,-0.8867,16.2928
5.89,136.2045,-0.887,16.26
5.892,136.2409,-0.8873,16.2271
5.8941,136.2773,-0.8876,16.1942
5.8961,136.3137,-0.8879,16.1613
5.8982,136.3501,-0.8882,16.1284
5.9002,136.3865,-0.8885,16.0955
5.9023,136.4229,-0.8888,16.0625
5.9043,136.4593,-0.8891,16.0295
5.9064,136.4957,-0.8894,15.9965
5.9084,136.5321,-0.8897,15.9634
5.9105,136.5685,-0.89,15.9304
5.9125,136.6049,-0.8902,15.8973
5.9146,136.6413,-0.8905,15.8642
5.9166,136.6777,-0.8908,15.8311
5.9187,136.7141,-0.8911,15.7979
5.9207,136.7505,-0.8914,15.7648
5.9228,136.7869,-0.8917,15.7316
5.9248,136.8233,-0.892,15.6984
5.9269,136.8597,-0.8923,15.6651
5.9289,136.8961,-0.8926,15.6319
5.931,136.9325,-0.8929,15.5986
5.933,136.9689,-0.8932,15.5653
5.9351,137.0053,-0.8935,15.532
5.9371,137.0417,-0.8938,15.4987
5.9392,137.0781,-0.8941,15.4653
5.9412,137.1145,-0.8944,15.4319
5.9433,137.1509,-0.8947,15.3985
5.9453,137.1873,-0.895,15.3651
5.9474,137.2237,-0.8952,15.3316
5.9494,137.2601,-0.8955,15.2982
5.9515,137.2965,-0.8958,15.2647
5.9535,137.333,-0.8961,15.2311
5.9556,137.3694,-0.8964,15.1976
5.9576,137.4058,-0.8967,15.1641
5.9597,137.4422,-0.897,15.1305
5.9617,137.4786,-0.8973,15.0969
5.9638,137.515,-0.8976,15.0632
5.9658,137.5514,-0.8979,15.0296
5.9679,137.5878,-0.8982,14.9959
5.9699,137.6243,-0.8985,14.9622
5.972,137.6607,-0.8988,14.9285
5.974,137.6971,-0.8991,14.8948
5.9761,137.7335,-0.8994,14.8611
5.9781,137.7699,-0.8997,14.8273
5.9802,137.8063,-0.9,14.7935
5.9822,137.8427,-0.9003,14.7597
5.9843,137.8792,-0.9006,14.7258
5.9863,137.9156,-0.9009,14.692
5.9884,137.952,-0.9012,14.6581
5.9904,137.9884,-0.9015,14.6242
5.9925,138.0248,-0.9018,14.5902
5.9945,138.0613,-0.9021,14.5563
5.9966,138.0977,-0.9024,14.5223
5.9986,138.1341,-0.9027,14.4883
6.0007,138.1705,-0.903,14.4543
6.0027,138.2069,-0.9033,14.4203
6.0048,138.2434,-0.9036,14.3862
6.0068,138.2798,-0.9039,14.3522
6.0089,138.3162,-0.9042,14.3181
6.0109,138.3526,-0.9045,14.2839
6.013,138.3891,-0.9048,14.2498
6.015,138.4255,-0.9051,14.2156
6.0171,138.4619,-0.9054,14.1814
6.0191,138.4983,-0.9057,14.1472
6.0212,138.5348,-0.906,14.113
6.0232,138.5712,-0.9063,14.0788
6.0253,138.6076,-0.9066,14.0445
6.0273,138.6441,-0.9069,14.0102
6.0294,138.6805,-0.9072,13.9759
6.0314,138.7169,-0.9075,13.9415
6.0335,138.7533,-0.9078,13.9072
6.0355,138.7898,-0.9081,13.8728
6.0376,138.8262,-0.9084,13.8384
6.0396,138.8626,-0.9087,13.804
6.0417,138.8991,-0.909,13.7695
6.0437,138.9355,-0.9093,13.7351
6.0458,138.9719,-0.9096,13.7006
6.0478,139.0084,-0.9099,13.6661
6.0499,139.0448,-0.9102,13.6316
6.0519,139.0813,-0.9105,13.597
6.054,139.1177,-0.9108,13.5624
6.056,139.1541,-0.9111,13.5279
6.0581,139.1906,-0.9114,13.4932
6.0601,139.227,-0.9117,13.4586
6.0622,139.2634,-0.912,13.4239
6.0642,139.2999,-0.9123,13.3893
6.0663,139.3363,-0.9126,13.3546
6.0683,139.3728,-0.9129,13.3199
6.0704,139.4092,-0.9132,13.2851
6.0724,139.4457,-0.9135,13.2503
6.0745,139.4821,-0.9138,13.2156
6.0765,139.5185,-0.9141,13.1808
6.0786,139.555,-0.9144,13.1459
6.0806,139.5914,-0.9147,13.1111
6.0827,139.6279,-0.915,13.0762
6.0847,139.6643,-0.9153,13.0413
6.0868,139.7008,-0.9156,13.0064
6.0888,139.7372,-0.9159,12.9715
6.0909,139.7737,-0.9162,12.9365
6.0929,139.8101,-0.9165,12.9016
6.095,139.8466,-0.9169,12.8666
6.097,139.883,-0.9172,12.8315
6.0991,139.9195,-0.9175,12.7965
6.1011,139.9559,-0.9178,12.7614
6.1032,139.9924,-0.9181,12.7264
6.1052,140.0288,-0.9184,12.6913
6.1073,140.0653,-0.9187,12.6561
6.1093,140.1017,-0.919,12.621
6.1114,140.1382,-0.9193,12.5858
6.1134,140.1747,-0.9196,12.5506
6.1155,140.2111,-0.9199,12.5154
6.1175,140.2476,-0.9202,12.4802
6.1196,140.284,-0.9205,12.445
6.1216,140.3205,-0.9208,12.4097
6.1237,140.3569,-0.9211,12.3744
6.1257,140.3934,-0.9214,12.3391
6.1278,140.4299,-0.9218,12.3037
6.1298,140.4663,-0.9221,12.2684
6.1319,140.5028,-0.9224,12.233
6.1339,140.5393,-0.9227,12.1976
6.136,140.5757,-0.923,12.1622
6.138,140.6122,-0.9233,12.1268
6.1401,140.6487,-0.9236,12.0913
6.1421,140.6851,-0.9239,12.0558
6.1442,140.7216,-0.9242,12.0203
6.1462,140.7581,-0.9245,11.9848
6.1483,140.7945,-0.9248,11.9492
6.1503,140.831,-0.9251,11.9137
6.1524,140.8675,-0.9255,11.8781
6.1544,140.9039,-0.9258,11.8425
6.1565,140.9404,-0.9261,11.8069
6.1585,140.9769,-0.9264,11.7712
6.1606,141.0133,-0.9267,11.7355
6.1626,141.0498,-0.927,11.6998
6.1647,141.0863,-0.9273,11.6641
6.1667,141.1228,-0.9276,11.6284
6.1688,141.1592,-0.9279,11.5926
6.1708,141.1957,-0.9282,11.5569
6.1729,141.2322,-0.9285,11.5211
6.1749,141.2687,-0.9289,11.4853
6.177,141.3052,-0.9292,11.4494
6.179,141.3416,-0.9295,11.4136
6.1811,141.3781,-0.9298,11.3777
6.1831,141.4146,-0.9301,11.3418
6.1852,141.4511,-0.9304,11.3059
6.1872,141.4876,-0.9307,11.2699
6.1893,141.5241,-0.931,11.234
6.1913,141.5605,-0.9313,11.198
6.1934,141.597,-0.9317,11.162
6.1954,141.6335,-0.932,11.1259
6.1975,141.67,-0.9323,11.0899
6.1995,141.7065,-0.9326,11.0538
6.2016,141.743,-0.9329,11.0177
6.2036,141.7795,-0.9332,10.9816
6.2057,141.816,-0.9335,10.9455
6.2077,141.8524,-0.9338,10.9094
6.2098,141.8889,-0.9342,10.8732
6.2118,141.9254,-0.9345,10.837
6.2139,141.9619,-0.9348,10.8008
6.2159,141.9984,-0.9351,10.7645
6.218,142.0349,-0.9354,10.7283
6.22,142.0714,-0.9357,10.692
6.2221,142.1079,-0.936,10.6557
6.2241,142.1444,-0.9364,10.6194
6.2262,142.1809,-0.9367,10.5831
6.2282,142.2174,-0.937,10.5467
6.2303,142.2539,-0.9373,10.5103
6.2323,142.2904,-0.9376,10.4739
6.2344,142.3269,-0.9379,10.4375
6.2364,142.3634,-0.9382,10.4011
6.2385,142.3999,-0.9386,10.3646
6.2405,142.4364,-0.9389,10.3281
6.2426,142.4729,-0.9392,10.2916
6.2446,142.5094,-0.9395,10.2551
6.2467,142.5459,-0.9398,10.2186
6.2487,142.5825,-0.9401,10.182
6.2508,142.619,-0.9404,10.1454
6.2528,142.6555,-0.9408,10.1088
6.2549,142.692,-0.9411,10.0722
6.2569,142.7285,-0.9414,10.0356
6.259,142.765,-0.9417,9.9989
6.261,142.8015,-0.942,9.9622
6.2631,142.838,-0.9423,9.9255
6.2651,142.8745,-0.9427,9.8888
6.2672,142.9111,-0.943,9.852
6.2692,142.9476,-0.9433,9.8152
6.2713,142.9841,-0.9436,9.7785
6.2733,143.0206,-0.9439,9.7416
6.2754,143.0571,-0.9442,9.7048
6.2774,143.0937,-0.9446,9.668
6.2795,143.1302,-0.9449,9.6311
6.2815,143.1667,-0.9452,9.5942
6.2836,143.2032,-0.9455,9.5573
6.2856,143.2397,-0.9458,9.5204
6.2877,143.2763,-0.9462,9.4834
6.2897,143.3128,-0.9465,9.4464
6.2918,143.3493,-0.9468,9.4094
6.2938,143.3859,-0.9471,9.3724
6.2959,143.4224,-0.9474,9.3354
6.2979,143.4589,-0.9477,9.2983
6.3,143.4954,-0.9481,9.2613
6.302,143.532,-0.9484,9.2242
6.3041,143.5685,-0.9487,9.187
6.3061,143.605,-0.949,9.1499
6.3082,143.6416,-0.9493,9.1128
6.3102,143.6781,-0.9497,9.0756
6.3123,143.7146,-0.95,9.0384
6.3143,143.7512,-0.9503,9.0012
6.3164,143.7877,-0.9506,8.9639
6.3184,143.8243,-0.9509,8.9267
6.3205,143.8608,-0.9513,8.8894
6.3225,143.8973,-0.9516,8.8521
6.3246,143.9339,-0.9519,8.8148
6.3266,143.9704,-0.9522,8.7774
6.3287,144.007,-0.9525,8.7401
6.3307,144.0435,-0.9529,8.7027
6.3328,144.0801,-0.9532,8.6653
6.3348,144.1166,-0.9535,8.6279
6.3369,144.1531,-0.9538,8.5904
6.3389,144.1897,-0.9542,8.553
6.341,144.2262,-0.9545,8.5155
6.343,144.2628,-0.9548,8.478
6.3451,144.2993,-0.9551,8.4405
6.3471,144.3359,-0.9554,8.4029
6.3492,144.3725,-0.9558,8.3653
6.3512,144.409,-0.9561,8.3278
6.3533,144.4456,-0.9564,8.2902
6.3553,144.4821,-0.9567,8.2525
6.3574,144.5187,-0.9571,8.2149
6.3594,144.5552,-0.9574,8.1772
6.3615,144.5918,-0.9577,8.1395
6.3635,144.6284,-0.958,8.1018
6.3656,144.6649,-0.9584,8.0641
6.3676,144.7015,-0.9587,8.0264
6.3697,144.738,-0.959,7.9886
6.3717,144.7746,-0.9593,7.9508
6.3738,144.8112,-0.9597,7.913
6.3758,144.8477,-0.96,7.8752
6.3779,144.8843,-0.9603,7.8374
6.3799,144.9209,-0.9606,7.7995
6.382,144.9574,-0.961,7.7616
6.384,144.994,-0.9613,7.7237
6.3861,145.0306,-0.9616,7.6858
6.3881,145.0671,-0.9619,7.6478
6.3902,145.1037,-0.9623,7.6099
6.3922,145.1403,-0.9626,7.5719
6.3943,145.1769,-0.9629,7.5339
6.3963,145.2134,-0.9632,7.4959
6.3984,145.25,-0.9636,7.4578
6.4004,145.2866,-0.9639,7.4197
6.4025,145.3232,-0.9642,7.3817
6.4045,145.3598,-0.9645,7.3436
6.4066,145.3963,-0.9649,7.3054
6.4086,145.4329,-0.9652,7.2673
6.4107,145.4695,-0.9655,7.2291
6.4127,145.5061,-0.9658,7.1909
6.4148,145.5427,-0.9662,7.1527
6.4168,145.5793,-0.9665,7.1145
6.4189,145.6158,-0.9668,7.0763
6.4209,145.6524,-0.9672,7.038
6.423,145.689,-0.9675,6.9997
6.425,145.7256,-0.9678,6.9614
6.4271,145.7622,-0.9681,6.9231
6.4291,145.7988,-0.9685,6.8847
6.4312,145.8354,-0.9688,6.8464
6.4332,145.872,-0.9691,6.808
6.4353,145.9086,-0.9695,6.7696
6.4373,145.9452,-0.9698,6.7312
6.4394,145.9818,-0.9701,6.6927
6.4414,146.0184,-0.9704,6.6543
6.4435,146.055,-0.9708,6.6158
6.4455,146.0916,-0.9711,6.5773
6.4476,146.1282,-0.9714,6.5387
6.4496,146.1648,-0.9718,6.5002
6.4517,146.2014,-0.9721,6.4616
6.4537,146.238,-0.9724,6.4231
6.4558,146.2746,-0.9727,6.3845
6.4578,146.3112,-0.9731,6.3458
6.4599,146.3478,-0.9734,6.3072
6.4619,146.3844,-0.9737,6.2685
6.464,146.421,-0.9741,6.2299
6.466,146.4576,-0.9744,6.1912
6.4681,146.4943,-0.9747,6.1524
6.4701,146.5309,-0.9751,6.1137
6.4722,146.5675,-0.9754,6.0749
6.4742,146.6041,-0.9757,6.0362
6.4763,146.6407,-0.9761,5.9974
6.4783,146.6773,-0.9764,5.9585
6.4804,146.714,-0.9767,5.9197
6.4824,146.7506,-0.9771,5.8808
6.4845,146.7872,-0.9774,5.842
6.4865,146.8238,-0.9777,5.8031
6.4886,146.8604,-0.9781,5.7642
6.4906,146.8971,-0.9784,5.7252
6.4927,146.9337,-0.9787,5.6863
6.4947,146.9703,-0.9791,5.6473
6.4968,147.0069,-0.9794,5.6083
6.4988,147.0436,-0.9797,5.5693
6.5009,147.0802,-0.9801,5.5302
6.5029,147.1168,-0.9804,5.4912
6.505,147.1535,-0.9807,5.4521
6.507,147.1901,-0.9811,5.413
6.5091,147.2267,-0.9814,5.3739
6.5111,147.2634,-0.9817,5.3348
6.5132,147.3,-0.9821,5.2956
6.5152,147.3366,-0.9824,5.2564
6.5173,147.3733,-0.9827,5.2173
6.5193,147.4099,-0.9831,5.178
6.5214,147.4466,-0.9834,5.1388
6.5234,147.4832,-0.9837,5.0996
6.5255,147.5199,-0.9841,5.0603
6.5275,147.5565,-0.9844,5.021
6.5296,147.5931,-0.9847,4.9817
6.5316,147.6298,-0.9851,4.9424
6.5337,147.6664,-0.9854,4.903
6.5357,147.7031,-0.9857,4.8637
6.5378,147.7397,-0.9861,4.8243
6.5398,147.7764,-0.9864,4.7849
6.5419,147.813,-0.9868,4.7454
6.5439,147.8497,-0.9871,4.706
6.546,147.8864,-0.9874,4.6665
6.548,147.923,-0.9878,4.6271
6.5501,147.9597,-0.9881,4.5876
6.5521,147.9963,-0.9884,4.548
6.5542,148.033,-0.9888,4.5085
6.5562,148.0696,-0.9891,4.4689
6.5583,148.1063,-0.9895,4.4293
6.5603,148.143,-0.9898,4.3898
6.5624,148.1796,-0.9901,4.3501
6.5644,148.2163,-0.9905,4.3105
6.5665,148.253,-0.9908,4.2708
6.5685,148.2896,-0.9911,4.2312
6.5706,148.3263,-0.9915,4.1915
6.5726,148.363,-0.9918,4.1518
6.5747,148.3997,-0.9922,4.112
6.5767,148.4363,-0.9925,4.0723
6.5788,148.473,-0.9928,4.0325
6.5808,148.5097,-0.9932,3.9927
6.5829,148.5463,-0.9935,3.9529
6.5849,148.583,-0.9939,3.9131
6.587,148.6197,-0.9942,3.8732
6.589,148.6564,-0.9945,3.8333
6.5911,148.6931,-0.9949,3.7934
6.5931,148.7297,-0.9952,3.7535
6.5952,148.7664,-0.9956,3.7136
6.5972,148.8031,-0.9959,3.6737
6.5993,148.8398,-0.9962,3.6337
6.6013,148.8765,-0.9966,3.5937
6.6034,148.9132,-0.9969,3.5537
6.6054,148.9499,-0.9973,3.5137
6.6075,148.9866,-0.9976,3.4736
6.6095,149.0232,-0.9979,3.4336
6.6116,149.0599,-0.9983,3.3935
6.6136,149.0966,-0.9986,3.3534
6.6157,149.1333,-0.999,3.3133
6.6177,149.17,-0.9993,3.2732
6.6198,149.2067,-0.9997,3.233
6.6218,149.2434,-1.0,3.1928
6.6239,149.2801,-1.0003,3.1526
6.6259,149.3168,-1.0007,3.1124
6.628,149.3535,-1.001,3.0722
6.63,149.3902,-1.0014,3.0319
6.6321,149.4269,-1.0017,2.9917
6.6341,149.4636,-1.0021,2.9514
6.6362,149.5004,-1.0024,2.9111
6.6382,149.5371,-1.0027,2.8707
6.6403,149.5738,-1.0031,2.8304
6.6423,149.6105,-1.0034,2.79
6.6444,149.6472,-1.0038,2.7496
6.6464,149.6839,-1.0041,2.7092
6.6485,149.7206,-1.0045,2.6688
6.6505,149.7573,-1.0048,2.6284
6.6526,149.7941,-1.0051,2.5879
6.6546,149.8308,-1.0055,2.5474
6.6567,149.8675,-1.0058,2.5069
6.6587,149.9042,-1.0062,2.4664
6.6608,149.9409,-1.0065,2.4259
6.6628,149.9777,-1.0069,2.3853
6.6649,150.0144,-1.0072,2.3447
6.6669,150.0511,-1.0076,2.3041
6.669,150.0878,-1.0079,2.2635
6.671,150.1246,-1.0083,2.2229
6.6731,150.1613,-1.0086,2.1822
6.6751,150.198,-1.0089,2.1416
6.6772,150.2348,-1.0093,2.1009
6.6792,150.2715,-1.0096,2.0602
6.6813,150.3082,-1.01,2.0195
6.6833,150.345,-1.0103,1.9787
6.6854,150.3817,-1.0107,1.9379
6.6874,150.4184,-1.011,1.8972
6.6895,150.4552,-1.0114,1.8564
6.6915,150.4919,-1.0117,1.8155
6.6936,150.5287,-1.0121,1.7747
6.6956,150.5654,-1.0124,1.7338
6.6977,150.6022,-1.0128,1.693
6.6997,150.6389,-1.0131,1.6521
6.7018,150.6757,-1.0135,1.6112
6.7038,150.7124,-1.0138,1.5702
6.7059,150.7492,-1.0142,1.5293
6.7079,150.7859,-1.0145,1.4883
6.71,150.8227,-1.0149,1.4473
6.712,150.8594,-1.0152,1.4063
6.7141,150.8962,-1.0156,1.3653
6.7161,150.9329,-1.0159,1.3242
6.7182,150.9697,-1.0163,1.2832
6.7202,151.0064,-1.0166,1.2421
6.7223,151.0432,-1.017,1.201
6.7243,151.08,-1.0173,1.1599
6.7264,151.1167,-1.0177,1.1187
6.7284,151.1535,-1.018,1.0776
6.7305,151.1903,-1.0184,1.0364
6.7325,151.227,-1.0187,0.9952
6.7346,151.2638,-1.0191,0.954
6.7366,151.3006,-1.0194,0.9127
6.7387,151.3373,-1.0198,0.8715
6.7407,151.3741,-1.0201,0.8302
6.7428,151.4109,-1.0205,0.7889
6.7448,151.4477,-1.0208,0.7476
6.7469,151.4844,-1.0212,0.7063
6.7489,151.5212,-1.0215,0.665
6.751,151.558,-1.0219,0.6236
6.753,151.5948,-1.0222,0.5822
6.7551,151.6315,-1.0226,0.5408
6.7571,151.6683,-1.0229,0.4994
6.7592,151.7051,-1.0233,0.458
6.7612,151.7419,-1.0236,0.4165
6.7633,151.7787,-1.024,0.375
6.7653,151.8155,-1.0243,0.3335
6.7674,151.8523,-1.0247,0.292
6.7694,151.8891,-1.025,0.2505
6.7715,151.9258,-1.0254,0.209
6.7735,151.9626,-1.0258,0.1674
6.7756,151.9994,-1.0261,0.1258
6.7776,152.0362,-1.0265,0.0842
6.7797,152.073,-1.0268,0.0426
