t_s,x_m,y_m,z_m
0.0,0.0,0.0,0.0213
0.0021,0.0901,0.0,0.0523
0.0041,0.1779,0.0,0.0826
0.0061,0.2679,0.0,0.1137
0.0082,0.3578,0.0,0.1448
0.0102,0.4476,0.0,0.1759
0.0123,0.5374,0.0,0.207
0.0143,0.627,0.0,0.2381
0.0163,0.7145,0.0,0.2684
0.0184,0.8019,0.0,0.2988
0.0204,0.8892,0.0,0.3292
0.0224,0.9764,0.0,0.3596
0.0244,1.0636,0.0,0.39
0.0264,1.1507,0.0,0.4204
0.0284,1.2377,0.0,0.4509
0.0304,1.3247,0.0,0.4813
0.0324,1.4116,0.0,0.5118
0.0344,1.4985,0.0,0.5422
0.0364,1.5853,0.0,0.5727
0.0384,1.672,0.0,0.6032
0.0404,1.7586,0.0,0.6337
0.0424,1.8452,0.0,0.6642
0.0444,1.9318,0.0,0.6947
0.0464,2.0182,0.0,0.7252
0.0484,2.1046,0.0,0.7557
0.0504,2.191,0.0,0.7863
0.0524,2.2772,0.0,0.8168
0.0544,2.3634,0.0,0.8474
0.0564,2.4496,0.0,0.878
0.0584,2.5357,0.0,0.9086
0.0604,2.6217,0.0,0.9392
0.0624,2.7076,0.0,0.9698
0.0644,2.7957,0.0,1.0012
0.0665,2.8836,0.0,1.0325
0.0685,2.9715,0.0,1.0639
0.0706,3.0594,0.0,1.0954
0.0726,3.1472,0.0,1.1268
0.0746,3.2349,0.0,1.1582
0.0767,3.3225,0.0,1.1896
0.0787,3.4101,0.0,1.2211
0.0808,3.4976,0.0,1.2526
0.0828,3.585,0.0,1.284
0.0849,3.6724,0.0,1.3155
0.0869,3.7597,0.0,1.347
0.089,3.8469,0.0,1.3785
0.091,3.9341,0.0,1.41
0.0931,4.0212,0.0,1.4415
0.0951,4.1082,0.0,1.4731
0.0972,4.1952,0.0,1.5046
0.0992,4.2821,0.0,1.5362
0.1013,4.3689,0.0,1.5677
0.1033,4.4557,0.0,1.5993
0.1054,4.5424,0.0,1.6308
0.1074,4.6291,0.0,1.6624
0.1095,4.7156,0.0,1.694
0.1115,4.8021,0.0,1.7256
0.1136,4.8886,0.0,1.7572
0.1156,4.975,0.0,1.7889
0.1177,5.0613,0.0,1.8205
0.1197,5.1475,0.0,1.8521
0.1218,5.2337,0.0,1.8838
0.1238,5.3198,0.0,1.9154
0.1259,5.4059,0.0,1.9471
0.1279,5.4919,0.0,1.9788
0.13,5.5778,0.0,2.0105
0.132,5.6637,0.0,2.0421
0.1341,5.7494,0.0,2.0738
0.1361,5.8352,0.0,2.1056
0.1382,5.9208,0.0,2.1373
0.1402,6.0064,0.0,2.169
0.1423,6.092,0.0,2.2007
0.1443,6.1774,0.0,2.2325
0.1464,6.2628,0.0,2.2642
0.1484,6.3482,0.0,2.296
0.1505,6.4334,0.0,2.3277
0.1525,6.5187,0.0,2.3595
0.1546,6.6038,0.0,2.3913
0.1566,6.6889,0.0,2.4231
0.1587,6.7739,0.0,2.4549
0.1607,6.8588,0.0,2.4867
0.1628,6.9437,0.0,2.5185
0.1648,7.0286,0.0,2.5503
0.1669,7.1133,0.0,2.5821
0.1689,7.198,0.0,2.614
0.171,7.2826,0.0,2.6458
0.173,7.3672,0.0,2.6777
0.1751,7.4517,0.0,2.7095
0.1771,7.5361,0.0,2.7414
0.1792,7.6205,0.0,2.7733
0.1812,7.7048,0.0,2.8051
0.1833,7.7891,0.0,2.837
0.1853,7.8733,0.0,2.8689
0.1874,7.9574,0.0,2.9008
0.1894,8.0414,0.0,2.9327
0.1915,8.1254,0.0,2.9647
0.1935,8.2093,0.0,2.9966
0.1956,8.2932,0.0,3.0285
0.1976,8.377,0.0,3.0604
0.1997,8.4607,0.0,3.0924
0.2017,8.5444,0.0,3.1243
0.2038,8.628,0.0,3.1563
0.2058,8.7116,0.0,3.1882
0.2079,8.7951,0.0,3.2202
0.2099,8.8785,0.0,3.2522
0.212,8.9618,0.0,3.2842
0.214,9.0451,0.0,3.3162
0.2161,9.1284,0.0,3.3482
0.2181,9.2115,0.0,3.3802
0.2202,9.2947,0.0,3.4122
0.2222,9.3777,0.0,3.4442
0.2243,9.4607,0.0,3.4762
0.2263,9.5436,0.0,3.5082
0.2284,9.6265,0.0,3.5403
0.2304,9.7092,0.0,3.5723
0.2325,9.792,0.0,3.6043
0.2345,9.8746,0.0,3.6364
0.2366,9.9573,0.0,3.6684
0.2386,10.0398,0.0,3.7005
0.2407,10.1223,0.0,3.7326
0.2427,10.2047,0.0,3.7647
0.2448,10.2871,0.0,3.7967
0.2468,10.3693,0.0,3.8288
0.2489,10.4516,0.0,3.8609
0.2509,10.5338,0.0,3.893
0.253,10.6159,0.0,3.9251
0.255,10.6979,0.0,3.9572
0.2571,10.7799,0.0,3.9893
0.2591,10.8618,0.0,4.0214
0.2612,10.9437,0.0,4.0536
0.2632,11.0255,0.0,4.0857
0.2653,11.1072,0.0,4.1178
0.2673,11.1889,0.0,4.15
0.2694,11.2705,0.0,4.1821
0.2714,11.3521,0.0,4.2143
0.2735,11.4335,0.0,4.2464
0.2755,11.515,0.0,4.2786
0.2776,11.5963,0.0,4.3107
0.2796,11.6777,0.0,4.3429
0.2817,11.7589,0.0,4.3751
0.2837,11.8401,0.0,4.4073
0.2858,11.9212,0.0,4.4394
0.2878,12.0023,0.0,4.4716
0.2899,12.0833,0.0,4.5038
0.2919,12.1642,0.0,4.536
0.294,12.2451,0.0,4.5682
0.296,12.3259,0.0,4.6004
0.2981,12.4067,0.0,4.6326
0.3001,12.4874,0.0,4.6648
0.3022,12.568,0.0,4.6971
0.3042,12.6486,0.0,4.7293
0.3063,12.7291,0.0,4.7615
0.3083,12.8095,0.0,4.7938
0.3104,12.8899,0.0,4.826
0.3124,12.9703,0.0,4.8582
0.3145,13.0505,0.0,4.8905
0.3165,13.1308,0.0,4.9227
0.3186,13.2109,0.0,4.955
0.3206,13.291,0.0,4.9872
0.3227,13.371,0.0,5.0195
0.3247,13.451,0.0,5.0518
0.3268,13.5309,0.0,5.084
0.3288,13.6108,0.0,5.1163
0.3309,13.6906,0.0,5.1486
0.3329,13.7703,0.0,5.1808
0.335,13.85,0.0,5.2131
0.337,13.9296,0.0,5.2454
0.3391,14.0091,0.0,5.2777
0.3411,14.0886,0.0,5.31
0.3432,14.168,0.0,5.3423
0.3452,14.2474,0.0,5.3746
0.3473,14.3267,0.0,5.4069
0.3493,14.406,0.0,5.4392
0.3514,14.4852,0.0,5.4715
0.3534,14.5643,0.0,5.5038
0.3555,14.6434,0.0,5.5361
0.3575,14.7224,0.0,5.5685
0.3596,14.8014,0.0,5.6008
0.3616,14.8803,0.0,5.6331
0.3637,14.9591,0.0,5.6654
0.3657,15.0379,0.0,5.6978
0.3678,15.1166,0.0,5.7301
0.3698,15.1952,0.0,5.7624
0.3719,15.2738,0.0,5.7948
0.3739,15.3524,0.0,5.8271
0.376,15.4309,0.0,5.8595
0.378,15.5093,0.0,5.8918
0.3801,15.5877,0.0,5.9242
0.3821,15.666,0.0,5.9565
0.3842,15.7442,0.0,5.9889
0.3862,15.8224,0.0,6.0212
0.3883,15.9005,0.0,6.0536
0.3903,15.9786,0.0,6.0859
0.3924,16.0566,0.0,6.1183
0.3944,16.1346,0.0,6.1507
0.3965,16.2125,0.0,6.183
0.3985,16.2903,0.0,6.2154
0.4006,16.3681,0.0,6.2478
0.4026,16.4458,0.0,6.2802
0.4047,16.5235,0.0,6.3125
0.4067,16.6011,0.0,6.3449
0.4088,16.6786,0.0,6.3773
0.4108,16.7561,0.0,6.4097
0.4129,16.8335,0.0,6.4421
0.4149,16.9109,0.0,6.4745
0.417,16.9882,0.0,6.5069
0.419,17.0655,0.0,6.5392
0.4211,17.1427,0.0,6.5716
0.4231,17.2198,0.0,6.604
0.4252,17.2969,0.0,6.6364
0.4272,17.3739,0.0,6.6688
0.4293,17.4509,0.0,6.7012
0.4313,17.5278,0.0,6.7336
0.4334,17.6047,0.0,6.766
0.4354,17.6815,0.0,6.7984
0.4375,17.7582,0.0,6.8308
0.4395,17.8349,0.0,6.8632
0.4416,17.9115,0.0,6.8957
0.4436,17.9881,0.0,6.9281
0.4457,18.0646,0.0,6.9605
0.4477,18.141,0.0,6.9929
0.4498,18.2174,0.0,7.0253
0.4518,18.2938,0.0,7.0577
0.4539,18.37,0.0,7.0901
0.4559,18.4463,0.0,7.1225
0.458,18.5224,0.0,7.155
0.46,18.5985,0.0,7.1874
0.4621,18.6746,0.0,7.2198
0.4641,18.7506,0.0,7.2522
0.4662,18.8265,0.0,7.2846
0.4682,18.9024,0.0,7.3171
0.4703,18.9782,0.0,7.3495
0.4723,19.054,0.0,7.3819
0.4744,19.1297,0.0,7.4143
0.4764,19.2054,0.0,7.4467
0.4785,19.281,0.0,7.4792
0.4805,19.3565,0.0,7.5116
0.4826,19.432,0.0,7.544
0.4846,19.5074,0.0,7.5764
0.4867,19.5828,0.0,7.6089
0.4887,19.6581,0.0,7.6413
0.4908,19.7334,0.0,7.6737
0.4928,19.8086,0.0,7.7062
0.4949,19.8837,0.0,7.7386
0.4969,19.9588,0.0,7.771
0.499,20.0338,0.0,7.8034
0.501,20.1088,0.0,7.8359
0.5031,20.1837,0.0,7.8683
0.5051,20.2586,0.0,7.9007
0.5072,20.3334,0.0,7.9331
0.5092,20.4082,0.0,7.9656
0.5113,20.4829,0.0,7.998
0.5133,20.5575,0.0,8.0304
0.5154,20.6321,0.0,8.0629
0.5174,20.7067,0.0,8.0953
0.5195,20.7811,0.0,8.1277
0.5215,20.8556,0.0,8.1601
0.5236,20.9299,0.0,8.1926
0.5256,21.0042,0.0,8.225
0.5277,21.0785,0.0,8.2574
0.5297,21.1527,0.0,8.2898
0.5318,21.2268,0.0,8.3223
0.5338,21.3009,0.0,8.3547
0.5359,21.375,0.0,8.3871
0.5379,21.4489,0.0,8.4195
0.54,21.5229,0.0,8.4519
0.542,21.5967,0.0,8.4844
0.5441,21.6706,0.0,8.5168
0.5461,21.7443,0.0,8.5492
0.5482,21.818,0.0,8.5816
0.5502,21.8917,0.0,8.614
0.5523,21.9653,0.0,8.6465
0.5543,22.0388,0.0,8.6789
0.5564,22.1123,0.0,8.7113
0.5584,22.1857,0.0,8.7437
0.5605,22.2591,0.0,8.7761
0.5625,22.3324,0.0,8.8085
0.5646,22.4057,0.0,8.8409
0.5666,22.4789,0.0,8.8733
0.5687,22.5521,0.0,8.9058
0.5707,22.6252,0.0,8.9382
0.5728,22.6982,0.0,8.9706
0.5748,22.7712,0.0,9.003
0.5769,22.8442,0.0,9.0354
0.5789,22.9171,0.0,9.0678
0.581,22.9899,0.0,9.1002
0.583,23.0627,0.0,9.1326
0.5851,23.1354,0.0,9.165
0.5871,23.2081,0.0,9.1974
0.5892,23.2807,0.0,9.2298
0.5912,23.3532,0.0,9.2622
0.5933,23.4258,0.0,9.2945
0.5953,23.4982,0.0,9.3269
0.5974,23.5706,0.0,9.3593
0.5994,23.643,0.0,9.3917
0.6015,23.7153,0.0,9.4241
0.6035,23.7875,0.0,9.4565
0.6056,23.8597,0.0,9.4889
0.6076,23.9318,0.0,9.5212
0.6097,24.0039,0.0,9.5536
0.6117,24.0759,0.0,9.586
0.6138,24.1479,0.0,9.6183
0.6158,24.2198,0.0,9.6507
0.6179,24.2917,0.0,9.6831
0.6199,24.3635,0.0,9.7155
0.622,24.4353,0.0,9.7478
0.624,24.507,0.0,9.7802
0.6261,24.5786,0.0,9.8125
0.6281,24.6502,0.0,9.8449
0.6302,24.7218,0.0,9.8772
0.6322,24.7933,0.0,9.9096
0.6343,24.8647,0.0,9.9419
0.6363,24.9361,0.0,9.9743
0.6384,25.0074,0.0,10.0066
0.6404,25.0787,0.0,10.039
0.6425,25.15,0.0,10.0713
0.6445,25.2211,0.0,10.1037
0.6466,25.2923,0.0,10.136
0.6486,25.3633,0.0,10.1683
0.6507,25.4344,0.0,10.2006
0.6527,25.5053,0.0,10.233
0.6548,25.5762,0.0,10.2653
0.6568,25.6471,0.0,10.2976
0.6589,25.7179,0.0,10.3299
0.6609,25.7887,0.0,10.3622
0.663,25.8594,0.0,10.3946
0.665,25.93,0.0,10.4269
0.6671,26.0006,0.0,10.4592
0.6691,26.0712,0.0,10.4915
0.6712,26.1417,0.0,10.5238
0.6732,26.2121,0.0,10.5561
0.6753,26.2825,0.0,10.5884
0.6773,26.3529,0.0,10.6207
0.6794,26.4231,0.0,10.6529
0.6814,26.4934,0.0,10.6852
0.6835,26.5636,0.0,10.7175
0.6855,26.6337,0.0,10.7498
0.6876,26.7038,0.0,10.782
0.6896,26.7738,0.0,10.8143
0.6917,26.8438,0.0,10.8466
0.6937,26.9137,0.0,10.8788
0.6958,26.9836,0.0,10.9111
0.6978,27.0534,0.0,10.9434
0.6999,27.1232,0.0,10.9756
0.7019,27.1929,0.0,11.0079
0.704,27.2626,0.0,11.0401
0.706,27.3322,0.0,11.0724
0.7081,27.4018,0.0,11.1046
0.7101,27.4713,0.0,11.1368
0.7122,27.5407,0.0,11.1691
0.7142,27.6101,0.0,11.2013
0.7163,27.6795,0.0,11.2335
0.7183,27.7488,0.0,11.2657
0.7204,27.8181,0.0,11.2979
0.7224,27.8873,0.0,11.3301
0.7245,27.9564,0.0,11.3624
0.7265,28.0255,0.0,11.3946
0.7286,28.0946,0.0,11.4268
0.7306,28.1636,0.0,11.4589
0.7327,28.2326,0.0,11.4911
0.7347,28.3015,0.0,11.5233
0.7368,28.3703,0.0,11.5555
0.7388,28.4391,0.0,11.5877
0.7409,28.5079,0.0,11.6199
0.7429,28.5766,0.0,11.652
0.745,28.6452,0.0,11.6842
0.747,28.7138,0.0,11.7164
0.7491,28.7824,0.0,11.7485
0.7511,28.8509,0.0,11.7807
0.7532,28.9193,0.0,11.8128
0.7552,28.9877,0.0,11.8449
0.7573,29.0561,0.0,11.8771
0.7593,29.1244,0.0,11.9092
0.7614,29.1926,0.0,11.9413
0.7634,29.2608,0.0,11.9735
0.7655,29.3289,0.0,12.0056
0.7675,29.397,0.0,12.0377
0.7696,29.4651,0.0,12.0698
0.7716,29.5331,0.0,12.1019
0.7737,29.601,0.0,12.134
0.7757,29.6689,0.0,12.1661
0.7778,29.7368,0.0,12.1982
0.7798,29.8046,0.0,12.2303
0.7819,29.8723,0.0,12.2624
0.7839,29.94,0.0,12.2945
0.786,30.0077,0.0,12.3265
0.788,30.0753,0.0,12.3586
0.7901,30.1428,0.0,12.3906
0.7921,30.2103,0.0,12.4227
0.7942,30.2778,0.0,12.4548
0.7962,30.3452,0.0,12.4868
0.7983,30.4125,0.0,12.5188
0.8003,30.4798,0.0,12.5509
0.8024,30.5471,0.0,12.5829
0.8044,30.6143,0.0,12.6149
0.8065,30.6814,0.0,12.6469
0.8085,30.7485,0.0,12.679
0.8106,30.8156,0.0,12.711
0.8126,30.8826,0.0,12.743
0.8147,30.9495,0.0,12.775
0.8167,31.0164,0.0,12.807
0.8188,31.0833,0.0,12.8389
0.8208,31.1501,0.0,12.8709
0.8229,31.2169,0.0,12.9029
0.8249,31.2836,0.0,12.9349
0.827,31.3502,0.0,12.9668
0.829,31.4169,0.0,12.9988
0.8311,31.4834,0.0,13.0307
0.8331,31.5499,0.0,13.0627
0.8352,31.6164,0.0,13.0946
0.8372,31.6828,0.0,13.1266
0.8393,31.7492,0.0,13.1585
0.8413,31.8155,0.0,13.1904
0.8434,31.8818,0.0,13.2223
0.8454,31.948,0.0,13.2543
0.8475,32.0142,0.0,13.2862
0.8495,32.0803,0.0,13.3181
0.8516,32.1464,0.0,13.3499
0.8536,32.2124,0.0,13.3818
0.8557,32.2784,0.0,13.4137
0.8577,32.3444,0.0,13.4456
0.8598,32.4103,0.0,13.4775
0.8618,32.4761,0.0,13.5093
0.8639,32.5419,0.0,13.5412
0.8659,32.6076,0.0,13.573
0.868,32.6733,0.0,13.6049
0.87,32.739,0.0,13.6367
0.8721,32.8046,0.0,13.6685
0.8741,32.8701,0.0,13.7004
0.8762,32.9356,0.0,13.7322
0.8782,33.0011,0.0,13.764
0.8803,33.0665,0.0,13.7958
0.8823,33.1319,0.0,13.8276
0.8844,33.1972,0.0,13.8594
0.8864,33.2624,0.0,13.8912
0.8885,33.3277,0.0,13.923
0.8905,33.3928,0.0,13.9547
0.8926,33.458,0.0,13.9865
0.8946,33.523,0.0,14.0183
0.8967,33.5881,0.0,14.05
0.8987,33.653,0.0,14.0818
0.9008,33.718,0.0,14.1135
0.9028,33.7829,0.0,14.1452
0.9049,33.8477,0.0,14.177
0.9069,33.9125,0.0,14.2087
0.909,33.9772,0.0,14.2404
0.911,34.0419,0.0,14.2721
0.9131,34.1066,0.0,14.3038
0.9151,34.1712,0.0,14.3355
0.9172,34.2357,0.0,14.3672
0.9192,34.3003,0.0,14.3988
0.9213,34.3647,0.0,14.4305
0.9233,34.4291,0.0,14.4622
0.9254,34.4935,0.0,14.4938
0.9274,34.5578,0.0,14.5255
0.9295,34.6221,0.0,14.5571
0.9315,34.6863,0.0,14.5887
0.9336,34.7505,0.0,14.6204
0.9356,34.8146,0.0,14.652
0.9377,34.8787,0.0,14.6836
0.9397,34.9428,0.0,14.7152
0.9418,35.0068,0.0,14.7468
0.9438,35.0707,0.0,14.7784
0.9459,35.1346,0.0,14.81
0.9479,35.1985,0.0,14.8415
0.95,35.2623,0.0,14.8731
0.952,35.3261,0.0,14.9047
0.9541,35.3898,0.0,14.9362
0.9561,35.4535,0.0,14.9678
0.9582,35.5171,0.0,14.9993
0.9602,35.5807,0.0,15.0308
0.9623,35.6442,0.0,15.0624
0.9643,35.7077,0.0,15.0939
0.9664,35.7711,0.0,15.1254
0.9684,35.8345,0.0,15.1569
0.9705,35.8979,0.0,15.1884
0.9725,35.9612,0.0,15.2198
0.9746,36.0244,0.0,15.2513
0.9766,36.0876,0.0,15.2828
0.9787,36.1508,0.0,15.3142
0.9807,36.2139,0.0,15.3457
0.9828,36.277,0.0,15.3771
0.9848,36.34,0.0,15.4086
0.9869,36.403,0.0,15.44
0.9889,36.466,0.0,15.4714
0.991,36.5289,0.0,15.5028
0.993,36.5917,0.0,15.5342
0.9951,36.6545,0.0,15.5656
0.9971,36.7173,0.0,15.597
0.9992,36.78,0.0,15.6284
1.0012,36.8411,0.0,15.659
1.0032,36.9022,0.0,15.6896
1.0052,36.9633,0.0,15.7202
1.0072,37.0243,0.0,15.7508
1.0092,37.0852,0.0,15.7813
1.0112,37.1462,0.0,15.8119
1.0132,37.207,0.0,15.8425
1.0152,37.2679,0.0,15.873
1.0172,37.3287,0.0,15.9036
1.0192,37.3894,0.0,15.9341
1.0212,37.4501,0.0,15.9646
1.0232,37.5108,0.0,15.9951
1.0252,37.5714,0.0,16.0256
1.0272,37.632,0.0,16.0561
1.0292,37.6925,0.0,16.0866
1.0312,37.753,0.0,16.1171
1.0332,37.8135,0.0,16.1476
1.0352,37.8739,0.0,16.1781
1.0372,37.9343,0.0,16.2085
1.0392,37.9946,0.0,16.239
1.0412,38.0549,0.0,16.2694
1.0432,38.1151,0.0,16.2999
1.0452,38.1753,0.0,16.3303
1.0472,38.2355,0.0,16.3607
1.0492,38.2956,0.0,16.3911
1.0512,38.3557,0.0,16.4215
1.0532,38.4157,0.0,16.4519
1.0552,38.4757,0.0,16.4823
1.0572,38.5356,0.0,16.5127
1.0592,38.5955,0.0,16.543
1.0612,38.6554,0.0,16.5734
1.0632,38.7152,0.0,16.6037
1.0652,38.775,0.0,16.6341
1.0672,38.8347,0.0,16.6644
1.0692,38.8944,0.0,16.6947
1.0712,38.9541,0.0,16.725
1.0732,39.0137,0.0,16.7553
1.0752,39.0732,0.0,16.7856
1.0772,39.1328,0.0,16.8159
1.0792,39.1923,0.0,16.8462
1.0812,39.2517,0.0,16.8765
1.0832,39.3111,0.0,16.9067
1.0852,39.3705,0.0,16.937
1.0872,39.4298,0.0,16.9672
1.0892,39.4891,0.0,16.9975
1.0912,39.5483,0.0,17.0277
1.0932,39.6075,0.0,17.0579
1.0952,39.6666,0.0,17.0881
1.0972,39.7258,0.0,17.1183
1.0992,39.7848,0.0,17.1485
1.1012,39.8439,0.0,17.1787
1.1032,39.9028,0.0,17.2089
1.1052,39.9618,0.0,17.239
1.1072,40.0207,0.0,17.2692
1.1092,40.0796,0.0,17.2993
1.1112,40.1384,0.0,17.3295
1.1132,40.1972,0.0,17.3596
1.1152,40.2559,0.0,17.3897
1.1172,40.3146,0.0,17.4198
1.1192,40.3733,0.0,17.4499
1.1212,40.4319,0.0,17.48
1.1232,40.4905,0.0,17.5101
1.1252,40.549,0.0,17.5402
1.1272,40.6075,0.0,17.5702
1.1292,40.6659,0.0,17.6003
1.1312,40.7244,0.0,17.6303
1.1332,40.7827,0.0,17.6603
1.1352,40.8411,0.0,17.6904
1.1372,40.8994,0.0,17.7204
1.1392,40.9576,0.0,17.7504
1.1412,41.0158,0.0,17.7804
1.1432,41.074,0.0,17.8104
1.1452,41.1321,0.0,17.8403
1.1472,41.1902,0.0,17.8703
1.1492,41.2483,0.0,17.9002
1.1512,41.3063,0.0,17.9302
1.1532,41.3642,0.0,17.9601
1.1552,41.4222,0.0,17.9901
1.1572,41.4801,0.0,18.02
1.1592,41.5379,0.0,18.0499
1.1612,41.5957,0.0,18.0798
1.1632,41.6535,0.0,18.1097
1.1652,41.7112,0.0,18.1395
1.1672,41.7689,0.0,18.1694
1.1692,41.8265,0.0,18.1993
1.1712,41.8841,0.0,18.2291
1.1732,41.9417,0.0,18.259
1.1752,41.9992,0.0,18.2888
1.1772,42.0567,0.0,18.3186
1.1792,42.1142,0.0,18.3484
1.1812,42.1716,0.0,18.3782
1.1832,42.2289,0.0,18.408
1.1852,42.2863,0.0,18.4378
1.1872,42.3436,0.0,18.4675
1.1892,42.4008,0.0,18.4973
1.1912,42.458,0.0,18.527
1.1932,42.5152,0.0,18.5568
1.1952,42.5723,0.0,18.5865
1.1972,42.6294,0.0,18.6162
1.1992,42.6864,0.0,18.6459
1.2012,42.7435,0.0,18.6756
1.2032,42.8004,0.0,18.7053
1.2052,42.8574,0.0,18.735
1.2072,42.9143,0.0,18.7646
1.2092,42.9711,0.0,18.7943
1.2112,43.0279,0.0,18.8239
1.2132,43.0847,0.0,18.8536
1.2152,43.1414,0.0,18.8832
1.2172,43.1981,0.0,18.9128
1.2192,43.2548,0.0,18.9424
1.2212,43.3114,0.0,18.972
1.2232,43.368,0.0,19.0016
1.2252,43.4245,0.0,19.0312
1.2272,43.481,0.0,19.0607
1.2292,43.5375,0.0,19.0903
1.2312,43.5939,0.0,19.1198
1.2332,43.6503,0.0,19.1493
1.2352,43.7066,0.0,19.1789
1.2372,43.7629,0.0,19.2084
1.2392,43.8192,0.0,19.2379
1.2412,43.8754,0.0,19.2673
1.2432,43.9316,0.0,19.2968
1.2452,43.9878,0.0,19.3263
1.2472,44.0439,0.0,19.3557
1.2492,44.0999,0.0,19.3852
1.2512,44.156,0.0,19.4146
1.2532,44.212,0.0,19.444
1.2552,44.2679,0.0,19.4734
1.2572,44.3238,0.0,19.5028
1.2592,44.3797,0.0,19.5322
1.2612,44.4356,0.0,19.5616
1.2632,44.4914,0.0,19.591
1.2652,44.5471,0.0,19.6203
1.2672,44.6029,0.0,19.6497
1.2692,44.6585,0.0,19.679
1.2712,44.7142,0.0,19.7083
1.2732,44.7698,0.0,19.7376
1.2752,44.8254,0.0,19.7669
1.2772,44.8809,0.0,19.7962
1.2792,44.9364,0.0,19.8255
1.2812,44.9919,0.0,19.8548
1.2832,45.0473,0.0,19.884
1.2852,45.1027,0.0,19.9133
1.2872,45.158,0.0,19.9425
1.2892,45.2133,0.0,19.9717
1.2912,45.2686,0.0,20.0009
1.2932,45.3238,0.0,20.0301
1.2952,45.379,0.0,20.0593
1.2972,45.4342,0.0,20.0885
1.2992,45.4893,0.0,20.1177
1.3012,45.5444,0.0,20.1468
1.3032,45.5994,0.0,20.176
1.3052,45.6544,0.0,20.2051
1.3072,45.7094,0.0,20.2342
1.3092,45.7643,0.0,20.2633
1.3112,45.8192,0.0,20.2924
1.3132,45.874,0.0,20.3215
1.3152,45.9289,0.0,20.3506
1.3172,45.9836,0.0,20.3796
1.3192,46.0384,0.0,20.4087
1.3212,46.0931,0.0,20.4377
1.3232,46.1478,0.0,20.4668
1.3252,46.2024,0.0,20.4958
1.3272,46.257,0.0,20.5248
1.3292,46.3115,0.0,20.5538
1.3312,46.366,0.0,20.5827
1.3332,46.4205,0.0,20.6117
1.3352,46.475,0.0,20.6407
1.3372,46.5294,0.0,20.6696
1.3392,46.5837,0.0,20.6986
1.3412,46.6381,0.0,20.7275
1.3432,46.6924,0.0,20.7564
1.3452,46.7466,0.0,20.7853
1.3472,46.8008,0.0,20.8142
1.3492,46.855,0.0,20.843
1.3512,46.9092,0.0,20.8719
1.3532,46.9633,0.0,20.9008
1.3552,47.0173,0.0,20.9296
1.3572,47.0714,0.0,20.9584
1.3592,47.1254,0.0,20.9872
1.3612,47.1793,0.0,21.016
1.3632,47.2333,0.0,21.0448
1.3652,47.2871,0.0,21.0736
1.3672,47.341,0.0,21.1024
1.3692,47.3948,0.0,21.1311
1.3712,47.4486,0.0,21.1599
1.3732,47.5023,0.0,21.1886
1.3752,47.556,0.0,21.2173
1.3772,47.6097,0.0,21.246
1.3792,47.6633,0.0,21.2747
1.3812,47.7169,0.0,21.3034
1.3832,47.7705,0.0,21.3321
1.3852,47.824,0.0,21.3607
1.3872,47.8775,0.0,21.3894
1.3892,47.9309,0.0,21.418
1.3912,47.9844,0.0,21.4466
1.3932,48.0377,0.0,21.4753
1.3952,48.0911,0.0,21.5038
1.3972,48.1444,0.0,21.5324
1.3992,48.1976,0.0,21.561
1.4012,48.2509,0.0,21.5896
1.4032,48.3041,0.0,21.6181
1.4052,48.3572,0.0,21.6466
1.4072,48.4104,0.0,21.6752
1.4092,48.4635,0.0,21.7037
1.4112,48.5165,0.0,21.7322
1.4132,48.5695,0.0,21.7607
1.4152,48.6225,0.0,21.7891
1.4172,48.6754,0.0,21.8176
1.4192,48.7284,0.0,21.846
1.4212,48.7812,0.0,21.8745
1.4232,48.8341,0.0,21.9029
1.4252,48.8869,0.0,21.9313
1.4272,48.9396,0.0,21.9597
1.4292,48.9924,0.0,21.9881
1.4312,49.0451,0.0,22.0164
1.4332,49.0977,0.0,22.0448
1.4352,49.1503,0.0,22.0732
1.4372,49.2029,0.0,22.1015
1.4392,49.2555,0.0,22.1298
1.4412,49.308,0.0,22.1581
1.4432,49.3605,0.0,22.1864
1.4452,49.4129,0.0,22.2147
1.4472,49.4653,0.0,22.243
1.4492,49.5177,0.0,22.2712
1.4512,49.5701,0.0,22.2995
1.4532,49.6224,0.0,22.3277
1.4552,49.6746,0.0,22.3559
1.4572,49.7269,0.0,22.3841
1.4592,49.7791,0.0,22.4123
1.4612,49.8312,0.0,22.4405
1.4632,49.8834,0.0,22.4686
1.4652,49.9354,0.0,22.4968
1.4672,49.9875,0.0,22.5249
1.4692,50.0395,0.0,22.5531
1.4712,50.0915,0.0,22.5812
1.4732,50.1435,0.0,22.6093
1.4752,50.1954,0.0,22.6374
1.4772,50.2473,0.0,22.6654
1.4792,50.2991,0.0,22.6935
1.4812,50.3509,0.0,22.7215
1.4832,50.4027,0.0,22.7496
1.4852,50.4545,0.0,22.7776
1.4872,50.5062,0.0,22.8056
1.4892,50.5579,0.0,22.8336
1.4912,50.6095,0.0,22.8616
1.4932,50.6611,0.0,22.8896
1.4952,50.7127,0.0,22.9175
1.4972,50.7642,0.0,22.9455
1.4992,50.8157,0.0,22.9734
1.5012,50.8672,0.0,23.0013
1.5032,50.9186,0.0,23.0292
1.5052,50.97,0.0,23.0571
1.5072,51.0214,0.0,23.085
1.5092,51.0727,0.0,23.1128
1.5112,51.124,0.0,23.1407
1.5132,51.1753,0.0,23.1685
1.5152,51.2265,0.0,23.1963
1.5172,51.2777,0.0,23.2241
1.5192,51.3288,0.0,23.2519
1.5212,51.38,0.0,23.2797
1.5232,51.4311,0.0,23.3075
1.5252,51.4821,0.0,23.3352
1.5272,51.5331,0.0,23.363
1.5292,51.5841,0.0,23.3907
1.5312,51.6351,0.0,23.4184
1.5332,51.686,0.0,23.4461
1.5352,51.7369,0.0,23.4738
1.5372,51.7877,0.0,23.5015
1.5392,51.8386,0.0,23.5291
1.5412,51.8893,0.0,23.5568
1.5432,51.9401,0.0,23.5844
1.5452,51.9908,0.0,23.612
1.5472,52.0415,0.0,23.6396
1.5492,52.0922,0.0,23.6672
1.5512,52.1428,0.0,23.6948
1.5532,52.1933,0.0,23.7224
1.5552,52.2439,0.0,23.7499
1.5572,52.2944,0.0,23.7774
1.5592,52.3449,0.0,23.805
1.5612,52.3953,0.0,23.8325
1.5632,52.4458,0.0,23.86
1.5652,52.4961,0.0,23.8874
1.5672,52.5465,0.0,23.9149
1.5692,52.5968,0.0,23.9424
1.5712,52.6471,0.0,23.9698
1.5732,52.6973,0.0,23.9972
1.5752,52.7475,0.0,24.0246
1.5772,52.7977,0.0,24.052
1.5792,52.8479,0.0,24.0794
1.5812,52.898,0.0,24.1068
1.5832,52.9481,0.0,24.1341
1.5852,52.9981,0.0,24.1615
1.5872,53.0481,0.0,24.1888
1.5892,53.0981,0.0,24.2161
1.5912,53.1481,0.0,24.2434
1.5932,53.198,0.0,24.2707
1.5952,53.2479,0.0,24.2979
1.5972,53.2977,0.0,24.3252
1.5992,53.3475,0.0,24.3524
1.6012,53.3973,0.0,24.3797
1.6032,53.4471,0.0,24.4069
1.6052,53.4968,0.0,24.4341
1.6072,53.5465,0.0,24.4613
1.6092,53.5961,0.0,24.4884
1.6112,53.6457,0.0,24.5156
1.6132,53.6953,0.0,24.5427
1.6152,53.7449,0.0,24.5698
1.6172,53.7944,0.0,24.597
1.6192,53.8439,0.0,24.624
1.6212,53.8933,0.0,24.6511
1.6232,53.9428,0.0,24.6782
1.6252,53.9922,0.0,24.7053
1.6272,54.0415,0.0,24.7323
1.6292,54.0908,0.0,24.7593
1.6312,54.1401,0.0,24.7863
1.6332,54.1894,0.0,24.8133
1.6352,54.2386,0.0,24.8403
1.6372,54.2878,0.0,24.8673
1.6392,54.337,0.0,24.8942
1.6412,54.3861,0.0,24.9212
1.6432,54.4352,0.0,24.9481
1.6452,54.4843,0.0,24.975
1.6472,54.5333,0.0,25.0019
1.6492,54.5823,0.0,25.0288
1.6512,54.6313,0.0,25.0556
1.6532,54.6802,0.0,25.0825
1.6552,54.7291,0.0,25.1093
1.6572,54.778,0.0,25.1361
1.6592,54.8269,0.0,25.1629
1.6612,54.8757,0.0,25.1897
1.6632,54.9244,0.0,25.2165
1.6652,54.9732,0.0,25.2433
1.6672,55.0219,0.0,25.27
1.6692,55.0706,0.0,25.2968
1.6712,55.1192,0.0,25.3235
1.6732,55.1679,0.0,25.3502
1.6752,55.2164,0.0,25.3769
1.6772,55.265,0.0,25.4035
1.6792,55.3135,0.0,25.4302
1.6812,55.362,0.0,25.4568
1.6832,55.4105,0.0,25.4835
1.6852,55.4589,0.0,25.5101
1.6872,55.5073,0.0,25.5367
1.6892,55.5557,0.0,25.5633
1.6912,55.604,0.0,25.5898
1.6932,55.6523,0.0,25.6164
1.6952,55.7006,0.0,25.6429
1.6972,55.7488,0.0,25.6694
1.6992,55.797,0.0,25.696
1.7012,55.8452,0.0,25.7224
1.7032,55.8933,0.0,25.7489
1.7052,55.9415,0.0,25.7754
1.7072,55.9895,0.0,25.8018
1.7092,56.0376,0.0,25.8283
1.7112,56.0856,0.0,25.8547
1.7132,56.1336,0.0,25.8811
1.7152,56.1816,0.0,25.9075
1.7172,56.2295,0.0,25.9339
1.7192,56.2774,0.0,25.9602
1.7212,56.3252,0.0,25.9866
1.7232,56.3731,0.0,26.0129
1.7252,56.4209,0.0,26.0392
1.7272,56.4687,0.0,26.0655
1.7292,56.5164,0.0,26.0918
1.7312,56.5641,0.0,26.118
1.7332,56.6118,0.0,26.1443
1.7352,56.6594,0.0,26.1705
1.7372,56.707,0.0,26.1967
1.7392,56.7546,0.0,26.2229
1.7412,56.8022,0.0,26.2491
1.7432,56.8497,0.0,26.2753
1.7452,56.8972,0.0,26.3015
1.7472,56.9447,0.0,26.3276
1.7492,56.9921,0.0,26.3537
1.7512,57.0395,0.0,26.3799
1.7532,57.0869,0.0,26.4059
1.7552,57.1342,0.0,26.432
1.7572,57.1815,0.0,26.4581
1.7592,57.2288,0.0,26.4841
1.7612,57.276,0.0,26.5102
1.7632,57.3233,0.0,26.5362
1.7652,57.3705,0.0,26.5622
1.7672,57.4176,0.0,26.5882
1.7692,57.4647,0.0,26.6142
1.7712,57.5118,0.0,26.6401
1.7732,57.5589,0.0,26.6661
1.7752,57.6059,0.0,26.692
1.7772,57.6529,0.0,26.7179
1.7792,57.6999,0.0,26.7438
1.7812,57.7469,0.0,26.7697
1.7832,57.7938,0.0,26.7955
1.7852,57.8407,0.0,26.8214
1.7872,57.8875,0.0,26.8472
1.7892,57.9343,0.0,26.873
1.7912,57.9811,0.0,26.8988
1.7932,58.0279,0.0,26.9246
1.7952,58.0746,0.0,26.9504
1.7972,58.1213,0.0,26.9761
1.7992,58.168,0.0,27.0019
1.8012,58.2147,0.0,27.0276
1.8032,58.2613,0.0,27.0533
1.8052,58.3079,0.0,27.079
1.8072,58.3544,0.0,27.1047
1.8092,58.4009,0.0,27.1303
1.8112,58.4474,0.0,27.156
1.8132,58.4939,0.0,27.1816
1.8152,58.5403,0.0,27.2072
1.8172,58.5868,0.0,27.2328
1.8192,58.6331,0.0,27.2584
1.8212,58.6795,0.0,27.284
1.8232,58.7258,0.0,27.3095
1.8252,58.7721,0.0,27.335
1.8272,58.8183,0.0,27.3605
1.8292,58.8646,0.0,27.386
1.8312,58.9108,0.0,27.4115
1.8332,58.9569,0.0,27.437
1.8352,59.0031,0.0,27.4624
1.8372,59.0492,0.0,27.4879
1.8392,59.0953,0.0,27.5133
1.8412,59.1413,0.0,27.5387
1.8432,59.1873,0.0,27.5641
1.8452,59.2333,0.0,27.5895
1.8472,59.2793,0.0,27.6148
1.8492,59.3252,0.0,27.6401
1.8512,59.3712,0.0,27.6655
1.8532,59.417,0.0,27.6908
1.8552,59.4629,0.0,27.7161
1.8572,59.5087,0.0,27.7413
1.8592,59.5545,0.0,27.7666
1.8612,59.6002,0.0,27.7918
1.8632,59.646,0.0,27.8171
1.8652,59.6917,0.0,27.8423
1.8672,59.7374,0.0,27.8675
1.8692,59.783,0.0,27.8926
1.8712,59.8286,0.0,27.9178
1.8732,59.8742,0.0,27.9429
1.8752,59.9198,0.0,27.9681
1.8772,59.9653,0.0,27.9932
1.8792,60.0108,0.0,28.0183
1.8812,60.0563,0.0,28.0434
1.8832,60.1017,0.0,28.0684
1.8852,60.1471,0.0,28.0935
1.8872,60.1925,0.0,28.1185
1.8892,60.2379,0.0,28.1435
1.8912,60.2832,0.0,28.1685
1.8932,60.3285,0.0,28.1935
1.8952,60.3738,0.0,28.2184
1.8972,60.419,0.0,28.2434
1.8992,60.4642,0.0,28.2683
1.9012,60.5094,0.0,28.2932
1.9032,60.5546,0.0,28.3181
1.9052,60.5997,0.0,28.343
1.9072,60.6448,0.0,28.3679
1.9092,60.6899,0.0,28.3927
1.9112,60.7349,0.0,28.4175
1.9132,60.7799,0.0,28.4424
1.9152,60.8249,0.0,28.4672
1.9172,60.8699,0.0,28.4919
1.9192,60.9148,0.0,28.5167
1.9212,60.9597,0.0,28.5415
1.9232,61.0046,0.0,28.5662
1.9252,61.0494,0.0,28.5909
1.9272,61.0943,0.0,28.6156
1.9292,61.139,0.0,28.6403
1.9312,61.1838,0.0,28.6649
1.9332,61.2285,0.0,28.6896
1.9352,61.2732,0.0,28.7142
1.9372,61.3179,0.0,28.7388
1.9392,61.3626,0.0,28.7634
1.9412,61.4072,0.0,28.788
1.9432,61.4518,0.0,28.8126
1.9452,61.4964,0.0,28.8371
1.9472,61.5409,0.0,28.8616
1.9492,61.5854,0.0,28.8862
1.9512,61.6299,0.0,28.9107
1.9532,61.6743,0.0,28.9351
1.9552,61.7188,0.0,28.9596
1.9572,61.7632,0.0,28.984
1.9592,61.8075,0.0,29.0085
1.9612,61.8519,0.0,29.0329
1.9632,61.8962,0.0,29.0573
1.9652,61.9405,0.0,29.0817
1.9672,61.9848,0.0,29.106
1.9692,62.029,0.0,29.1304
1.9712,62.0732,0.0,29.1547
1.9732,62.1174,0.0,29.179
1.9752,62.1615,0.0,29.2033
1.9772,62.2057,0.0,29.2276
1.9792,62.2498,0.0,29.2518
1.9812,62.2938,0.0,29.2761
1.9832,62.3379,0.0,29.3003
1.9852,62.3819,0.0,29.3245
1.9872,62.4259,0.0,29.3487
1.9892,62.4698,0.0,29.3729
1.9912,62.5138,0.0,29.397
1.9932,62.5577,0.0,29.4212
1.9952,62.6016,0.0,29.4453
1.9972,62.6454,0.0,29.4694
1.9992,62.6892,0.0,29.4935
2.0013,62.7341,0.0,29.5181
2.0033,62.779,0.0,29.5428
2.0054,62.8238,0.0,29.5674
2.0074,62.8686,0.0,29.5921
2.0095,62.9134,0.0,29.6167
2.0115,62.9582,0.0,29.6412
2.0136,63.0029,0.0,29.6658
2.0156,63.0476,0.0,29.6903
2.0177,63.0923,0.0,29.7149
2.0197,63.1369,0.0,29.7394
2.0218,63.1815,0.0,29.7639
2.0238,63.2261,0.0,29.7883
2.0259,63.2706,0.0,29.8128
2.0279,63.3152,0.0,29.8372
2.03,63.3597,0.0,29.8617
2.032,63.4041,0.0,29.8861
2.0341,63.4486,0.0,29.9104
2.0361,63.493,0.0,29.9348
2.0382,63.5374,0.0,29.9591
2.0402,63.5817,0.0,29.9835
2.0423,63.6261,0.0,30.0078
2.0443,63.6704,0.0,30.0321
2.0464,63.7146,0.0,30.0563
2.0484,63.7589,0.0,30.0806
2.0505,63.8031,0.0,30.1048
2.0525,63.8473,0.0,30.1291
2.0546,63.8915,0.0,30.1533
2.0566,63.9356,0.0,30.1774
2.0587,63.9797,0.0,30.2016
2.0607,64.0238,0.0,30.2257
2.0628,64.0678,0.0,30.2499
2.0648,64.1119,0.0,30.274
2.0669,64.1559,0.0,30.2981
2.0689,64.1998,0.0,30.3221
2.071,64.2438,0.0,30.3462
2.073,64.2877,0.0,30.3702
2.0751,64.3316,0.0,30.3942
2.0771,64.3754,0.0,30.4182
2.0792,64.4193,0.0,30.4422
2.0812,64.4631,0.0,30.4662
2.0833,64.5069,0.0,30.4901
2.0853,64.5506,0.0,30.514
2.0874,64.5943,0.0,30.5379
2.0894,64.638,0.0,30.5618
2.0915,64.6817,0.0,30.5857
2.0935,64.7253,0.0,30.6095
2.0956,64.769,0.0,30.6333
2.0976,64.8126,0.0,30.6571
2.0997,64.8561,0.0,30.6809
2.1017,64.8996,0.0,30.7047
2.1038,64.9432,0.0,30.7285
2.1058,64.9866,0.0,30.7522
2.1079,65.0301,0.0,30.7759
2.1099,65.0735,0.0,30.7996
2.112,65.1169,0.0,30.8233
2.114,65.1603,0.0,30.8469
2.1161,65.2036,0.0,30.8706
2.1181,65.247,0.0,30.8942
2.1202,65.2903,0.0,30.9178
2.1222,65.3335,0.0,30.9414
2.1243,65.3768,0.0,30.965
2.1263,65.42,0.0,30.9885
2.1284,65.4632,0.0,31.012
2.1304,65.5063,0.0,31.0355
2.1325,65.5495,0.0,31.059
2.1345,65.5926,0.0,31.0825
2.1366,65.6356,0.0,31.106
2.1386,65.6787,0.0,31.1294
2.1407,65.7217,0.0,31.1528
2.1427,65.7647,0.0,31.1762
2.1448,65.8077,0.0,31.1996
2.1468,65.8506,0.0,31.2229
2.1489,65.8936,0.0,31.2463
2.1509,65.9365,0.0,31.2696
2.153,65.9793,0.0,31.2929
2.155,66.0222,0.0,31.3162
2.1571,66.065,0.0,31.3394
2.1591,66.1078,0.0,31.3627
2.1612,66.1505,0.0,31.3859
2.1632,66.1933,0.0,31.4091
2.1653,66.236,0.0,31.4323
2.1673,66.2787,0.0,31.4555
2.1694,66.3213,0.0,31.4786
2.1714,66.364,0.0,31.5017
2.1735,66.4066,0.0,31.5249
2.1755,66.4492,0.0,31.5479
2.1776,66.4917,0.0,31.571
2.1796,66.5343,0.0,31.5941
2.1817,66.5768,0.0,31.6171
2.1837,66.6192,0.0,31.6401
2.1858,66.6617,0.0,31.6631
2.1878,66.7041,0.0,31.6861
2.1899,66.7465,0.0,31.709
2.1919,66.7889,0.0,31.732
2.194,66.8312,0.0,31.7549
2.196,66.8736,0.0,31.7778
2.1981,66.9159,0.0,31.8007
2.2001,66.9581,0.0,31.8235
2.2022,67.0004,0.0,31.8464
2.2042,67.0426,0.0,31.8692
2.2063,67.0848,0.0,31.892
2.2083,67.127,0.0,31.9148
2.2104,67.1691,0.0,31.9376
2.2124,67.2112,0.0,31.9603
2.2145,67.2533,0.0,31.983
2.2165,67.2954,0.0,32.0057
2.2186,67.3374,0.0,32.0284
2.2206,67.3795,0.0,32.0511
2.2227,67.4214,0.0,32.0737
2.2247,67.4634,0.0,32.0964
2.2268,67.5054,0.0,32.119
2.2288,67.5473,0.0,32.1416
2.2309,67.5892,0.0,32.1641
2.2329,67.631,0.0,32.1867
2.235,67.6729,0.0,32.2092
2.237,67.7147,0.0,32.2317
2.2391,67.7565,0.0,32.2542
2.2411,67.7982,0.0,32.2767
2.2432,67.84,0.0,32.2991
2.2452,67.8817,0.0,32.3216
2.2473,67.9234,0.0,32.344
2.2493,67.965,0.0,32.3664
2.2514,68.0067,0.0,32.3887
2.2534,68.0483,0.0,32.4111
2.2555,68.0899,0.0,32.4334
2.2575,68.1315,0.0,32.4558
2.2596,68.173,0.0,32.4781
2.2616,68.2145,0.0,32.5003
2.2637,68.256,0.0,32.5226
2.2657,68.2975,0.0,32.5448
2.2678,68.3389,0.0,32.567
2.2698,68.3803,0.0,32.5892
2.2719,68.4217,0.0,32.6114
2.2739,68.4631,0.0,32.6336
2.276,68.5044,0.0,32.6557
2.278,68.5458,0.0,32.6778
2.2801,68.587,0.0,32.6999
2.2821,68.6283,0.0,32.722
2.2842,68.6696,0.0,32.7441
2.2862,68.7108,0.0,32.7661
2.2883,68.752,0.0,32.7881
2.2903,68.7932,0.0,32.8101
2.2924,68.8343,0.0,32.8321
2.2944,68.8754,0.0,32.8541
2.2965,68.9165,0.0,32.876
2.2985,68.9576,0.0,32.8979
2.3006,68.9986,0.0,32.9198
2.3026,69.0397,0.0,32.9417
2.3047,69.0807,0.0,32.9636
2.3067,69.1216,0.0,32.9854
2.3088,69.1626,0.0,33.0072
2.3108,69.2035,0.0,33.029
2.3129,69.2444,0.0,33.0508
2.3149,69.2853,0.0,33.0726
2.317,69.3262,0.0,33.0943
2.319,69.367,0.0,33.1161
2.3211,69.4078,0.0,33.1378
2.3231,69.4486,0.0,33.1594
2.3252,69.4894,0.0,33.1811
2.3272,69.5301,0.0,33.2028
2.3293,69.5708,0.0,33.2244
2.3313,69.6115,0.0,33.246
2.3334,69.6522,0.0,33.2676
2.3354,69.6928,0.0,33.2891
2.3375,69.7334,0.0,33.3107
2.3395,69.774,0.0,33.3322
2.3416,69.8146,0.0,33.3537
2.3436,69.8551,0.0,33.3752
2.3457,69.8957,0.0,33.3966
2.3477,69.9362,0.0,33.4181
2.3498,69.9766,0.0,33.4395
2.3518,70.0171,0.0,33.4609
2.3539,70.0575,0.0,33.4823
2.3559,70.0979,0.0,33.5036
2.358,70.1383,0.0,33.525
2.36,70.1786,0.0,33.5463
2.3621,70.219,0.0,33.5676
2.3641,70.2593,0.0,33.5889
2.3662,70.2996,0.0,33.6102
2.3682,70.3398,0.0,33.6314
2.3703,70.3801,0.0,33.6526
2.3723,70.4203,0.0,33.6738
2.3744,70.4605,0.0,33.695
2.3764,70.5007,0.0,33.7162
2.3785,70.5408,0.0,33.7373
2.3805,70.5809,0.0,33.7584
2.3826,70.621,0.0,33.7795
2.3846,70.6611,0.0,33.8006
2.3867,70.7012,0.0,33.8217
2.3887,70.7412,0.0,33.8427
2.3908,70.7812,0.0,33.8637
2.3928,70.8212,0.0,33.8847
2.3949,70.8612,0.0,33.9057
2.3969,70.9011,0.0,33.9266
2.399,70.941,0.0,33.9476
2.401,70.9809,0.0,33.9685
2.4031,71.0208,0.0,33.9894
2.4051,71.0606,0.0,34.0103
2.4072,71.1004,0.0,34.0311
2.4092,71.1402,0.0,34.052
2.4113,71.18,0.0,34.0728
2.4133,71.2198,0.0,34.0936
2.4154,71.2595,0.0,34.1143
2.4174,71.2992,0.0,34.1351
2.4195,71.3389,0.0,34.1558
2.4215,71.3786,0.0,34.1765
2.4236,71.4182,0.0,34.1972
2.4256,71.4578,0.0,34.2179
2.4277,71.4974,0.0,34.2386
2.4297,71.537,0.0,34.2592
2.4318,71.5766,0.0,34.2798
2.4338,71.6161,0.0,34.3004
2.4359,71.6556,0.0,34.321
2.4379,71.6951,0.0,34.3415
2.44,71.7345,0.0,34.362
2.442,71.774,0.0,34.3825
2.4441,71.8134,0.0,34.403
2.4461,71.8528,0.0,34.4235
2.4482,71.8922,0.0,34.4439
2.4502,71.9315,0.0,34.4644
2.4523,71.9708,0.0,34.4848
2.4543,72.0102,0.0,34.5052
2.4564,72.0494,0.0,34.5255
2.4584,72.0887,0.0,34.5459
2.4605,72.1279,0.0,34.5662
2.4625,72.1672,0.0,34.5865
2.4646,72.2063,0.0,34.6068
2.4666,72.2455,0.0,34.627
2.4687,72.2847,0.0,34.6473
2.4707,72.3238,0.0,34.6675
2.4728,72.3629,0.0,34.6877
2.4748,72.402,0.0,34.7079
2.4769,72.441,0.0,34.728
2.4789,72.4801,0.0,34.7482
2.481,72.5191,0.0,34.7683
2.483,72.5581,0.0,34.7884
2.4851,72.5971,0.0,34.8084
2.4871,72.636,0.0,34.8285
2.4892,72.675,0.0,34.8485
2.4912,72.7139,0.0,34.8685
2.4933,72.7528,0.0,34.8885
2.4953,72.7916,0.0,34.9085
2.4974,72.8305,0.0,34.9284
2.4994,72.8693,0.0,34.9484
2.5015,72.9081,0.0,34.9683
2.5035,72.9469,0.0,34.9882
2.5056,72.9856,0.0,35.008
2.5076,73.0244,0.0,35.0279
2.5097,73.0631,0.0,35.0477
2.5117,73.1018,0.0,35.0675
2.5138,73.1404,0.0,35.0873
2.5158,73.1791,0.0,35.107
2.5179,73.2177,0.0,35.1268
2.5199,73.2563,0.0,35.1465
2.522,73.2949,0.0,35.1662
2.524,73.3335,0.0,35.1859
2.5261,73.372,0.0,35.2055
2.5281,73.4105,0.0,35.2252
2.5302,73.449,0.0,35.2448
2.5322,73.4875,0.0,35.2644
2.5343,73.526,0.0,35.284
2.5363,73.5644,0.0,35.3035
2.5384,73.6028,0.0,35.323
2.5404,73.6412,0.0,35.3426
2.5425,73.6796,0.0,35.362
2.5445,73.7179,0.0,35.3815
2.5466,73.7563,0.0,35.401
2.5486,73.7946,0.0,35.4204
2.5507,73.8329,0.0,35.4398
2.5527,73.8711,0.0,35.4592
2.5548,73.9094,0.0,35.4785
2.5568,73.9476,0.0,35.4979
2.5589,73.9858,0.0,35.5172
2.5609,74.024,0.0,35.5365
2.563,74.0621,0.0,35.5558
2.565,74.1003,0.0,35.575
2.5671,74.1384,0.0,35.5943
2.5691,74.1765,0.0,35.6135
2.5712,74.2146,0.0,35.6327
2.5732,74.2526,0.0,35.6518
2.5753,74.2907,0.0,35.671
2.5773,74.3287,0.0,35.6901
2.5794,74.3667,0.0,35.7092
2.5814,74.4047,0.0,35.7283
2.5835,74.4426,0.0,35.7474
2.5855,74.4805,0.0,35.7664
2.5876,74.5185,0.0,35.7855
2.5896,74.5563,0.0,35.8045
2.5917,74.5942,0.0,35.8234
2.5937,74.6321,0.0,35.8424
2.5958,74.6699,0.0,35.8613
2.5978,74.7077,0.0,35.8803
2.5999,74.7455,0.0,35.8992
2.6019,74.7833,0.0,35.918
2.604,74.821,0.0,35.9369
2.606,74.8587,0.0,35.9557
2.6081,74.8965,0.0,35.9745
2.6101,74.9341,0.0,35.9933
2.6122,74.9718,0.0,36.0121
2.6142,75.0095,0.0,36.0308
2.6163,75.0471,0.0,36.0496
2.6183,75.0847,0.0,36.0683
2.6204,75.1223,0.0,36.087
2.6224,75.1598,0.0,36.1056
2.6245,75.1974,0.0,36.1243
2.6265,75.2349,0.0,36.1429
2.6286,75.2724,0.0,36.1615
2.6306,75.3099,0.0,36.1801
2.6327,75.3474,0.0,36.1986
2.6347,75.3848,0.0,36.2171
2.6368,75.4222,0.0,36.2357
2.6388,75.4597,0.0,36.2541
2.6409,75.497,0.0,36.2726
2.6429,75.5344,0.0,36.2911
2.645,75.5718,0.0,36.3095
2.647,75.6091,0.0,36.3279
2.6491,75.6464,0.0,36.3463
2.6511,75.6837,0.0,36.3646
2.6532,75.7209,0.0,36.383
2.6552,75.7582,0.0,36.4013
2.6573,75.7954,0.0,36.4196
2.6593,75.8326,0.0,36.4379
2.6614,75.8698,0.0,36.4561
2.6634,75.907,0.0,36.4744
2.6655,75.9441,0.0,36.4926
2.6675,75.9812,0.0,36.5108
2.6696,76.0184,0.0,36.5289
2.6716,76.0554,0.0,36.5471
2.6737,76.0925,0.0,36.5652
2.6757,76.1296,0.0,36.5833
2.6778,76.1666,0.0,36.6014
2.6798,76.2036,0.0,36.6195
2.6819,76.2406,0.0,36.6375
2.6839,76.2776,0.0,36.6555
2.686,76.3145,0.0,36.6735
2.688,76.3515,0.0,36.6915
2.6901,76.3884,0.0,36.7094
2.6921,76.4253,0.0,36.7274
2.6942,76.4621,0.0,36.7453
2.6962,76.499,0.0,36.7632
2.6983,76.5358,0.0,36.781
2.7003,76.5727,0.0,36.7989
2.7024,76.6095,0.0,36.8167
2.7044,76.6462,0.0,36.8345
2.7065,76.683,0.0,36.8523
2.7085,76.7197,0.0,36.87
2.7106,76.7565,0.0,36.8878
2.7126,76.7932,0.0,36.9055
2.7147,76.8298,0.0,36.9232
2.7167,76.8665,0.0,36.9408
2.7188,76.9032,0.0,36.9585
2.7208,76.9398,0.0,36.9761
2.7229,76.9764,0.0,36.9937
2.7249,77.013,0.0,37.0113
2.727,77.0496,0.0,37.0289
2.729,77.0861,0.0,37.0464
2.7311,77.1226,0.0,37.0639
2.7331,77.1591,0.0,37.0814
2.7352,77.1956,0.0,37.0989
2.7372,77.2321,0.0,37.1164
2.7393,77.2686,0.0,37.1338
2.7413,77.305,0.0,37.1512
2.7434,77.3414,0.0,37.1686
2.7454,77.3778,0.0,37.1859
2.7475,77.4142,0.0,37.2033
2.7495,77.4506,0.0,37.2206
2.7516,77.4869,0.0,37.2379
2.7536,77.5233,0.0,37.2552
2.7557,77.5596,0.0,37.2724
2.7577,77.5958,0.0,37.2897
2.7598,77.6321,0.0,37.3069
2.7618,77.6684,0.0,37.3241
2.7639,77.7046,0.0,37.3413
2.7659,77.7408,0.0,37.3584
2.768,77.777,0.0,37.3755
2.77,77.8132,0.0,37.3926
2.7721,77.8494,0.0,37.4097
2.7741,77.8855,0.0,37.4268
2.7762,77.9216,0.0,37.4438
2.7782,77.9577,0.0,37.4608
2.7803,77.9938,0.0,37.4778
2.7823,78.0299,0.0,37.4948
2.7844,78.0659,0.0,37.5117
2.7864,78.102,0.0,37.5287
2.7885,78.138,0.0,37.5456
2.7905,78.174,0.0,37.5624
2.7926,78.21,0.0,37.5793
2.7946,78.2459,0.0,37.5961
2.7967,78.2819,0.0,37.613
2.7987,78.3178,0.0,37.6298
2.8008,78.3537,0.0,37.6465
2.8028,78.3896,0.0,37.6633
2.8049,78.4254,0.0,37.68
2.8069,78.4613,0.0,37.6967
2.809,78.4971,0.0,37.7134
2.811,78.5329,0.0,37.7301
2.8131,78.5687,0.0,37.7467
2.8151,78.6045,0.0,37.7633
2.8172,78.6403,0.0,37.7799
2.8192,78.676,0.0,37.7965
2.8213,78.7117,0.0,37.813
2.8233,78.7474,0.0,37.8296
2.8254,78.7831,0.0,37.8461
2.8274,78.8188,0.0,37.8626
2.8295,78.8545,0.0,37.879
2.8315,78.8901,0.0,37.8955
2.8336,78.9257,0.0,37.9119
2.8356,78.9613,0.0,37.9283
2.8377,78.9969,0.0,37.9447
2.8397,79.0325,0.0,37.961
2.8418,79.068,0.0,37.9773
2.8438,79.1036,0.0,37.9936
2.8459,79.1391,0.0,38.0099
2.8479,79.1746,0.0,38.0262
2.85,79.21,0.0,38.0424
2.852,79.2455,0.0,38.0587
2.8541,79.281,0.0,38.0749
2.8561,79.3164,0.0,38.091
2.8582,79.3518,0.0,38.1072
2.8602,79.3872,0.0,38.1233
2.8622,79.4226,0.0,38.1394
2.8643,79.4579,0.0,38.1555
2.8663,79.4932,0.0,38.1716
2.8684,79.5286,0.0,38.1876
2.8704,79.5639,0.0,38.2036
2.8725,79.5992,0.0,38.2196
2.8745,79.6344,0.0,38.2356
2.8766,79.6697,0.0,38.2515
2.8786,79.7049,0.0,38.2675
2.8807,79.7401,0.0,38.2834
2.8827,79.7753,0.0,38.2993
2.8848,79.8105,0.0,38.3151
2.8868,79.8457,0.0,38.331
2.8889,79.8809,0.0,38.3468
2.8909,79.916,0.0,38.3626
2.893,79.9511,0.0,38.3784
2.895,79.9862,0.0,38.3941
2.8971,80.0213,0.0,38.4098
2.8991,80.0564,0.0,38.4255
2.9012,80.0914,0.0,38.4412
2.9032,80.1264,0.0,38.4569
2.9053,80.1615,0.0,38.4725
2.9073,80.1964,0.0,38.4881
2.9094,80.2314,0.0,38.5037
2.9114,80.2664,0.0,38.5193
2.9135,80.3013,0.0,38.5348
2.9155,80.3363,0.0,38.5504
2.9176,80.3712,0.0,38.5659
2.9196,80.4061,0.0,38.5814
2.9217,80.441,0.0,38.5968
2.9237,80.4758,0.0,38.6123
2.9258,80.5107,0.0,38.6277
2.9278,80.5455,0.0,38.6431
2.9299,80.5803,0.0,38.6584
2.9319,80.6151,0.0,38.6738
2.934,80.6499,0.0,38.6891
2.936,80.6847,0.0,38.7044
2.9381,80.7194,0.0,38.7197
2.9401,80.7542,0.0,38.7349
2.9422,80.7889,0.0,38.7502
2.9442,80.8236,0.0,38.7654
2.9463,80.8583,0.0,38.7806
2.9483,80.8929,0.0,38.7957
2.9504,80.9276,0.0,38.8109
2.9524,80.9622,0.0,38.826
2.9545,80.9968,0.0,38.8411
2.9565,81.0314,0.0,38.8562
2.9586,81.066,0.0,38.8712
2.9606,81.1006,0.0,38.8863
2.9627,81.1351,0.0,38.9013
2.9647,81.1697,0.0,38.9162
2.9668,81.2042,0.0,38.9312
2.9688,81.2387,0.0,38.9461
2.9709,81.2732,0.0,38.9611
2.9729,81.3077,0.0,38.976
2.975,81.3421,0.0,38.9908
2.977,81.3766,0.0,39.0057
2.9791,81.411,0.0,39.0205
2.9811,81.4454,0.0,39.0353
2.9832,81.4798,0.0,39.0501
2.9852,81.5142,0.0,39.0649
2.9873,81.5485,0.0,39.0796
2.9893,81.5829,0.0,39.0943
2.9914,81.6172,0.0,39.109
2.9934,81.6515,0.0,39.1237
2.9955,81.6858,0.0,39.1383
2.9975,81.7201,0.0,39.1529
2.9996,81.7543,0.0,39.1675
3.0016,81.7886,0.0,39.1821
3.0037,81.8228,0.0,39.1967
3.0057,81.8571,0.0,39.2112
3.0078,81.8913,0.0,39.2257
3.0098,81.9254,0.0,39.2402
3.0119,81.9596,0.0,39.2546
3.0139,81.9938,0.0,39.2691
3.016,82.0279,0.0,39.2835
3.018,82.062,0.0,39.2979
3.0201,82.0961,0.0,39.3123
3.0221,82.1302,0.0,39.3266
3.0242,82.1643,0.0,39.341
3.0262,82.1984,0.0,39.3553
3.0283,82.2324,0.0,39.3695
3.0303,82.2664,0.0,39.3838
3.0324,82.3005,0.0,39.398
3.0344,82.3345,0.0,39.4122
3.0365,82.3684,0.0,39.4264
3.0385,82.4024,0.0,39.4406
3.0406,82.4364,0.0,39.4547
3.0426,82.4703,0.0,39.4689
3.0447,82.5042,0.0,39.483
3.0467,82.5381,0.0,39.497
3.0488,82.572,0.0,39.5111
3.0508,82.6059,0.0,39.5251
3.0529,82.6398,0.0,39.5391
3.0549,82.6736,0.0,39.5531
3.057,82.7075,0.0,39.5671
3.059,82.7413,0.0,39.581
3.0611,82.7751,0.0,39.5949
3.0631,82.8089,0.0,39.6088
3.0652,82.8426,0.0,39.6227
3.0672,82.8764,0.0,39.6365
3.0693,82.9101,0.0,39.6504
3.0713,82.9439,0.0,39.6642
3.0734,82.9776,0.0,39.6779
3.0754,83.0113,0.0,39.6917
3.0775,83.0449,0.0,39.7054
3.0795,83.0786,0.0,39.7191
3.0816,83.1123,0.0,39.7328
3.0836,83.1459,0.0,39.7465
3.0857,83.1795,0.0,39.7601
3.0877,83.2131,0.0,39.7737
3.0898,83.2467,0.0,39.7873
3.0918,83.2803,0.0,39.8009
3.0939,83.3139,0.0,39.8145
3.0959,83.3474,0.0,39.828
3.098,83.3809,0.0,39.8415
3.1,83.4145,0.0,39.855
3.1021,83.448,0.0,39.8684
3.1041,83.4814,0.0,39.8818
3.1062,83.5149,0.0,39.8953
3.1082,83.5484,0.0,39.9086
3.1103,83.5818,0.0,39.922
3.1123,83.6153,0.0,39.9353
3.1144,83.6487,0.0,39.9487
3.1164,83.6821,0.0,39.962
3.1185,83.7155,0.0,39.9752
3.1205,83.7488,0.0,39.9885
3.1226,83.7822,0.0,40.0017
3.1246,83.8155,0.0,40.0149
3.1267,83.8489,0.0,40.0281
3.1287,83.8822,0.0,40.0412
3.1308,83.9155,0.0,40.0544
3.1328,83.9488,0.0,40.0675
3.1349,83.982,0.0,40.0806
3.1369,84.0153,0.0,40.0936
3.139,84.0485,0.0,40.1067
3.141,84.0818,0.0,40.1197
3.1431,84.115,0.0,40.1327
3.1451,84.1482,0.0,40.1457
3.1472,84.1814,0.0,40.1586
3.1492,84.2145,0.0,40.1715
3.1513,84.2477,0.0,40.1844
3.1533,84.2808,0.0,40.1973
3.1554,84.314,0.0,40.2102
3.1574,84.3471,0.0,40.223
3.1595,84.3802,0.0,40.2358
3.1615,84.4133,0.0,40.2486
3.1636,84.4463,0.0,40.2614
3.1656,84.4794,0.0,40.2741
3.1677,84.5125,0.0,40.2868
3.1697,84.5455,0.0,40.2995
3.1718,84.5785,0.0,40.3122
3.1738,84.6115,0.0,40.3248
3.1759,84.6445,0.0,40.3375
3.1779,84.6775,0.0,40.3501
3.18,84.7104,0.0,40.3626
3.182,84.7434,0.0,40.3752
3.1841,84.7763,0.0,40.3877
3.1861,84.8092,0.0,40.4002
3.1882,84.8421,0.0,40.4127
3.1902,84.875,0.0,40.4252
3.1923,84.9079,0.0,40.4376
3.1943,84.9408,0.0,40.45
3.1964,84.9736,0.0,40.4624
3.1984,85.0065,0.0,40.4748
3.2005,85.0393,0.0,40.4871
3.2025,85.0721,0.0,40.4994
3.2046,85.1049,0.0,40.5117
3.2066,85.1377,0.0,40.524
3.2087,85.1704,0.0,40.5363
3.2107,85.2032,0.0,40.5485
3.2128,85.2359,0.0,40.5607
3.2148,85.2687,0.0,40.5729
3.2169,85.3014,0.0,40.585
3.2189,85.3341,0.0,40.5972
3.221,85.3668,0.0,40.6093
3.223,85.3995,0.0,40.6214
3.2251,85.4321,0.0,40.6334
3.2271,85.4648,0.0,40.6455
3.2292,85.4974,0.0,40.6575
3.2312,85.53,0.0,40.6695
3.2333,85.5626,0.0,40.6815
3.2353,85.5952,0.0,40.6934
3.2374,85.6278,0.0,40.7053
3.2394,85.6604,0.0,40.7172
3.2415,85.6929,0.0,40.7291
3.2435,85.7255,0.0,40.741
3.2456,85.758,0.0,40.7528
3.2476,85.7905,0.0,40.7646
3.2497,85.823,0.0,40.7764
3.2517,85.8555,0.0,40.7881
3.2538,85.888,0.0,40.7999
3.2558,85.9205,0.0,40.8116
3.2579,85.9529,0.0,40.8233
3.2599,85.9854,0.0,40.835
3.262,86.0178,0.0,40.8466
3.264,86.0502,0.0,40.8582
3.2661,86.0826,0.0,40.8698
3.2681,86.115,0.0,40.8814
3.2702,86.1473,0.0,40.8929
3.2722,86.1797,0.0,40.9045
3.2743,86.2121,0.0,40.916
3.2763,86.2444,0.0,40.9274
3.2784,86.2767,0.0,40.9389
3.2804,86.309,0.0,40.9503
3.2825,86.3413,0.0,40.9617
3.2845,86.3736,0.0,40.9731
3.2866,86.4059,0.0,40.9845
3.2886,86.4381,0.0,40.9958
3.2907,86.4704,0.0,41.0071
3.2927,86.5026,0.0,41.0184
3.2948,86.5348,0.0,41.0297
3.2968,86.567,0.0,41.0409
3.2989,86.5992,0.0,41.0522
3.3009,86.6314,0.0,41.0634
3.303,86.6636,0.0,41.0745
3.305,86.6957,0.0,41.0857
3.3071,86.7279,0.0,41.0968
3.3091,86.76,0.0,41.1079
3.3112,86.7921,0.0,41.119
3.3132,86.8242,0.0,41.13
3.3153,86.8563,0.0,41.1411
3.3173,86.8884,0.0,41.1521
3.3194,86.9205,0.0,41.1631
3.3214,86.9525,0.0,41.174
3.3235,86.9846,0.0,41.185
3.3255,87.0166,0.0,41.1959
3.3276,87.0486,0.0,41.2068
3.3296,87.0806,0.0,41.2176
3.3317,87.1126,0.0,41.2285
3.3337,87.1446,0.0,41.2393
3.3358,87.1766,0.0,41.2501
3.3378,87.2085,0.0,41.2609
3.3399,87.2405,0.0,41.2716
3.3419,87.2724,0.0,41.2824
3.344,87.3043,0.0,41.2931
3.346,87.3363,0.0,41.3037
3.3481,87.3681,0.0,41.3144
3.3501,87.4,0.0,41.325
3.3522,87.4319,0.0,41.3356
3.3542,87.4638,0.0,41.3462
3.3563,87.4956,0.0,41.3568
3.3583,87.5275,0.0,41.3673
3.3604,87.5593,0.0,41.3778
3.3624,87.5911,0.0,41.3883
3.3645,87.6229,0.0,41.3988
3.3665,87.6547,0.0,41.4092
3.3686,87.6865,0.0,41.4196
3.3706,87.7182,0.0,41.43
3.3727,87.75,0.0,41.4404
3.3747,87.7817,0.0,41.4507
3.3768,87.8134,0.0,41.4611
3.3788,87.8452,0.0,41.4714
3.3809,87.8769,0.0,41.4816
3.3829,87.9086,0.0,41.4919
3.385,87.9402,0.0,41.5021
3.387,87.9719,0.0,41.5123
3.3891,88.0036,0.0,41.5225
3.3911,88.0352,0.0,41.5327
3.3932,88.0669,0.0,41.5428
3.3952,88.0985,0.0,41.5529
3.3973,88.1301,0.0,41.563
3.3993,88.1617,0.0,41.5731
3.4014,88.1933,0.0,41.5831
3.4034,88.2249,0.0,41.5931
3.4055,88.2564,0.0,41.6031
3.4075,88.288,0.0,41.6131
3.4096,88.3195,0.0,41.623
3.4116,88.3511,0.0,41.6329
3.4137,88.3826,0.0,41.6428
3.4157,88.4141,0.0,41.6527
3.4178,88.4456,0.0,41.6625
3.4198,88.4771,0.0,41.6724
3.4219,88.5085,0.0,41.6822
3.4239,88.54,0.0,41.6919
3.426,88.5715,0.0,41.7017
3.428,88.6029,0.0,41.7114
3.4301,88.6343,0.0,41.7211
3.4321,88.6657,0.0,41.7308
3.4342,88.6971,0.0,41.7405
3.4362,88.7285,0.0,41.7501
3.4383,88.7599,0.0,41.7597
3.4403,88.7913,0.0,41.7693
3.4424,88.8227,0.0,41.7789
3.4444,88.854,0.0,41.7884
3.4465,88.8853,0.0,41.7979
3.4485,88.9167,0.0,41.8074
3.4506,88.948,0.0,41.8169
3.4526,88.9793,0.0,41.8263
3.4547,89.0106,0.0,41.8357
3.4567,89.0419,0.0,41.8451
3.4588,89.0731,0.0,41.8545
3.4608,89.1044,0.0,41.8638
3.4629,89.1357,0.0,41.8732
3.4649,89.1669,0.0,41.8825
3.467,89.1981,0.0,41.8917
3.469,89.2293,0.0,41.901
3.4711,89.2605,0.0,41.9102
3.4731,89.2917,0.0,41.9194
3.4752,89.3229,0.0,41.9286
3.4772,89.3541,0.0,41.9378
3.4793,89.3853,0.0,41.9469
3.4813,89.4164,0.0,41.956
3.4834,89.4476,0.0,41.9651
3.4854,89.4787,0.0,41.9742
3.4875,89.5098,0.0,41.9832
3.4895,89.5409,0.0,41.9922
3.4916,89.572,0.0,42.0012
3.4936,89.6031,0.0,42.0102
3.4957,89.6342,0.0,42.0191
3.4977,89.6652,0.0,42.028
3.4998,89.6963,0.0,42.0369
3.5018,89.7273,0.0,42.0458
3.5039,89.7584,0.0,42.0546
3.5059,89.7894,0.0,42.0634
3.508,89.8204,0.0,42.0722
3.51,89.8514,0.0,42.081
3.5121,89.8824,0.0,42.0898
3.5141,89.9134,0.0,42.0985
3.5162,89.9444,0.0,42.1072
3.5182,89.9753,0.0,42.1159
3.5203,90.0063,0.0,42.1245
3.5223,90.0372,0.0,42.1332
3.5244,90.0681,0.0,42.1418
3.5264,90.0991,0.0,42.1503
3.5285,90.13,0.0,42.1589
3.5305,90.1609,0.0,42.1674
3.5326,90.1917,0.0,42.1759
3.5346,90.2226,0.0,42.1844
3.5367,90.2535,0.0,42.1929
3.5387,90.2843,0.0,42.2013
3.5408,90.3152,0.0,42.2097
3.5428,90.346,0.0,42.2181
3.5449,90.3769,0.0,42.2265
3.5469,90.4077,0.0,42.2348
3.549,90.4385,0.0,42.2431
3.551,90.4693,0.0,42.2514
3.5531,90.5001,0.0,42.2597
3.5551,90.5308,0.0,42.268
3.5572,90.5616,0.0,42.2762
3.5592,90.5924,0.0,42.2844
3.5613,90.6231,0.0,42.2925
3.5633,90.6538,0.0,42.3007
3.5654,90.6846,0.0,42.3088
3.5674,90.7153,0.0,42.3169
3.5695,90.746,0.0,42.325
3.5715,90.7767,0.0,42.333
3.5736,90.8074,0.0,42.3411
3.5756,90.838,0.0,42.3491
3.5777,90.8687,0.0,42.3571
3.5797,90.8994,0.0,42.365
3.5818,90.93,0.0,42.3729
3.5838,90.9606,0.0,42.3809
3.5859,90.9913,0.0,42.3887
3.5879,91.0219,0.0,42.3966
3.59,91.0525,0.0,42.4044
3.592,91.0831,0.0,42.4122
3.5941,91.1137,0.0,42.42
3.5961,91.1442,0.0,42.4278
3.5982,91.1748,0.0,42.4355
3.6002,91.2054,0.0,42.4432
3.6023,91.2359,0.0,42.4509
3.6043,91.2665,0.0,42.4586
3.6064,91.297,0.0,42.4662
3.6084,91.3275,0.0,42.4739
3.6105,91.358,0.0,42.4815
3.6125,91.3885,0.0,42.489
3.6146,91.419,0.0,42.4966
3.6166,91.4495,0.0,42.5041
3.6187,91.48,0.0,42.5116
3.6207,91.5104,0.0,42.5191
3.6228,91.5409,0.0,42.5265
3.6248,91.5713,0.0,42.5339
3.6269,91.6017,0.0,42.5413
3.6289,91.6322,0.0,42.5487
3.631,91.6626,0.0,42.5561
3.633,91.693,0.0,42.5634
3.6351,91.7234,0.0,42.5707
3.6371,91.7538,0.0,42.578
3.6392,91.7841,0.0,42.5852
3.6412,91.8145,0.0,42.5925
3.6433,91.8449,0.0,42.5997
3.6453,91.8752,0.0,42.6069
3.6474,91.9056,0.0,42.614
3.6494,91.9359,0.0,42.6212
3.6515,91.9662,0.0,42.6283
3.6535,91.9965,0.0,42.6353
3.6556,92.0268,0.0,42.6424
3.6576,92.0571,0.0,42.6494
3.6597,92.0874,0.0,42.6565
3.6617,92.1177,0.0,42.6635
3.6638,92.1479,0.0,42.6704
3.6658,92.1782,0.0,42.6774
3.6679,92.2084,0.0,42.6843
3.6699,92.2387,0.0,42.6912
3.672,92.2689,0.0,42.698
3.674,92.2991,0.0,42.7049
3.6761,92.3294,0.0,42.7117
3.6781,92.3596,0.0,42.7185
3.6802,92.3897,0.0,42.7253
3.6822,92.4199,0.0,42.732
3.6843,92.4501,0.0,42.7387
3.6863,92.4803,0.0,42.7454
3.6884,92.5104,0.0,42.7521
3.6904,92.5406,0.0,42.7588
3.6925,92.5707,0.0,42.7654
3.6945,92.6009,0.0,42.772
3.6966,92.631,0.0,42.7786
3.6986,92.6611,0.0,42.7851
3.7007,92.6912,0.0,42.7916
3.7027,92.7213,0.0,42.7981
3.7048,92.7514,0.0,42.8046
3.7068,92.7815,0.0,42.8111
3.7089,92.8115,0.0,42.8175
3.7109,92.8416,0.0,42.8239
3.713,92.8716,0.0,42.8303
3.715,92.9017,0.0,42.8367
3.7171,92.9317,0.0,42.843
3.7191,92.9618,0.0,42.8493
3.7212,92.9918,0.0,42.8556
3.7232,93.0218,0.0,42.8618
3.7253,93.0518,0.0,42.8681
3.7273,93.0818,0.0,42.8743
3.7294,93.1118,0.0,42.8805
3.7314,93.1417,0.0,42.8866
3.7335,93.1717,0.0,42.8928
3.7355,93.2017,0.0,42.8989
3.7376,93.2316,0.0,42.905
3.7396,93.2616,0.0,42.9111
3.7417,93.2915,0.0,42.9171
3.7437,93.3214,0.0,42.9231
3.7458,93.3513,0.0,42.9291
3.7478,93.3812,0.0,42.9351
3.7499,93.4111,0.0,42.941
3.7519,93.441,0.0,42.9469
3.754,93.4709,0.0,42.9528
3.756,93.5008,0.0,42.9587
3.7581,93.5307,0.0,42.9646
3.7601,93.5605,0.0,42.9704
3.7622,93.5904,0.0,42.9762
3.7642,93.6202,0.0,42.9819
3.7663,93.6501,0.0,42.9877
3.7683,93.6799,0.0,42.9934
3.7704,93.7097,0.0,42.9991
3.7724,93.7395,0.0,43.0048
3.7745,93.7693,0.0,43.0105
3.7765,93.7991,0.0,43.0161
3.7786,93.8289,0.0,43.0217
3.7806,93.8587,0.0,43.0273
3.7827,93.8884,0.0,43.0328
3.7847,93.9182,0.0,43.0383
3.7868,93.948,0.0,43.0438
3.7888,93.9777,0.0,43.0493
3.7909,94.0074,0.0,43.0548
3.7929,94.0372,0.0,43.0602
3.795,94.0669,0.0,43.0656
3.797,94.0966,0.0,43.071
3.7991,94.1263,0.0,43.0764
3.8011,94.156,0.0,43.0817
3.8032,94.1857,0.0,43.087
3.8052,94.2154,0.0,43.0923
3.8073,94.245,0.0,43.0976
3.8093,94.2747,0.0,43.1028
3.8114,94.3044,0.0,43.108
3.8134,94.334,0.0,43.1132
3.8155,94.3637,0.0,43.1184
3.8175,94.3933,0.0,43.1235
3.8196,94.4229,0.0,43.1286
3.8216,94.4526,0.0,43.1337
3.8237,94.4822,0.0,43.1388
3.8257,94.5118,0.0,43.1438
3.8278,94.5414,0.0,43.1488
3.8298,94.571,0.0,43.1538
3.8319,94.6005,0.0,43.1588
3.8339,94.6301,0.0,43.1637
3.836,94.6597,0.0,43.1686
3.838,94.6892,0.0,43.1735
3.8401,94.7188,0.0,43.1784
3.8421,94.7483,0.0,43.1833
3.8442,94.7779,0.0,43.1881
3.8462,94.8074,0.0,43.1929
3.8483,94.8369,0.0,43.1976
3.8503,94.8664,0.0,43.2024
3.8524,94.8959,0.0,43.2071
3.8544,94.9254,0.0,43.2118
3.8565,94.9549,0.0,43.2165
3.8585,94.9844,0.0,43.2211
3.8606,95.0139,0.0,43.2258
3.8626,95.0434,0.0,43.2304
3.8647,95.0728,0.0,43.2349
3.8667,95.1023,0.0,43.2395
3.8688,95.1317,0.0,43.244
3.8708,95.1612,0.0,43.2485
3.8729,95.1906,0.0,43.253
3.8749,95.22,0.0,43.2574
3.877,95.2495,0.0,43.2619
3.879,95.2789,0.0,43.2663
3.8811,95.3083,0.0,43.2707
3.8831,95.3377,0.0,43.275
3.8852,95.3671,0.0,43.2793
3.8872,95.3964,0.0,43.2837
3.8893,95.4258,0.0,43.2879
3.8913,95.4552,0.0,43.2922
3.8934,95.4846,0.0,43.2964
3.8954,95.5139,0.0,43.3006
3.8975,95.5433,0.0,43.3048
3.8995,95.5726,0.0,43.309
3.9016,95.6019,0.0,43.3131
3.9036,95.6313,0.0,43.3172
3.9057,95.6606,0.0,43.3213
3.9077,95.6899,0.0,43.3254
3.9098,95.7192,0.0,43.3294
3.9118,95.7485,0.0,43.3334
3.9139,95.7778,0.0,43.3374
3.9159,95.8071,0.0,43.3414
3.918,95.8364,0.0,43.3453
3.92,95.8656,0.0,43.3492
3.9221,95.8949,0.0,43.3531
3.9241,95.9241,0.0,43.357
3.9262,95.9534,0.0,43.3608
3.9282,95.9826,0.0,43.3646
3.9303,96.0119,0.0,43.3684
3.9323,96.0411,0.0,43.3722
3.9344,96.0703,0.0,43.3759
3.9364,96.0996,0.0,43.3796
3.9385,96.1288,0.0,43.3833
3.9405,96.158,0.0,43.387
3.9426,96.1872,0.0,43.3906
3.9446,96.2164,0.0,43.3943
3.9467,96.2455,0.0,43.3979
3.9487,96.2747,0.0,43.4014
3.9508,96.3039,0.0,43.405
3.9528,96.333,0.0,43.4085
3.9549,96.3622,0.0,43.412
3.9569,96.3914,0.0,43.4155
3.959,96.4205,0.0,43.4189
3.961,96.4496,0.0,43.4223
3.9631,96.4788,0.0,43.4257
3.9651,96.5079,0.0,43.4291
3.9672,96.537,0.0,43.4324
3.9692,96.5661,0.0,43.4358
3.9713,96.5952,0.0,43.4391
3.9733,96.6243,0.0,43.4423
3.9754,96.6534,0.0,43.4456
3.9774,96.6825,0.0,43.4488
3.9795,96.7116,0.0,43.452
3.9815,96.7407,0.0,43.4552
3.9836,96.7697,0.0,43.4583
3.9856,96.7988,0.0,43.4615
3.9877,96.8279,0.0,43.4646
3.9897,96.8569,0.0,43.4676
3.9918,96.8859,0.0,43.4707
3.9938,96.915,0.0,43.4737
3.9959,96.944,0.0,43.4767
3.9979,96.973,0.0,43.4797
4.0,97.0021,0.0,43.4827
4.002,97.0311,0.0,43.4856
4.0041,97.0601,0.0,43.4885
4.0061,97.0891,0.0,43.4914
4.0082,97.1181,0.0,43.4942
4.0102,97.1471,0.0,43.4971
4.0123,97.176,0.0,43.4999
4.0143,97.205,0.0,43.5026
4.0164,97.234,0.0,43.5054
4.0184,97.2629,0.0,43.5081
4.0205,97.2919,0.0,43.5108
4.0225,97.3208,0.0,43.5135
4.0246,97.3498,0.0,43.5162
4.0266,97.3787,0.0,43.5188
4.0287,97.4077,0.0,43.5214
4.0307,97.4366,0.0,43.524
4.0328,97.4655,0.0,43.5266
4.0348,97.4944,0.0,43.5291
4.0369,97.5233,0.0,43.5316
4.0389,97.5522,0.0,43.5341
4.041,97.5811,0.0,43.5366
4.043,97.61,0.0,43.539
4.0451,97.6389,0.0,43.5414
4.0471,97.6678,0.0,43.5438
4.0492,97.6967,0.0,43.5461
4.0512,97.7255,0.0,43.5485
4.0533,97.7544,0.0,43.5508
4.0553,97.7833,0.0,43.5531
4.0574,97.8121,0.0,43.5554
4.0594,97.841,0.0,43.5576
4.0615,97.8698,0.0,43.5598
4.0635,97.8986,0.0,43.562
4.0656,97.9275,0.0,43.5642
4.0676,97.9563,0.0,43.5663
4.0697,97.9851,0.0,43.5684
4.0717,98.0139,0.0,43.5705
4.0738,98.0427,0.0,43.5726
4.0758,98.0715,0.0,43.5746
4.0779,98.1003,0.0,43.5766
4.0799,98.1291,0.0,43.5786
4.082,98.1579,0.0,43.5806
4.084,98.1867,0.0,43.5825
4.0861,98.2154,0.0,43.5844
4.0881,98.2442,0.0,43.5863
4.0902,98.273,0.0,43.5882
4.0922,98.3017,0.0,43.59
4.0943,98.3305,0.0,43.5919
4.0963,98.3592,0.0,43.5937
4.0984,98.388,0.0,43.5954
4.1004,98.4167,0.0,43.5972
4.1025,98.4454,0.0,43.5989
4.1045,98.4742,0.0,43.6006
4.1066,98.5029,0.0,43.6023
4.1086,98.5316,0.0,43.6039
4.1107,98.5603,0.0,43.6055
4.1127,98.589,0.0,43.6071
4.1148,98.6177,0.0,43.6087
4.1168,98.6464,0.0,43.6102
4.1189,98.6751,0.0,43.6118
4.1209,98.7038,0.0,43.6133
4.123,98.7324,0.0,43.6147
4.125,98.7611,0.0,43.6162
4.1271,98.7898,0.0,43.6176
4.1291,98.8184,0.0,43.619
4.1312,98.8471,0.0,43.6204
4.1332,98.8758,0.0,43.6217
4.1353,98.9044,0.0,43.623
4.1373,98.933,0.0,43.6243
4.1394,98.9617,0.0,43.6256
4.1414,98.9903,0.0,43.6269
4.1435,99.0189,0.0,43.6281
4.1455,99.0476,0.0,43.6293
4.1476,99.0762,0.0,43.6305
4.1496,99.1048,0.0,43.6316
4.1517,99.1334,0.0,43.6328
4.1537,99.162,0.0,43.6339
4.1558,99.1906,0.0,43.6349
4.1578,99.2192,0.0,43.636
4.1599,99.2478,0.0,43.637
4.1619,99.2764,0.0,43.638
4.164,99.3049,0.0,43.639
4.166,99.3335,0.0,43.6399
4.1681,99.3621,0.0,43.6409
4.1701,99.3906,0.0,43.6418
4.1722,99.4192,0.0,43.6427
4.1742,99.4477,0.0,43.6435
4.1763,99.4763,0.0,43.6443
4.1783,99.5048,0.0,43.6451
4.1804,99.5334,0.0,43.6459
4.1824,99.5619,0.0,43.6467
4.1845,99.5904,0.0,43.6474
4.1865,99.619,0.0,43.6481
4.1886,99.6475,0.0,43.6488
4.1906,99.676,0.0,43.6494
4.1927,99.7045,0.0,43.6501
4.1947,99.733,0.0,43.6507
4.1968,99.7615,0.0,43.6513
4.1988,99.79,0.0,43.6518
4.2009,99.8185,0.0,43.6524
4.2029,99.847,0.0,43.6529
4.205,99.8755,0.0,43.6533
4.207,99.904,0.0,43.6538
4.2091,99.9324,0.0,43.6542
4.2111,99.9609,0.0,43.6546
4.2132,99.9894,0.0,43.655
4.2152,100.0178,0.0,43.6554
4.2173,100.0463,0.0,43.6557
4.2193,100.0747,0.0,43.656
4.2214,100.1032,0.0,43.6563
4.2234,100.1316,0.0,43.6566
4.2255,100.1601,0.0,43.6568
4.2275,100.1885,0.0,43.657
4.2296,100.2169,0.0,43.6572
4.2316,100.2453,0.0,43.6574
4.2337,100.2738,0.0,43.6575
4.2357,100.3022,0.0,43.6576
4.2378,100.3306,0.0,43.6577
4.2398,100.359,0.0,43.6578
4.2419,100.3874,0.0,43.6578
4.2439,100.4158,0.0,43.6578
4.246,100.4442,0.0,43.6578
4.248,100.4726,0.0,43.6578
4.2501,100.501,0.0,43.6577
4.2521,100.5294,0.0,43.6576
4.2542,100.5577,0.0,43.6575
4.2562,100.5861,0.0,43.6574
4.2583,100.6145,0.0,43.6572
4.2603,100.6429,0.0,43.657
4.2624,100.6712,0.0,43.6568
4.2644,100.6996,0.0,43.6566
4.2665,100.7279,0.0,43.6563
4.2685,100.7563,0.0,43.656
4.2706,100.7846,0.0,43.6557
4.2726,100.813,0.0,43.6554
4.2747,100.8413,0.0,43.655
4.2767,100.8696,0.0,43.6546
4.2788,100.898,0.0,43.6542
4.2808,100.9263,0.0,43.6538
4.2829,100.9546,0.0,43.6533
4.2849,100.9829,0.0,43.6528
4.287,101.0113,0.0,43.6523
4.289,101.0396,0.0,43.6518
4.2911,101.0679,0.0,43.6512
4.2931,101.0962,0.0,43.6507
4.2952,101.1245,0.0,43.65
4.2972,101.1528,0.0,43.6494
4.2993,101.1811,0.0,43.6488
4.3013,101.2093,0.0,43.6481
4.3034,101.2376,0.0,43.6474
4.3054,101.2659,0.0,43.6466
4.3075,101.2942,0.0,43.6459
4.3095,101.3225,0.0,43.6451
4.3116,101.3507,0.0,43.6443
4.3136,101.379,0.0,43.6435
4.3157,101.4073,0.0,43.6426
4.3177,101.4355,0.0,43.6417
4.3198,101.4638,0.0,43.6408
4.3218,101.492,0.0,43.6399
4.3239,101.5203,0.0,43.6389
4.3259,101.5485,0.0,43.6379
4.328,101.5767,0.0,43.6369
4.33,101.605,0.0,43.6359
4.3321,101.6332,0.0,43.6349
4.3341,101.6614,0.0,43.6338
4.3362,101.6897,0.0,43.6327
4.3382,101.7179,0.0,43.6315
4.3403,101.7461,0.0,43.6304
4.3423,101.7743,0.0,43.6292
4.3444,101.8025,0.0,43.628
4.3464,101.8307,0.0,43.6268
4.3485,101.8589,0.0,43.6255
4.3505,101.8871,0.0,43.6243
4.3526,101.9153,0.0,43.6229
4.3546,101.9435,0.0,43.6216
4.3567,101.9717,0.0,43.6203
4.3587,101.9999,0.0,43.6189
4.3608,102.0281,0.0,43.6175
4.3628,102.0563,0.0,43.6161
4.3649,102.0844,0.0,43.6146
4.3669,102.1126,0.0,43.6131
4.369,102.1408,0.0,43.6116
4.371,102.169,0.0,43.6101
4.3731,102.1971,0.0,43.6086
4.3751,102.2253,0.0,43.607
4.3772,102.2534,0.0,43.6054
4.3792,102.2816,0.0,43.6038
4.3813,102.3097,0.0,43.6021
4.3833,102.3379,0.0,43.6004
4.3854,102.366,0.0,43.5987
4.3874,102.3942,0.0,43.597
4.3895,102.4223,0.0,43.5953
4.3915,102.4504,0.0,43.5935
4.3936,102.4786,0.0,43.5917
4.3956,102.5067,0.0,43.5899
4.3977,102.5348,0.0,43.588
4.3997,102.563,0.0,43.5861
4.4018,102.5911,0.0,43.5842
4.4038,102.6192,0.0,43.5823
4.4059,102.6473,0.0,43.5804
4.4079,102.6754,0.0,43.5784
4.41,102.7035,0.0,43.5764
4.412,102.7316,0.0,43.5744
4.4141,102.7597,0.0,43.5723
4.4161,102.7878,0.0,43.5703
4.4182,102.8159,0.0,43.5682
4.4202,102.844,0.0,43.566
4.4223,102.8721,0.0,43.5639
4.4243,102.9002,0.0,43.5617
4.4264,102.9283,0.0,43.5595
4.4284,102.9563,0.0,43.5573
4.4305,102.9844,0.0,43.5551
4.4325,103.0125,0.0,43.5528
4.4346,103.0406,0.0,43.5505
4.4366,103.0686,0.0,43.5482
4.4387,103.0967,0.0,43.5458
4.4407,103.1248,0.0,43.5435
4.4428,103.1528,0.0,43.5411
4.4448,103.1809,0.0,43.5387
4.4469,103.2089,0.0,43.5362
4.4489,103.237,0.0,43.5337
4.451,103.265,0.0,43.5313
4.453,103.2931,0.0,43.5287
4.4551,103.3211,0.0,43.5262
4.4571,103.3492,0.0,43.5236
4.4592,103.3772,0.0,43.521
4.4612,103.4052,0.0,43.5184
4.4633,103.4333,0.0,43.5158
4.4653,103.4613,0.0,43.5131
4.4674,103.4893,0.0,43.5104
4.4694,103.5174,0.0,43.5077
4.4715,103.5454,0.0,43.505
4.4735,103.5734,0.0,43.5022
4.4756,103.6014,0.0,43.4994
4.4776,103.6294,0.0,43.4966
4.4797,103.6575,0.0,43.4937
4.4817,103.6855,0.0,43.4909
4.4838,103.7135,0.0,43.488
4.4858,103.7415,0.0,43.4851
4.4879,103.7695,0.0,43.4821
4.4899,103.7975,0.0,43.4792
4.492,103.8255,0.0,43.4762
4.494,103.8535,0.0,43.4732
4.4961,103.8815,0.0,43.4701
4.4981,103.9095,0.0,43.4671
4.5002,103.9375,0.0,43.464
4.5022,103.9654,0.0,43.4609
4.5043,103.9934,0.0,43.4577
4.5063,104.0214,0.0,43.4546
4.5084,104.0494,0.0,43.4514
4.5104,104.0774,0.0,43.4482
4.5125,104.1053,0.0,43.4449
4.5145,104.1333,0.0,43.4417
4.5166,104.1613,0.0,43.4384
4.5186,104.1892,0.0,43.4351
4.5207,104.2172,0.0,43.4317
4.5227,104.2452,0.0,43.4284
4.5248,104.2731,0.0,43.425
4.5268,104.3011,0.0,43.4216
4.5289,104.329,0.0,43.4181
4.5309,104.357,0.0,43.4147
4.533,104.385,0.0,43.4112
4.535,104.4129,0.0,43.4077
4.5371,104.4409,0.0,43.4041
4.5391,104.4688,0.0,43.4006
4.5412,104.4967,0.0,43.397
4.5432,104.5247,0.0,43.3934
4.5453,104.5526,0.0,43.3897
4.5473,104.5806,0.0,43.3861
4.5494,104.6085,0.0,43.3824
4.5514,104.6364,0.0,43.3787
4.5535,104.6644,0.0,43.375
4.5555,104.6923,0.0,43.3712
4.5576,104.7202,0.0,43.3674
4.5596,104.7481,0.0,43.3636
4.5617,104.7761,0.0,43.3598
4.5637,104.804,0.0,43.3559
4.5658,104.8319,0.0,43.352
4.5678,104.8598,0.0,43.3481
4.5699,104.8877,0.0,43.3442
4.5719,104.9157,0.0,43.3402
4.574,104.9436,0.0,43.3363
4.576,104.9715,0.0,43.3323
4.5781,104.9994,0.0,43.3282
4.5801,105.0273,0.0,43.3242
4.5822,105.0552,0.0,43.3201
4.5842,105.0831,0.0,43.316
4.5863,105.111,0.0,43.3119
4.5883,105.1389,0.0,43.3077
4.5904,105.1668,0.0,43.3035
4.5924,105.1947,0.0,43.2993
4.5945,105.2226,0.0,43.2951
4.5965,105.2505,0.0,43.2908
4.5986,105.2784,0.0,43.2866
4.6006,105.3063,0.0,43.2823
4.6027,105.3342,0.0,43.2779
4.6047,105.362,0.0,43.2736
4.6068,105.3899,0.0,43.2692
4.6088,105.4178,0.0,43.2648
4.6109,105.4457,0.0,43.2604
4.6129,105.4736,0.0,43.2559
4.615,105.5014,0.0,43.2514
4.617,105.5293,0.0,43.2469
4.6191,105.5572,0.0,43.2424
4.6211,105.5851,0.0,43.2379
4.6232,105.6129,0.0,43.2333
4.6252,105.6408,0.0,43.2287
4.6273,105.6687,0.0,43.2241
4.6293,105.6965,0.0,43.2194
4.6314,105.7244,0.0,43.2147
4.6334,105.7523,0.0,43.21
4.6355,105.7801,0.0,43.2053
4.6375,105.808,0.0,43.2006
4.6396,105.8359,0.0,43.1958
4.6416,105.8637,0.0,43.191
4.6437,105.8916,0.0,43.1862
4.6457,105.9194,0.0,43.1813
4.6478,105.9473,0.0,43.1765
4.6498,105.9751,0.0,43.1716
4.6519,106.003,0.0,43.1666
4.6539,106.0308,0.0,43.1617
4.656,106.0587,0.0,43.1567
4.658,106.0865,0.0,43.1517
4.6601,106.1144,0.0,43.1467
4.6621,106.1422,0.0,43.1417
4.6642,106.1701,0.0,43.1366
4.6662,106.1979,0.0,43.1315
4.6683,106.2258,0.0,43.1264
4.6703,106.2536,0.0,43.1212
4.6724,106.2814,0.0,43.1161
4.6744,106.3093,0.0,43.1109
4.6765,106.3371,0.0,43.1056
4.6785,106.3649,0.0,43.1004
4.6806,106.3928,0.0,43.0951
4.6826,106.4206,0.0,43.0898
4.6847,106.4484,0.0,43.0845
4.6867,106.4763,0.0,43.0792
4.6888,106.5041,0.0,43.0738
4.6908,106.5319,0.0,43.0684
4.6929,106.5598,0.0,43.063
4.6949,106.5876,0.0,43.0576
4.697,106.6154,0.0,43.0521
4.699,106.6432,0.0,43.0466
4.7011,106.671,0.0,43.0411
4.7031,106.6989,0.0,43.0356
4.7052,106.7267,0.0,43.03
4.7072,106.7545,0.0,43.0244
4.7093,106.7823,0.0,43.0188
4.7113,106.8101,0.0,43.0131
4.7134,106.838,0.0,43.0075
4.7154,106.8658,0.0,43.0018
4.7175,106.8936,0.0,42.9961
4.7195,106.9214,0.0,42.9903
4.7216,106.9492,0.0,42.9846
4.7236,106.977,0.0,42.9788
4.7257,107.0048,0.0,42.973
4.7277,107.0327,0.0,42.9672
4.7298,107.0605,0.0,42.9613
4.7318,107.0883,0.0,42.9554
4.7339,107.1161,0.0,42.9495
4.7359,107.1439,0.0,42.9436
4.738,107.1717,0.0,42.9376
4.74,107.1995,0.0,42.9316
4.7421,107.2273,0.0,42.9256
4.7441,107.2551,0.0,42.9196
4.7462,107.2829,0.0,42.9135
4.7482,107.3107,0.0,42.9074
4.7503,107.3385,0.0,42.9013
4.7523,107.3663,0.0,42.8952
4.7544,107.3941,0.0,42.889
4.7564,107.4219,0.0,42.8829
4.7585,107.4497,0.0,42.8766
4.7605,107.4775,0.0,42.8704
4.7626,107.5053,0.0,42.8642
4.7646,107.5331,0.0,42.8579
4.7667,107.5609,0.0,42.8516
4.7687,107.5887,0.0,42.8452
4.7708,107.6165,0.0,42.8389
4.7728,107.6443,0.0,42.8325
4.7749,107.6721,0.0,42.8261
4.7769,107.6999,0.0,42.8197
4.779,107.7277,0.0,42.8132
4.781,107.7555,0.0,42.8068
4.7831,107.7833,0.0,42.8002
4.7851,107.8111,0.0,42.7937
4.7872,107.8388,0.0,42.7872
4.7892,107.8666,0.0,42.7806
4.7913,107.8944,0.0,42.774
4.7933,107.9222,0.0,42.7674
4.7954,107.95,0.0,42.7607
4.7974,107.9778,0.0,42.754
4.7995,108.0056,0.0,42.7473
4.8015,108.0334,0.0,42.7406
4.8036,108.0612,0.0,42.7339
4.8056,108.0889,0.0,42.7271
4.8077,108.1167,0.0,42.7203
4.8097,108.1445,0.0,42.7135
4.8118,108.1723,0.0,42.7066
4.8138,108.2001,0.0,42.6998
4.8159,108.2279,0.0,42.6929
4.8179,108.2557,0.0,42.6859
4.82,108.2834,0.0,42.679
4.822,108.3112,0.0,42.672
4.8241,108.339,0.0,42.665
4.8261,108.3668,0.0,42.658
4.8282,108.3946,0.0,42.651
4.8302,108.4224,0.0,42.6439
4.8323,108.4502,0.0,42.6368
4.8343,108.4779,0.0,42.6297
4.8364,108.5057,0.0,42.6226
4.8384,108.5335,0.0,42.6154
4.8405,108.5613,0.0,42.6082
4.8425,108.5891,0.0,42.601
4.8446,108.6168,0.0,42.5937
4.8466,108.6446,0.0,42.5865
4.8487,108.6724,0.0,42.5792
4.8507,108.7002,0.0,42.5719
4.8528,108.728,0.0,42.5645
4.8548,108.7558,0.0,42.5572
4.8569,108.7835,0.0,42.5498
4.8589,108.8113,0.0,42.5424
4.861,108.8391,0.0,42.5349
4.863,108.8669,0.0,42.5275
4.8651,108.8947,0.0,42.52
4.8671,108.9225,0.0,42.5125
4.8692,108.9502,0.0,42.5049
4.8712,108.978,0.0,42.4974
4.8733,109.0058,0.0,42.4898
4.8753,109.0336,0.0,42.4822
4.8774,109.0614,0.0,42.4745
4.8794,109.0891,0.0,42.4669
4.8815,109.1169,0.0,42.4592
4.8835,109.1447,0.0,42.4515
4.8856,109.1725,0.0,42.4438
4.8876,109.2003,0.0,42.436
4.8897,109.2281,0.0,42.4282
4.8917,109.2558,0.0,42.4204
4.8938,109.2836,0.0,42.4126
4.8958,109.3114,0.0,42.4047
4.8979,109.3392,0.0,42.3969
4.8999,109.367,0.0,42.389
4.902,109.3948,0.0,42.381
4.904,109.4225,0.0,42.3731
4.9061,109.4503,0.0,42.3651
4.9081,109.4781,0.0,42.3571
4.9102,109.5059,0.0,42.3491
4.9122,109.5337,0.0,42.341
4.9143,109.5615,0.0,42.3329
4.9163,109.5892,0.0,42.3248
4.9184,109.617,0.0,42.3167
4.9204,109.6448,0.0,42.3086
4.9225,109.6726,0.0,42.3004
4.9245,109.7004,0.0,42.2922
4.9266,109.7282,0.0,42.284
4.9286,109.756,0.0,42.2757
4.9307,109.7838,0.0,42.2675
4.9327,109.8115,0.0,42.2592
4.9348,109.8393,0.0,42.2508
4.9368,109.8671,0.0,42.2425
4.9389,109.8949,0.0,42.2341
4.9409,109.9227,0.0,42.2257
4.943,109.9505,0.0,42.2173
4.945,109.9783,0.0,42.2089
4.9471,110.0061,0.0,42.2004
4.9491,110.0339,0.0,42.1919
4.9512,110.0617,0.0,42.1834
4.9532,110.0895,0.0,42.1749
4.9553,110.1172,0.0,42.1663
4.9573,110.145,0.0,42.1577
4.9594,110.1728,0.0,42.1491
4.9614,110.2006,0.0,42.1405
4.9635,110.2284,0.0,42.1318
4.9655,110.2562,0.0,42.1231
4.9676,110.284,0.0,42.1144
4.9696,110.3118,0.0,42.1057
4.9717,110.3396,0.0,42.0969
4.9737,110.3674,0.0,42.0881
4.9758,110.3952,0.0,42.0793
4.9778,110.423,0.0,42.0705
4.9799,110.4508,0.0,42.0616
4.9819,110.4786,0.0,42.0527
4.984,110.5064,0.0,42.0438
4.986,110.5342,0.0,42.0349
4.9881,110.562,0.0,42.0259
4.9901,110.5898,0.0,42.017
4.9922,110.6176,0.0,42.008
4.9942,110.6454,0.0,41.9989
4.9963,110.6732,0.0,41.9899
4.9983,110.701,0.0,41.9808
5.0004,110.7289,0.0,41.9717
5.0024,110.7567,0.0,41.9626
5.0045,110.7845,0.0,41.9534
5.0065,110.8123,0.0,41.9442
5.0086,110.8401,0.0,41.935
5.0106,110.8679,0.0,41.9258
5.0127,110.8957,0.0,41.9166
5.0147,110.9235,0.0,41.9073
5.0168,110.9513,0.0,41.898
5.0188,110.9792,0.0,41.8887
5.0209,111.007,0.0,41.8793
5.0229,111.0348,0.0,41.87
5.025,111.0626,0.0,41.8606
5.027,111.0904,0.0,41.8512
5.0291,111.1183,0.0,41.8417
5.0311,111.1461,0.0,41.8322
5.0332,111.1739,0.0,41.8228
5.0352,111.2017,0.0,41.8132
5.0373,111.2295,0.0,41.8037
5.0393,111.2574,0.0,41.7941
5.0414,111.2852,0.0,41.7845
5.0434,111.313,0.0,41.7749
5.0455,111.3408,0.0,41.7653
5.0475,111.3687,0.0,41.7556
5.0496,111.3965,0.0,41.7459
5.0516,111.4243,0.0,41.7362
5.0537,111.4522,0.0,41.7265
5.0557,111.48,0.0,41.7167
5.0578,111.5078,0.0,41.707
5.0598,111.5357,0.0,41.6971
5.0619,111.5635,0.0,41.6873
5.0639,111.5913,0.0,41.6775
5.066,111.6192,0.0,41.6676
5.068,111.647,0.0,41.6577
5.0701,111.6749,0.0,41.6477
5.0721,111.7027,0.0,41.6378
5.0742,111.7305,0.0,41.6278
5.0762,111.7584,0.0,41.6178
5.0783,111.7862,0.0,41.6078
5.0803,111.8141,0.0,41.5977
5.0824,111.8419,0.0,41.5876
5.0844,111.8698,0.0,41.5775
5.0865,111.8976,0.0,41.5674
5.0885,111.9255,0.0,41.5573
5.0906,111.9533,0.0,41.5471
5.0926,111.9812,0.0,41.5369
5.0947,112.0091,0.0,41.5267
5.0967,112.0369,0.0,41.5164
5.0988,112.0648,0.0,41.5062
5.1008,112.0926,0.0,41.4959
5.1029,112.1205,0.0,41.4856
5.1049,112.1484,0.0,41.4752
5.107,112.1762,0.0,41.4649
5.109,112.2041,0.0,41.4545
5.1111,112.2319,0.0,41.444
5.1131,112.2598,0.0,41.4336
5.1152,112.2877,0.0,41.4231
5.1172,112.3156,0.0,41.4127
5.1193,112.3434,0.0,41.4021
5.1213,112.3713,0.0,41.3916
5.1234,112.3992,0.0,41.381
5.1254,112.4271,0.0,41.3705
5.1275,112.4549,0.0,41.3599
5.1295,112.4828,0.0,41.3492
5.1316,112.5107,0.0,41.3386
5.1336,112.5386,0.0,41.3279
5.1357,112.5665,0.0,41.3172
5.1377,112.5943,0.0,41.3064
5.1398,112.6222,0.0,41.2957
5.1418,112.6501,0.0,41.2849
5.1439,112.678,0.0,41.2741
5.1459,112.7059,0.0,41.2633
5.148,112.7338,0.0,41.2524
5.15,112.7617,0.0,41.2416
5.1521,112.7896,0.0,41.2307
5.1541,112.8175,0.0,41.2197
5.1562,112.8454,0.0,41.2088
5.1582,112.8733,0.0,41.1978
5.1603,112.9012,0.0,41.1868
5.1623,112.9291,0.0,41.1758
5.1644,112.957,0.0,41.1648
5.1664,112.9849,0.0,41.1537
5.1685,113.0128,0.0,41.1426
5.1705,113.0407,0.0,41.1315
5.1726,113.0687,0.0,41.1203
5.1746,113.0966,0.0,41.1092
5.1767,113.1245,0.0,41.098
5.1787,113.1524,0.0,41.0868
5.1808,113.1803,0.0,41.0755
5.1828,113.2082,0.0,41.0643
5.1849,113.2362,0.0,41.053
5.1869,113.2641,0.0,41.0417
5.189,113.292,0.0,41.0304
5.191,113.32,0.0,41.019
5.1931,113.3479,0.0,41.0076
5.1951,113.3758,0.0,40.9962
5.1972,113.4038,0.0,40.9848
5.1992,113.4317,0.0,40.9733
5.2013,113.4596,0.0,40.9619
5.2033,113.4876,0.0,40.9504
5.2054,113.5155,0.0,40.9388
5.2074,113.5435,0.0,40.9273
5.2095,113.5714,0.0,40.9157
5.2115,113.5994,0.0,40.9041
5.2136,113.6273,0.0,40.8925
5.2156,113.6553,0.0,40.8808
5.2177,113.6832,0.0,40.8692
5.2197,113.7112,0.0,40.8575
5.2218,113.7391,0.0,40.8458
5.2238,113.7671,0.0,40.834
5.2259,113.795,0.0,40.8222
5.2279,113.823,0.0,40.8105
5.23,113.851,0.0,40.7986
5.232,113.8789,0.0,40.7868
5.2341,113.9069,0.0,40.7749
5.2361,113.9349,0.0,40.7631
5.2382,113.9629,0.0,40.7511
5.2402,113.9908,0.0,40.7392
5.2423,114.0188,0.0,40.7273
5.2443,114.0468,0.0,40.7153
5.2464,114.0748,0.0,40.7033
5.2484,114.1028,0.0,40.6912
5.2505,114.1308,0.0,40.6792
5.2525,114.1587,0.0,40.6671
5.2546,114.1867,0.0,40.655
5.2566,114.2147,0.0,40.6429
5.2587,114.2427,0.0,40.6307
5.2607,114.2707,0.0,40.6186
5.2628,114.2987,0.0,40.6064
5.2648,114.3267,0.0,40.5941
5.2669,114.3547,0.0,40.5819
5.2689,114.3827,0.0,40.5696
5.271,114.4107,0.0,40.5573
5.273,114.4388,0.0,40.545
5.2751,114.4668,0.0,40.5327
5.2771,114.4948,0.0,40.5203
5.2792,114.5228,0.0,40.5079
5.2812,114.5508,0.0,40.4955
5.2833,114.5788,0.0,40.4831
5.2853,114.6069,0.0,40.4706
5.2874,114.6349,0.0,40.4581
5.2894,114.6629,0.0,40.4456
5.2915,114.691,0.0,40.4331
5.2935,114.719,0.0,40.4205
5.2956,114.747,0.0,40.4079
5.2976,114.7751,0.0,40.3953
5.2997,114.8031,0.0,40.3827
5.3017,114.8311,0.0,40.3701
5.3038,114.8592,0.0,40.3574
5.3058,114.8872,0.0,40.3447
5.3079,114.9153,0.0,40.332
5.3099,114.9433,0.0,40.3192
5.312,114.9714,0.0,40.3064
5.314,114.9995,0.0,40.2936
5.3161,115.0275,0.0,40.2808
5.3181,115.0556,0.0,40.268
5.3202,115.0836,0.0,40.2551
5.3222,115.1117,0.0,40.2422
5.3243,115.1398,0.0,40.2293
5.3263,115.1679,0.0,40.2164
5.3284,115.1959,0.0,40.2034
5.3304,115.224,0.0,40.1904
5.3325,115.2521,0.0,40.1774
5.3345,115.2802,0.0,40.1644
5.3366,115.3083,0.0,40.1513
5.3386,115.3363,0.0,40.1382
5.3407,115.3644,0.0,40.1251
5.3427,115.3925,0.0,40.112
5.3448,115.4206,0.0,40.0988
5.3468,115.4487,0.0,40.0857
5.3489,115.4768,0.0,40.0725
5.3509,115.5049,0.0,40.0592
5.353,115.533,0.0,40.046
5.355,115.5611,0.0,40.0327
5.3571,115.5893,0.0,40.0194
5.3591,115.6174,0.0,40.0061
5.3612,115.6455,0.0,39.9928
5.3632,115.6736,0.0,39.9794
5.3653,115.7017,0.0,39.966
5.3673,115.7299,0.0,39.9526
5.3694,115.758,0.0,39.9392
5.3714,115.7861,0.0,39.9257
5.3735,115.8142,0.0,39.9122
5.3755,115.8424,0.0,39.8987
5.3776,115.8705,0.0,39.8852
5.3796,115.8987,0.0,39.8716
5.3817,115.9268,0.0,39.858
5.3837,115.9549,0.0,39.8444
5.3858,115.9831,0.0,39.8308
5.3878,116.0112,0.0,39.8172
5.3899,116.0394,0.0,39.8035
5.3919,116.0676,0.0,39.7898
5.394,116.0957,0.0,39.7761
5.396,116.1239,0.0,39.7623
5.3981,116.1521,0.0,39.7486
5.4001,116.1802,0.0,39.7348
5.4022,116.2084,0.0,39.7209
5.4042,116.2366,0.0,39.7071
5.4063,116.2647,0.0,39.6932
5.4083,116.2929,0.0,39.6794
5.4104,116.3211,0.0,39.6654
5.4124,116.3493,0.0,39.6515
5.4145,116.3775,0.0,39.6375
5.4165,116.4057,0.0,39.6236
5.4186,116.4339,0.0,39.6096
5.4206,116.4621,0.0,39.5955
5.4227,116.4903,0.0,39.5815
5.4247,116.5185,0.0,39.5674
5.4268,116.5467,0.0,39.5533
5.4288,116.5749,0.0,39.5392
5.4309,116.6031,0.0,39.525
5.4329,116.6313,0.0,39.5109
5.435,116.6595,0.0,39.4967
5.437,116.6878,0.0,39.4824
5.4391,116.716,0.0,39.4682
5.4411,116.7442,0.0,39.4539
5.4432,116.7725,0.0,39.4397
5.4452,116.8007,0.0,39.4253
5.4473,116.8289,0.0,39.411
5.4493,116.8572,0.0,39.3966
5.4514,116.8854,0.0,39.3823
5.4534,116.9137,0.0,39.3679
5.4555,116.9419,0.0,39.3534
5.4575,116.9702,0.0,39.339
5.4596,116.9984,0.0,39.3245
5.4616,117.0267,0.0,39.31
5.4637,117.0549,0.0,39.2955
5.4657,117.0832,0.0,39.2809
5.4678,117.1115,0.0,39.2664
5.4698,117.1397,0.0,39.2518
5.4719,117.168,0.0,39.2371
5.4739,117.1963,0.0,39.2225
5.476,117.2246,0.0,39.2078
5.478,117.2529,0.0,39.1931
5.4801,117.2811,0.0,39.1784
5.4821,117.3094,0.0,39.1637
5.4842,117.3377,0.0,39.1489
5.4862,117.366,0.0,39.1342
5.4883,117.3943,0.0,39.1194
5.4903,117.4226,0.0,39.1045
5.4924,117.4509,0.0,39.0897
5.4944,117.4793,0.0,39.0748
5.4965,117.5076,0.0,39.0599
5.4985,117.5359,0.0,39.045
5.5006,117.5642,0.0,39.03
5.5026,117.5925,0.0,39.0151
5.5047,117.6209,0.0,39.0001
5.5067,117.6492,0.0,38.985
5.5088,117.6775,0.0,38.97
5.5108,117.7059,0.0,38.9549
5.5129,117.7342,0.0,38.9399
5.5149,117.7625,0.0,38.9247
5.517,117.7909,0.0,38.9096
5.519,117.8192,0.0,38.8945
5.5211,117.8476,0.0,38.8793
5.5231,117.876,0.0,38.8641
5.5252,117.9043,0.0,38.8488
5.5272,117.9327,0.0,38.8336
5.5293,117.961,0.0,38.8183
5.5313,117.9894,0.0,38.803
5.5334,118.0178,0.0,38.7877
5.5354,118.0462,0.0,38.7724
5.5375,118.0746,0.0,38.757
5.5395,118.1029,0.0,38.7416
5.5416,118.1313,0.0,38.7262
5.5436,118.1597,0.0,38.7108
5.5457,118.1881,0.0,38.6953
5.5477,118.2165,0.0,38.6798
5.5498,118.2449,0.0,38.6643
5.5518,118.2733,0.0,38.6488
5.5539,118.3017,0.0,38.6332
5.5559,118.3302,0.0,38.6176
5.558,118.3586,0.0,38.602
5.56,118.387,0.0,38.5864
5.5621,118.4154,0.0,38.5708
5.5641,118.4438,0.0,38.5551
5.5662,118.4723,0.0,38.5394
5.5682,118.5007,0.0,38.5237
5.5703,118.5291,0.0,38.508
5.5723,118.5576,0.0,38.4922
5.5744,118.586,0.0,38.4764
5.5764,118.6145,0.0,38.4606
5.5785,118.6429,0.0,38.4448
5.5805,118.6714,0.0,38.4289
5.5826,118.6999,0.0,38.413
5.5846,118.7283,0.0,38.3971
5.5867,118.7568,0.0,38.3812
5.5887,118.7853,0.0,38.3653
5.5908,118.8137,0.0,38.3493
5.5928,118.8422,0.0,38.3333
5.5949,118.8707,0.0,38.3173
5.5969,118.8992,0.0,38.3012
5.599,118.9277,0.0,38.2852
5.601,118.9562,0.0,38.2691
5.6031,118.9847,0.0,38.253
5.6051,119.0132,0.0,38.2368
5.6072,119.0417,0.0,38.2207
5.6092,119.0702,0.0,38.2045
5.6113,119.0987,0.0,38.1883
5.6133,119.1272,0.0,38.1721
5.6154,119.1557,0.0,38.1558
5.6174,119.1843,0.0,38.1395
5.6195,119.2128,0.0,38.1233
5.6215,119.2413,0.0,38.1069
5.6236,119.2699,0.0,38.0906
5.6256,119.2984,0.0,38.0742
5.6277,119.3269,0.0,38.0578
5.6297,119.3555,0.0,38.0414
5.6318,119.384,0.0,38.025
5.6338,119.4126,0.0,38.0085
5.6359,119.4412,0.0,37.9921
5.6379,119.4697,0.0,37.9756
5.64,119.4983,0.0,37.959
5.642,119.5269,0.0,37.9425
5.6441,119.5554,0.0,37.9259
5.6461,119.584,0.0,37.9093
5.6482,119.6126,0.0,37.8927
5.6502,119.6412,0.0,37.8761
5.6523,119.6698,0.0,37.8594
5.6543,119.6984,0.0,37.8427
5.6564,119.727,0.0,37.826
5.6584,119.7556,0.0,37.8093
5.6605,119.7842,0.0,37.7925
5.6625,119.8128,0.0,37.7757
5.6646,119.8414,0.0,37.7589
5.6666,119.87,0.0,37.7421
5.6687,119.8986,0.0,37.7252
5.6707,119.9273,0.0,37.7084
5.6728,119.9559,0.0,37.6915
5.6748,119.9845,0.0,37.6746
5.6769,120.0132,0.0,37.6576
5.6789,120.0418,0.0,37.6407
5.681,120.0705,0.0,37.6237
5.683,120.0991,0.0,37.6067
5.6851,120.1278,0.0,37.5896
5.6871,120.1564,0.0,37.5726
5.6892,120.1851,0.0,37.5555
5.6912,120.2138,0.0,37.5384
5.6933,120.2424,0.0,37.5213
5.6953,120.2711,0.0,37.5041
5.6974,120.2998,0.0,37.487
5.6994,120.3285,0.0,37.4698
5.7015,120.3572,0.0,37.4526
5.7035,120.3858,0.0,37.4353
5.7056,120.4145,0.0,37.4181
5.7076,120.4432,0.0,37.4008
5.7097,120.4719,0.0,37.3835
5.7117,120.5007,0.0,37.3661
5.7138,120.5294,0.0,37.3488
5.7158,120.5581,0.0,37.3314
5.7179,120.5868,0.0,37.314
5.7199,120.6155,0.0,37.2966
5.722,120.6443,0.0,37.2791
5.724,120.673,0.0,37.2617
5.7261,120.7017,0.0,37.2442
5.7281,120.7305,0.0,37.2267
5.7302,120.7592,0.0,37.2091
5.7322,120.788,0.0,37.1916
5.7343,120.8167,0.0,37.174
5.7363,120.8455,0.0,37.1564
5.7384,120.8743,0.0,37.1388
5.7404,120.903,0.0,37.1211
5.7425,120.9318,0.0,37.1035
5.7445,120.9606,0.0,37.0858
5.7466,120.9894,0.0,37.068
5.7486,121.0182,0.0,37.0503
5.7507,121.0469,0.0,37.0325
5.7527,121.0757,0.0,37.0148
5.7548,121.1045,0.0,36.997
5.7568,121.1333,0.0,36.9791
5.7589,121.1622,0.0,36.9613
5.7609,121.191,0.0,36.9434
5.763,121.2198,0.0,36.9255
5.765,121.2486,0.0,36.9076
5.7671,121.2774,0.0,36.8896
5.7691,121.3063,0.0,36.8717
5.7712,121.3351,0.0,36.8537
5.7732,121.3639,0.0,36.8357
5.7753,121.3928,0.0,36.8176
5.7773,121.4216,0.0,36.7996
5.7794,121.4505,0.0,36.7815
5.7814,121.4793,0.0,36.7634
5.7835,121.5082,0.0,36.7453
5.7855,121.5371,0.0,36.7271
5.7876,121.5659,0.0,36.709
5.7896,121.5948,0.0,36.6908
5.7917,121.6237,0.0,36.6725
5.7937,121.6526,0.0,36.6543
5.7958,121.6815,0.0,36.636
5.7978,121.7104,0.0,36.6178
5.7999,121.7392,0.0,36.5995
5.8019,121.7682,0.0,36.5811
5.804,121.7971,0.0,36.5628
5.806,121.826,0.0,36.5444
5.8081,121.8549,0.0,36.526
5.8101,121.8838,0.0,36.5076
5.8122,121.9127,0.0,36.4891
5.8142,121.9417,0.0,36.4707
5.8163,121.9706,0.0,36.4522
5.8183,121.9995,0.0,36.4337
5.8204,122.0285,0.0,36.4152
5.8224,122.0574,0.0,36.3966
5.8245,122.0864,0.0,36.378
5.8265,122.1153,0.0,36.3594
5.8286,122.1443,0.0,36.3408
5.8306,122.1733,0.0,36.3222
5.8327,122.2022,0.0,36.3035
5.8347,122.2312,0.0,36.2848
5.8368,122.2602,0.0,36.2661
5.8388,122.2892,0.0,36.2474
5.8409,122.3182,0.0,36.2286
5.8429,122.3472,0.0,36.2098
5.845,122.3762,0.0,36.191
5.847,122.4052,0.0,36.1722
5.8491,122.4342,0.0,36.1534
5.8511,122.4632,0.0,36.1345
5.8532,122.4922,0.0,36.1156
5.8552,122.5212,0.0,36.0967
5.8573,122.5503,0.0,36.0778
5.8593,122.5793,0.0,36.0588
5.8614,122.6083,0.0,36.0398
5.8634,122.6374,0.0,36.0208
5.8655,122.6664,0.0,36.0018
5.8675,122.6955,0.0,35.9827
5.8696,122.7245,0.0,35.9637
5.8716,122.7536,0.0,35.9446
5.8737,122.7827,0.0,35.9255
5.8757,122.8117,0.0,35.9063
5.8778,122.8408,0.0,35.8872
5.8798,122.8699,0.0,35.868
5.8819,122.899,0.0,35.8488
5.8839,122.9281,0.0,35.8296
5.886,122.9572,0.0,35.8103
5.888,122.9863,0.0,35.791
5.8901,123.0154,0.0,35.7717
5.8921,123.0445,0.0,35.7524
5.8942,123.0736,0.0,35.7331
5.8962,123.1027,0.0,35.7137
5.8983,123.1318,0.0,35.6944
5.9003,123.161,0.0,35.6749
5.9024,123.1901,0.0,35.6555
5.9044,123.2192,0.0,35.6361
5.9065,123.2484,0.0,35.6166
5.9085,123.2775,0.0,35.5971
5.9106,123.3067,0.0,35.5776
5.9126,123.3359,0.0,35.5581
5.9147,123.365,0.0,35.5385
5.9167,123.3942,0.0,35.5189
5.9188,123.4234,0.0,35.4993
5.9208,123.4525,0.0,35.4797
5.9229,123.4817,0.0,35.46
5.9249,123.5109,0.0,35.4404
5.927,123.5401,0.0,35.4207
5.929,123.5693,0.0,35.401
5.9311,123.5985,0.0,35.3812
5.9331,123.6277,0.0,35.3615
5.9352,123.6569,0.0,35.3417
5.9372,123.6862,0.0,35.3219
5.9393,123.7154,0.0,35.3021
5.9413,123.7446,0.0,35.2822
5.9434,123.7738,0.0,35.2623
5.9454,123.8031,0.0,35.2424
5.9475,123.8323,0.0,35.2225
5.9495,123.8616,0.0,35.2026
5.9516,123.8908,0.0,35.1826
5.9536,123.9201,0.0,35.1627
5.9557,123.9494,0.0,35.1426
5.9577,123.9786,0.0,35.1226
5.9598,124.0079,0.0,35.1026
5.9618,124.0372,0.0,35.0825
5.9639,124.0665,0.0,35.0624
5.9659,124.0958,0.0,35.0423
5.968,124.1251,0.0,35.0222
5.97,124.1544,0.0,35.002
5.9721,124.1837,0.0,34.9818
5.9741,124.213,0.0,34.9616
5.9762,124.2423,0.0,34.9414
5.9782,124.2716,0.0,34.9212
5.9803,124.3009,0.0,34.9009
5.9823,124.3303,0.0,34.8806
5.9844,124.3596,0.0,34.8603
5.9864,124.389,0.0,34.84
5.9885,124.4183,0.0,34.8196
5.9905,124.4477,0.0,34.7992
5.9926,124.477,0.0,34.7788
5.9946,124.5064,0.0,34.7584
5.9967,124.5357,0.0,34.738
5.9987,124.5651,0.0,34.7175
6.0008,124.5945,0.0,34.697
6.0028,124.6239,0.0,34.6765
6.0049,124.6533,0.0,34.656
6.0069,124.6827,0.0,34.6354
6.009,124.7121,0.0,34.6149
6.011,124.7415,0.0,34.5943
6.0131,124.7709,0.0,34.5736
6.0151,124.8003,0.0,34.553
6.0172,124.8297,0.0,34.5323
6.0192,124.8592,0.0,34.5117
6.0213,124.8886,0.0,34.491
6.0233,124.918,0.0,34.4702
6.0254,124.9475,0.0,34.4495
6.0274,124.9769,0.0,34.4287
6.0295,125.0064,0.0,34.4079
6.0315,125.0358,0.0,34.3871
6.0336,125.0653,0.0,34.3663
6.0356,125.0948,0.0,34.3454
6.0377,125.1242,0.0,34.3245
6.0397,125.1537,0.0,34.3036
6.0418,125.1832,0.0,34.2827
6.0438,125.2127,0.0,34.2618
6.0459,125.2422,0.0,34.2408
6.0479,125.2717,0.0,34.2198
6.05,125.3012,0.0,34.1988
6.052,125.3307,0.0,34.1778
6.0541,125.3602,0.0,34.1567
6.0561,125.3898,0.0,34.1356
6.0582,125.4193,0.0,34.1145
6.0602,125.4488,0.0,34.0934
6.0623,125.4784,0.0,34.0723
6.0643,125.5079,0.0,34.0511
6.0664,125.5375,0.0,34.0299
6.0684,125.567,0.0,34.0087
6.0705,125.5966,0.0,33.9875
6.0725,125.6261,0.0,33.9662
6.0746,125.6557,0.0,33.945
6.0766,125.6853,0.0,33.9237
6.0787,125.7149,0.0,33.9024
6.0807,125.7445,0.0,33.881
6.0828,125.7741,0.0,33.8597
6.0848,125.8037,0.0,33.8383
6.0869,125.8333,0.0,33.8169
6.0889,125.8629,0.0,33.7955
6.091,125.8925,0.0,33.774
6.093,125.9221,0.0,33.7526
6.0951,125.9518,0.0,33.7311
6.0971,125.9814,0.0,33.7096
6.0992,126.011,0.0,33.688
6.1012,126.0407,0.0,33.6665
6.1033,126.0703,0.0,33.6449
6.1053,126.1,0.0,33.6233
6.1074,126.1296,0.0,33.6017
6.1094,126.1593,0.0,33.5801
6.1115,126.189,0.0,33.5584
6.1135,126.2187,0.0,33.5367
6.1156,126.2483,0.0,33.515
6.1176,126.278,0.0,33.4933
6.1197,126.3077,0.0,33.4715
6.1217,126.3374,0.0,33.4498
6.1238,126.3671,0.0,33.428
6.1258,126.3969,0.0,33.4062
6.1279,126.4266,0.0,33.3843
6.1299,126.4563,0.0,33.3625
6.132,126.486,0.0,33.3406
6.134,126.5158,0.0,33.3187
6.1361,126.5455,0.0,33.2968
6.1381,126.5753,0.0,33.2749
6.1402,126.605,0.0,33.2529
6.1422,126.6348,0.0,33.2309
6.1443,126.6645,0.0,33.2089
6.1463,126.6943,0.0,33.1869
6.1484,126.7241,0.0,33.1649
6.1504,126.7539,0.0,33.1428
6.1525,126.7836,0.0,33.1207
6.1545,126.8134,0.0,33.0986
6.1566,126.8432,0.0,33.0765
6.1586,126.873,0.0,33.0543
6.1607,126.9028,0.0,33.0321
6.1627,126.9327,0.0,33.0099
6.1648,126.9625,0.0,32.9877
6.1668,126.9923,0.0,32.9655
6.1689,127.0221,0.0,32.9432
6.1709,127.052,0.0,32.9209
6.173,127.0818,0.0,32.8986
6.175,127.1117,0.0,32.8763
6.1771,127.1415,0.0,32.854
6.1791,127.1714,0.0,32.8316
6.1812,127.2013,0.0,32.8092
6.1832,127.2311,0.0,32.7868
6.1853,127.261,0.0,32.7644
6.1873,127.2909,0.0,32.7419
6.1894,127.3208,0.0,32.7195
6.1914,127.3507,0.0,32.697
6.1935,127.3806,0.0,32.6744
6.1955,127.4105,0.0,32.6519
6.1976,127.4404,0.0,32.6293
6.1996,127.4703,0.0,32.6068
6.2017,127.5003,0.0,32.5842
6.2037,127.5302,0.0,32.5616
6.2058,127.5601,0.0,32.5389
6.2078,127.5901,0.0,32.5162
6.2099,127.62,0.0,32.4936
6.2119,127.65,0.0,32.4709
6.214,127.6799,0.0,32.4481
6.216,127.7099,0.0,32.4254
6.2181,127.7399,0.0,32.4026
6.2201,127.7699,0.0,32.3798
6.2222,127.7999,0.0,32.357
6.2242,127.8298,0.0,32.3342
6.2263,127.8598,0.0,32.3113
6.2283,127.8898,0.0,32.2885
6.2304,127.9199,0.0,32.2656
6.2324,127.9499,0.0,32.2426
6.2345,127.9799,0.0,32.2197
6.2365,128.0099,0.0,32.1967
6.2386,128.04,0.0,32.1738
6.2406,128.07,0.0,32.1508
6.2427,128.1,0.0,32.1277
6.2447,128.1301,0.0,32.1047
6.2468,128.1601,0.0,32.0816
6.2488,128.1902,0.0,32.0585
6.2509,128.2203,0.0,32.0354
6.2529,128.2504,0.0,32.0123
6.255,128.2804,0.0,31.9892
6.257,128.3105,0.0,31.966
6.2591,128.3406,0.0,31.9428
6.2611,128.3707,0.0,31.9196
6.2632,128.4008,0.0,31.8964
6.2652,128.4309,0.0,31.8731
6.2673,128.4611,0.0,31.8498
6.2693,128.4912,0.0,31.8265
6.2714,128.5213,0.0,31.8032
6.2734,128.5514,0.0,31.7799
6.2755,128.5816,0.0,31.7565
6.2775,128.6117,0.0,31.7332
6.2796,128.6419,0.0,31.7098
6.2816,128.672,0.0,31.6863
6.2837,128.7022,0.0,31.6629
6.2857,128.7324,0.0,31.6394
6.2878,128.7626,0.0,31.6159
6.2898,128.7928,0.0,31.5924
6.2919,128.8229,0.0,31.5689
6.2939,128.8531,0.0,31.5454
6.296,128.8833,0.0,31.5218
6.298,128.9136,0.0,31.4982
6.3001,128.9438,0.0,31.4746
6.3021,128.974,0.0,31.451
6.3042,129.0042,0.0,31.4273
6.3062,129.0345,0.0,31.4037
6.3083,129.0647,0.0,31.38
6.3103,129.0949,0.0,31.3563
6.3124,129.1252,0.0,31.3325
6.3144,129.1555,0.0,31.3088
6.3165,129.1857,0.0,31.285
6.3185,129.216,0.0,31.2612
6.3206,129.2463,0.0,31.2374
6.3226,129.2766,0.0,31.2136
6.3247,129.3068,0.0,31.1897
6.3267,129.3371,0.0,31.1658
6.3288,129.3674,0.0,31.1419
6.3308,129.3977,0.0,31.118
6.3329,129.4281,0.0,31.0941
6.3349,129.4584,0.0,31.0701
6.337,129.4887,0.0,31.0461
6.339,129.519,0.0,31.0221
6.3411,129.5494,0.0,30.9981
6.3431,129.5797,0.0,30.974
6.3452,129.6101,0.0,30.95
6.3472,129.6404,0.0,30.9259
6.3493,129.6708,0.0,30.9018
6.3513,129.7012,0.0,30.8777
6.3534,129.7316,0.0,30.8535
6.3554,129.7619,0.0,30.8294
6.3575,129.7923,0.0,30.8052
6.3595,129.8227,0.0,30.781
6.3616,129.8531,0.0,30.7567
6.3636,129.8835,0.0,30.7325
6.3657,129.914,0.0,30.7082
6.3677,129.9444,0.0,30.6839
6.3698,129.9748,0.0,30.6596
6.3718,130.0052,0.0,30.6353
6.3739,130.0357,0.0,30.6109
6.3759,130.0661,0.0,30.5865
6.378,130.0966,0.0,30.5622
6.38,130.127,0.0,30.5377
6.3821,130.1575,0.0,30.5133
6.3841,130.188,0.0,30.4888
6.3862,130.2185,0.0,30.4644
6.3882,130.2489,0.0,30.4399
6.3903,130.2794,0.0,30.4154
6.3923,130.3099,0.0,30.3908
6.3944,130.3404,0.0,30.3663
6.3964,130.371,0.0,30.3417
6.3985,130.4015,0.0,30.3171
6.4005,130.432,0.0,30.2925
6.4026,130.4625,0.0,30.2678
6.4046,130.4931,0.0,30.2432
6.4067,130.5236,0.0,30.2185
6.4087,130.5542,0.0,30.1938
6.4108,130.5847,0.0,30.1691
6.4128,130.6153,0.0,30.1443
6.4149,130.6458,0.0,30.1196
6.4169,130.6764,0.0,30.0948
6.419,130.707,0.0,30.07
6.421,130.7376,0.0,30.0452
6.4231,130.7682,0.0,30.0203
6.4251,130.7988,0.0,29.9955
6.4272,130.8294,0.0,29.9706
6.4292,130.86,0.0,29.9457
6.4313,130.8906,0.0,29.9207
6.4333,130.9213,0.0,29.8958
6.4354,130.9519,0.0,29.8708
6.4374,130.9825,0.0,29.8458
6.4395,131.0132,0.0,29.8208
6.4415,131.0438,0.0,29.7958
6.4436,131.0745,0.0,29.7708
6.4456,131.1052,0.0,29.7457
6.4477,131.1358,0.0,29.7206
6.4497,131.1665,0.0,29.6955
6.4518,131.1972,0.0,29.6704
6.4538,131.2279,0.0,29.6452
6.4559,131.2586,0.0,29.6201
6.4579,131.2893,0.0,29.5949
6.46,131.32,0.0,29.5697
6.462,131.3507,0.0,29.5444
6.4641,131.3814,0.0,29.5192
6.4661,131.4122,0.0,29.4939
6.4682,131.4429,0.0,29.4686
6.4702,131.4737,0.0,29.4433
6.4723,131.5044,0.0,29.418
6.4743,131.5352,0.0,29.3927
6.4764,131.5659,0.0,29.3673
6.4784,131.5967,0.0,29.3419
6.4805,131.6275,0.0,29.3165
6.4825,131.6583,0.0,29.2911
6.4846,131.6891,0.0,29.2656
6.4866,131.7199,0.0,29.2401
6.4887,131.7507,0.0,29.2147
6.4907,131.7815,0.0,29.1891
6.4928,131.8123,0.0,29.1636
6.4948,131.8431,0.0,29.1381
6.4969,131.8739,0.0,29.1125
6.4989,131.9048,0.0,29.0869
6.501,131.9356,0.0,29.0613
6.503,131.9665,0.0,29.0357
6.5051,131.9973,0.0,29.01
6.5071,132.0282,0.0,28.9843
6.5092,132.0591,0.0,28.9587
6.5112,132.0899,0.0,28.9329
6.5133,132.1208,0.0,28.9072
6.5153,132.1517,0.0,28.8815
6.5174,132.1826,0.0,28.8557
6.5194,132.2135,0.0,28.8299
6.5215,132.2444,0.0,28.8041
6.5235,132.2754,0.0,28.7783
6.5256,132.3063,0.0,28.7524
6.5276,132.3372,0.0,28.7265
6.5297,132.3681,0.0,28.7007
6.5317,132.3991,0.0,28.6747
6.5338,132.43,0.0,28.6488
6.5358,132.461,0.0,28.6229
6.5379,132.492,0.0,28.5969
6.5399,132.5229,0.0,28.5709
6.542,132.5539,0.0,28.5449
6.544,132.5849,0.0,28.5189
6.5461,132.6159,0.0,28.4928
6.5481,132.6469,0.0,28.4668
6.5502,132.6779,0.0,28.4407
6.5522,132.7089,0.0,28.4146
6.5543,132.7399,0.0,28.3884
6.5563,132.771,0.0,28.3623
6.5584,132.802,0.0,28.3361
6.5604,132.833,0.0,28.3099
6.5625,132.8641,0.0,28.2837
6.5645,132.8951,0.0,28.2575
6.5666,132.9262,0.0,28.2313
6.5686,132.9572,0.0,28.205
6.5707,132.9883,0.0,28.1787
6.5727,133.0194,0.0,28.1524
6.5748,133.0505,0.0,28.1261
6.5768,133.0816,0.0,28.0997
6.5789,133.1127,0.0,28.0734
6.5809,133.1438,0.0,28.047
6.583,133.1749,0.0,28.0206
6.585,133.206,0.0,27.9942
6.5871,133.2372,0.0,27.9677
6.5891,133.2683,0.0,27.9412
6.5912,133.2994,0.0,27.9148
6.5932,133.3306,0.0,27.8883
6.5953,133.3617,0.0,27.8617
6.5973,133.3929,0.0,27.8352
6.5994,133.4241,0.0,27.8086
6.6014,133.4552,0.0,27.7821
6.6035,133.4864,0.0,27.7555
6.6055,133.5176,0.0,27.7288
6.6076,133.5488,0.0,27.7022
6.6096,133.58,0.0,27.6755
6.6117,133.6112,0.0,27.6489
6.6137,133.6424,0.0,27.6222
6.6158,133.6737,0.0,27.5954
6.6178,133.7049,0.0,27.5687
6.6199,133.7361,0.0,27.5419
6.6219,133.7674,0.0,27.5152
6.624,133.7986,0.0,27.4884
6.626,133.8299,0.0,27.4616
6.6281,133.8611,0.0,27.4347
6.6301,133.8924,0.0,27.4079
6.6322,133.9237,0.0,27.381
6.6342,133.955,0.0,27.3541
6.6363,133.9863,0.0,27.3272
6.6383,134.0176,0.0,27.3003
6.6404,134.0489,0.0,27.2733
6.6424,134.0802,0.0,27.2463
6.6445,134.1115,0.0,27.2193
6.6465,134.1428,0.0,27.1923
6.6486,134.1742,0.0,27.1653
6.6506,134.2055,0.0,27.1383
6.6527,134.2369,0.0,27.1112
6.6547,134.2682,0.0,27.0841
6.6568,134.2996,0.0,27.057
6.6588,134.331,0.0,27.0299
6.6609,134.3623,0.0,27.0027
6.6629,134.3937,0.0,26.9756
6.665,134.4251,0.0,26.9484
6.667,134.4565,0.0,26.9212
6.6691,134.4879,0.0,26.8939
6.6711,134.5193,0.0,26.8667
6.6732,134.5507,0.0,26.8394
6.6752,134.5822,0.0,26.8122
6.6773,134.6136,0.0,26.7849
6.6793,134.645,0.0,26.7575
6.6814,134.6765,0.0,26.7302
6.6834,134.7079,0.0,26.7028
6.6855,134.7394,0.0,26.6755
6.6875,134.7709,0.0,26.6481
6.6896,134.8023,0.0,26.6206
6.6916,134.8338,0.0,26.5932
6.6937,134.8653,0.0,26.5658
6.6957,134.8968,0.0,26.5383
6.6978,134.9283,0.0,26.5108
6.6998,134.9598,0.0,26.4833
6.7019,134.9913,0.0,26.4557
6.7039,135.0229,0.0,26.4282
6.706,135.0544,0.0,26.4006
6.708,135.0859,0.0,26.373
6.7101,135.1175,0.0,26.3454
6.7121,135.149,0.0,26.3178
6.7142,135.1806,0.0,26.2902
6.7162,135.2122,0.0,26.2625
6.7183,135.2437,0.0,26.2348
6.7203,135.2753,0.0,26.2071
6.7224,135.3069,0.0,26.1794
6.7244,135.3385,0.0,26.1516
6.7265,135.3701,0.0,26.1239
6.7285,135.4017,0.0,26.0961
6.7306,135.4333,0.0,26.0683
6.7326,135.465,0.0,26.0405
6.7347,135.4966,0.0,26.0126
6.7367,135.5282,0.0,25.9848
6.7388,135.5599,0.0,25.9569
6.7408,135.5915,0.0,25.929
6.7429,135.6232,0.0,25.9011
6.7449,135.6548,0.0,25.8732
6.747,135.6865,0.0,25.8452
6.749,135.7182,0.0,25.8173
6.7511,135.7499,0.0,25.7893
6.7531,135.7816,0.0,25.7613
6.7552,135.8133,0.0,25.7332
6.7572,135.845,0.0,25.7052
6.7593,135.8767,0.0,25.6771
6.7613,135.9084,0.0,25.649
6.7634,135.9402,0.0,25.6209
6.7654,135.9719,0.0,25.5928
6.7675,136.0036,0.0,25.5647
6.7695,136.0354,0.0,25.5365
6.7716,136.0672,0.0,25.5083
6.7736,136.0989,0.0,25.4801
6.7757,136.1307,0.0,25.4519
6.7777,136.1625,0.0,25.4237
6.7798,136.1943,0.0,25.3954
6.7818,136.2261,0.0,25.3672
6.7839,136.2579,0.0,25.3389
6.7859,136.2897,0.0,25.3106
6.788,136.3215,0.0,25.2822
6.79,136.3533,0.0,25.2539
6.7921,136.3852,0.0,25.2255
6.7941,136.417,0.0,25.1971
6.7962,136.4488,0.0,25.1687
6.7982,136.4807,0.0,25.1403
6.8003,136.5126,0.0,25.1119
6.8023,136.5444,0.0,25.0834
6.8044,136.5763,0.0,25.0549
6.8064,136.6082,0.0,25.0264
6.8085,136.6401,0.0,24.9979
6.8105,136.672,0.0,24.9694
6.8126,136.7039,0.0,24.9408
6.8146,136.7358,0.0,24.9122
6.8167,136.7677,0.0,24.8836
6.8187,136.7996,0.0,24.855
6.8208,136.8316,0.0,24.8264
6.8228,136.8635,0.0,24.7978
6.8249,136.8954,0.0,24.7691
6.8269,136.9274,0.0,24.7404
6.829,136.9594,0.0,24.7117
6.831,136.9913,0.0,24.683
6.8331,137.0233,0.0,24.6542
6.8351,137.0553,0.0,24.6255
6.8372,137.0873,0.0,24.5967
6.8392,137.1193,0.0,24.5679
6.8413,137.1513,0.0,24.5391
6.8433,137.1833,0.0,24.5103
6.8454,137.2153,0.0,24.4814
6.8474,137.2474,0.0,24.4525
6.8495,137.2794,0.0,24.4236
6.8515,137.3114,0.0,24.3947
6.8536,137.3435,0.0,24.3658
6.8556,137.3755,0.0,24.3369
6.8577,137.4076,0.0,24.3079
6.8597,137.4397,0.0,24.2789
6.8618,137.4718,0.0,24.2499
6.8638,137.5038,0.0,24.2209
6.8659,137.5359,0.0,24.1919
6.8679,137.568,0.0,24.1628
6.87,137.6001,0.0,24.1337
6.872,137.6323,0.0,24.1046
6.8741,137.6644,0.0,24.0755
6.8761,137.6965,0.0,24.0464
6.8782,137.7287,0.0,24.0172
6.8802,137.7608,0.0,23.9881
6.8823,137.7929,0.0,23.9589
6.8843,137.8251,0.0,23.9297
6.8864,137.8573,0.0,23.9005
6.8884,137.8895,0.0,23.8712
6.8905,137.9216,0.0,23.842
6.8925,137.9538,0.0,23.8127
6.8946,137.986,0.0,23.7834
6.8966,138.0182,0.0,23.7541
6.8987,138.0504,0.0,23.7248
6.9007,138.0827,0.0,23.6954
6.9028,138.1149,0.0,23.666
6.9048,138.1471,0.0,23.6366
6.9069,138.1794,0.0,23.6072
6.9089,138.2116,0.0,23.5778
6.911,138.2439,0.0,23.5484
6.913,138.2761,0.0,23.5189
6.9151,138.3084,0.0,23.4894
6.9171,138.3407,0.0,23.4599
6.9192,138.373,0.0,23.4304
6.9212,138.4053,0.0,23.4009
6.9233,138.4376,0.0,23.3713
6.9253,138.4699,0.0,23.3418
6.9274,138.5022,0.0,23.3122
6.9294,138.5345,0.0,23.2826
6.9315,138.5668,0.0,23.253
6.9335,138.5992,0.0,23.2233
6.9356,138.6315,0.0,23.1937
6.9376,138.6639,0.0,23.164
6.9397,138.6962,0.0,23.1343
6.9417,138.7286,0.0,23.1046
6.9438,138.761,0.0,23.0748
6.9458,138.7934,0.0,23.0451
6.9479,138.8257,0.0,23.0153
6.9499,138.8581,0.0,22.9855
6.952,138.8906,0.0,22.9557
6.954,138.923,0.0,22.9259
6.9561,138.9554,0.0,22.896
6.9581,138.9878,0.0,22.8662
6.9602,139.0202,0.0,22.8363
6.9622,139.0527,0.0,22.8064
6.9643,139.0851,0.0,22.7765
6.9663,139.1176,0.0,22.7466
6.9684,139.1501,0.0,22.7166
6.9704,139.1825,0.0,22.6866
6.9725,139.215,0.0,22.6567
6.9745,139.2475,0.0,22.6267
6.9766,139.28,0.0,22.5966
6.9786,139.3125,0.0,22.5666
6.9807,139.345,0.0,22.5365
6.9827,139.3775,0.0,22.5065
6.9848,139.41,0.0,22.4764
6.9868,139.4426,0.0,22.4463
6.9889,139.4751,0.0,22.4161
6.9909,139.5077,0.0,22.386
6.993,139.5402,0.0,22.3558
6.995,139.5728,0.0,22.3256
6.9971,139.6054,0.0,22.2954
6.9991,139.6379,0.0,22.2652
7.0012,139.6705,0.0,22.235
7.0032,139.7031,0.0,22.2047
7.0053,139.7357,0.0,22.1744
7.0073,139.7683,0.0,22.1442
7.0094,139.8009,0.0,22.1138
7.0114,139.8336,0.0,22.0835
7.0135,139.8662,0.0,22.0532
7.0155,139.8988,0.0,22.0228
7.0176,139.9315,0.0,21.9924
7.0196,139.9641,0.0,21.962
7.0217,139.9968,0.0,21.9316
7.0237,140.0295,0.0,21.9012
7.0258,140.0621,0.0,21.8707
7.0278,140.0948,0.0,21.8403
7.0299,140.1275,0.0,21.8098
7.0319,140.1602,0.0,21.7793
7.034,140.1929,0.0,21.7487
7.036,140.2256,0.0,21.7182
7.0381,140.2583,0.0,21.6877
7.0401,140.2911,0.0,21.6571
7.0422,140.3238,0.0,21.6265
7.0442,140.3566,0.0,21.5959
7.0463,140.3893,0.0,21.5652
7.0483,140.4221,0.0,21.5346
7.0504,140.4548,0.0,21.5039
7.0524,140.4876,0.0,21.4733
7.0545,140.5204,0.0,21.4426
7.0565,140.5532,0.0,21.4118
7.0586,140.586,0.0,21.3811
7.0606,140.6188,0.0,21.3503
7.0627,140.6516,0.0,21.3196
7.0647,140.6844,0.0,21.2888
7.0668,140.7172,0.0,21.258
7.0688,140.7501,0.0,21.2272
7.0709,140.7829,0.0,21.1963
7.0729,140.8158,0.0,21.1655
7.075,140.8486,0.0,21.1346
7.077,140.8815,0.0,21.1037
7.0791,140.9144,0.0,21.0728
7.0811,140.9472,0.0,21.0419
7.0832,140.9801,0.0,21.0109
7.0852,141.013,0.0,20.98
7.0873,141.0459,0.0,20.949
7.0893,141.0788,0.0,20.918
7.0914,141.1118,0.0,20.887
7.0934,141.1447,0.0,20.8559
7.0955,141.1776,0.0,20.8249
7.0975,141.2106,0.0,20.7938
7.0996,141.2435,0.0,20.7627
7.1016,141.2765,0.0,20.7316
7.1037,141.3094,0.0,20.7005
7.1057,141.3424,0.0,20.6694
7.1078,141.3754,0.0,20.6382
7.1098,141.4084,0.0,20.607
7.1119,141.4414,0.0,20.5758
7.1139,141.4744,0.0,20.5446
7.116,141.5074,0.0,20.5134
7.118,141.5404,0.0,20.4822
7.1201,141.5734,0.0,20.4509
7.1221,141.6065,0.0,20.4196
7.1242,141.6395,0.0,20.3883
7.1262,141.6726,0.0,20.357
7.1283,141.7056,0.0,20.3257
7.1303,141.7387,0.0,20.2944
7.1324,141.7718,0.0,20.263
7.1344,141.8048,0.0,20.2316
7.1365,141.8379,0.0,20.2002
7.1385,141.871,0.0,20.1688
7.1406,141.9041,0.0,20.1374
7.1426,141.9372,0.0,20.1059
7.1447,141.9704,0.0,20.0745
7.1467,142.0035,0.0,20.043
7.1488,142.0366,0.0,20.0115
7.1508,142.0698,0.0,19.98
7.1529,142.1029,0.0,19.9484
7.1549,142.1361,0.0,19.9169
7.157,142.1692,0.0,19.8853
7.159,142.2024,0.0,19.8537
7.1611,142.2356,0.0,19.8221
7.1631,142.2688,0.0,19.7905
7.1652,142.302,0.0,19.7588
7.1672,142.3352,0.0,19.7272
7.1693,142.3684,0.0,19.6955
7.1713,142.4016,0.0,19.6638
7.1734,142.4348,0.0,19.6321
7.1754,142.4681,0.0,19.6004
7.1775,142.5013,0.0,19.5687
7.1795,142.5346,0.0,19.5369
7.1816,142.5678,0.0,19.5051
7.1836,142.6011,0.0,19.4733
7.1857,142.6343,0.0,19.4415
7.1877,142.6676,0.0,19.4097
7.1898,142.7009,0.0,19.3778
7.1918,142.7342,0.0,19.346
7.1939,142.7675,0.0,19.3141
7.1959,142.8008,0.0,19.2822
7.198,142.8341,0.0,19.2503
7.2,142.8675,0.0,19.2184
7.2021,142.9008,0.0,19.1864
7.2041,142.9342,0.0,19.1545
7.2062,142.9675,0.0,19.1225
7.2082,143.0009,0.0,19.0905
7.2103,143.0342,0.0,19.0585
7.2123,143.0676,0.0,19.0264
7.2144,143.101,0.0,18.9944
7.2164,143.1344,0.0,18.9623
7.2185,143.1678,0.0,18.9303
7.2205,143.2012,0.0,18.8982
7.2226,143.2346,0.0,18.866
7.2246,143.268,0.0,18.8339
7.2267,143.3014,0.0,18.8018
7.2287,143.3349,0.0,18.7696
7.2308,143.3683,0.0,18.7374
7.2328,143.4018,0.0,18.7052
7.2349,143.4352,0.0,18.673
7.2369,143.4687,0.0,18.6408
7.239,143.5022,0.0,18.6085
7.241,143.5357,0.0,18.5762
7.2431,143.5691,0.0,18.544
7.2451,143.6026,0.0,18.5117
7.2472,143.6361,0.0,18.4793
7.2492,143.6697,0.0,18.447
7.2513,143.7032,0.0,18.4147
7.2533,143.7367,0.0,18.3823
7.2554,143.7703,0.0,18.3499
7.2574,143.8038,0.0,18.3175
7.2595,143.8374,0.0,18.2851
7.2615,143.8709,0.0,18.2527
7.2636,143.9045,0.0,18.2202
7.2656,143.9381,0.0,18.1877
7.2677,143.9716,0.0,18.1553
7.2697,144.0052,0.0,18.1228
7.2718,144.0388,0.0,18.0902
7.2738,144.0724,0.0,18.0577
7.2759,144.1061,0.0,18.0252
7.2779,144.1397,0.0,17.9926
7.28,144.1733,0.0,17.96
7.282,144.207,0.0,17.9274
7.2841,144.2406,0.0,17.8948
7.2861,144.2743,0.0,17.8621
7.2882,144.3079,0.0,17.8295
7.2902,144.3416,0.0,17.7968
7.2923,144.3753,0.0,17.7641
7.2943,144.4089,0.0,17.7314
7.2964,144.4426,0.0,17.6987
7.2984,144.4763,0.0,17.666
7.3005,144.5101,0.0,17.6332
7.3025,144.5438,0.0,17.6005
7.3046,144.5775,0.0,17.5677
7.3066,144.6112,0.0,17.5349
7.3087,144.645,0.0,17.5021
7.3107,144.6787,0.0,17.4692
7.3128,144.7125,0.0,17.4364
7.3148,144.7462,0.0,17.4035
7.3169,144.78,0.0,17.3706
7.3189,144.8138,0.0,17.3377
7.321,144.8476,0.0,17.3048
7.323,144.8814,0.0,17.2719
7.3251,144.9152,0.0,17.239
7.3271,144.949,0.0,17.206
7.3292,144.9828,0.0,17.173
7.3312,145.0166,0.0,17.14
7.3333,145.0505,0.0,17.107
7.3353,145.0843,0.0,17.074
7.3374,145.1182,0.0,17.0409
7.3394,145.152,0.0,17.0079
7.3415,145.1859,0.0,16.9748
7.3435,145.2198,0.0,16.9417
7.3456,145.2537,0.0,16.9086
7.3476,145.2875,0.0,16.8754
7.3497,145.3214,0.0,16.8423
7.3517,145.3553,0.0,16.8091
7.3538,145.3893,0.0,16.776
7.3558,145.4232,0.0,16.7428
7.3579,145.4571,0.0,16.7096
7.3599,145.4911,0.0,16.6763
7.362,145.525,0.0,16.6431
7.364,145.559,0.0,16.6098
7.3661,145.5929,0.0,16.5766
7.3681,145.6269,0.0,16.5433
7.3702,145.6609,0.0,16.51
7.3722,145.6948,0.0,16.4766
7.3743,145.7288,0.0,16.4433
7.3763,145.7628,0.0,16.4099
7.3784,145.7968,0.0,16.3766
7.3804,145.8309,0.0,16.3432
7.3825,145.8649,0.0,16.3098
7.3845,145.8989,0.0,16.2764
7.3866,145.933,0.0,16.2429
7.3886,145.967,0.0,16.2095
7.3907,146.0011,0.0,16.176
7.3927,146.0351,0.0,16.1425
7.3948,146.0692,0.0,16.109
7.3968,146.1033,0.0,16.0755
7.3989,146.1374,0.0,16.042
7.4009,146.1715,0.0,16.0084
7.403,146.2056,0.0,15.9748
7.405,146.2397,0.0,15.9413
7.4071,146.2738,0.0,15.9077
7.4091,146.3079,0.0,15.874
7.4112,146.3421,0.0,15.8404
7.4132,146.3762,0.0,15.8068
7.4153,146.4104,0.0,15.7731
7.4173,146.4445,0.0,15.7394
7.4194,146.4787,0.0,15.7057
7.4214,146.5129,0.0,15.672
7.4235,146.547,0.0,15.6383
7.4255,146.5812,0.0,15.6046
7.4276,146.6154,0.0,15.5708
7.4296,146.6496,0.0,15.537
7.4317,146.6838,0.0,15.5032
7.4337,146.7181,0.0,15.4694
7.4358,146.7523,0.0,15.4356
7.4378,146.7865,0.0,15.4018
7.4399,146.8208,0.0,15.3679
7.4419,146.855,0.0,15.334
7.444,146.8893,0.0,15.3002
7.446,146.9236,0.0,15.2663
7.4481,146.9579,0.0,15.2323
7.4501,146.9921,0.0,15.1984
7.4522,147.0264,0.0,15.1645
7.4542,147.0607,0.0,15.1305
7.4563,147.095,0.0,15.0965
7.4583,147.1294,0.0,15.0625
7.4604,147.1637,0.0,15.0285
7.4624,147.198,0.0,14.9945
7.4645,147.2324,0.0,14.9604
7.4665,147.2667,0.0,14.9264
7.4686,147.3011,0.0,14.8923
7.4706,147.3354,0.0,14.8582
7.4727,147.3698,0.0,14.8241
7.4747,147.4042,0.0,14.79
7.4768,147.4386,0.0,14.7558
7.4788,147.473,0.0,14.7217
7.4809,147.5074,0.0,14.6875
7.4829,147.5418,0.0,14.6533
7.485,147.5762,0.0,14.6191
7.487,147.6106,0.0,14.5849
7.4891,147.6451,0.0,14.5507
7.4911,147.6795,0.0,14.5164
7.4932,147.714,0.0,14.4822
7.4952,147.7484,0.0,14.4479
7.4973,147.7829,0.0,14.4136
7.4993,147.8174,0.0,14.3793
7.5014,147.8519,0.0,14.345
7.5034,147.8864,0.0,14.3106
7.5055,147.9209,0.0,14.2763
7.5075,147.9554,0.0,14.2419
7.5096,147.9899,0.0,14.2075
7.5116,148.0244,0.0,14.1731
7.5137,148.0589,0.0,14.1387
7.5157,148.0935,0.0,14.1042
7.5178,148.128,0.0,14.0698
7.5198,148.1626,0.0,14.0353
7.5219,148.1972,0.0,14.0008
7.5239,148.2317,0.0,13.9663
7.526,148.2663,0.0,13.9318
7.528,148.3009,0.0,13.8973
7.5301,148.3355,0.0,13.8627
7.5321,148.3701,0.0,13.8282
7.5342,148.4047,0.0,13.7936
7.5362,148.4393,0.0,13.759
7.5383,148.474,0.0,13.7244
7.5403,148.5086,0.0,13.6898
7.5424,148.5432,0.0,13.6551
7.5444,148.5779,0.0,13.6205
7.5465,148.6125,0.0,13.5858
7.5485,148.6472,0.0,13.5511
7.5506,148.6819,0.0,13.5164
7.5526,148.7166,0.0,13.4817
7.5547,148.7513,0.0,13.447
7.5567,148.786,0.0,13.4123
7.5588,148.8207,0.0,13.3775
7.5608,148.8554,0.0,13.3427
7.5629,148.8901,0.0,13.3079
7.5649,148.9249,0.0,13.2731
7.567,148.9596,0.0,13.2383
7.569,148.9943,0.0,13.2035
7.5711,149.0291,0.0,13.1686
7.5731,149.0639,0.0,13.1337
7.5752,149.0986,0.0,13.0988
7.5772,149.1334,0.0,13.0639
7.5793,149.1682,0.0,13.029
7.5813,149.203,0.0,12.9941
7.5834,149.2378,0.0,12.9592
7.5854,149.2726,0.0,12.9242
7.5875,149.3074,0.0,12.8892
7.5895,149.3423,0.0,12.8542
7.5916,149.3771,0.0,12.8192
7.5936,149.4119,0.0,12.7842
7.5957,149.4468,0.0,12.7492
7.5977,149.4817,0.0,12.7141
7.5998,149.5165,0.0,12.6791
7.6018,149.5514,0.0,12.644
7.6039,149.5863,0.0,12.6089
7.6059,149.6212,0.0,12.5738
7.608,149.6561,0.0,12.5386
7.61,149.691,0.0,12.5035
7.6121,149.7259,0.0,12.4683
7.6141,149.7608,0.0,12.4332
7.6162,149.7958,0.0,12.398
7.6182,149.8307,0.0,12.3628
7.6203,149.8656,0.0,12.3276
7.6223,149.9006,0.0,12.2923
7.6244,149.9356,0.0,12.2571
7.6264,149.9705,0.0,12.2218
7.6285,150.0055,0.0,12.1865
7.6305,150.0405,0.0,12.1512
7.6326,150.0755,0.0,12.1159
7.6346,150.1105,0.0,12.0806
7.6367,150.1455,0.0,12.0453
7.6387,150.1805,0.0,12.0099
7.6408,150.2156,0.0,11.9745
7.6428,150.2506,0.0,11.9392
7.6449,150.2856,0.0,11.9038
7.6469,150.3207,0.0,11.8683
7.649,150.3558,0.0,11.8329
7.651,150.3908,0.0,11.7975
7.6531,150.4259,0.0,11.762
7.6551,150.461,0.0,11.7265
7.6572,150.4961,0.0,11.691
7.6592,150.5312,0.0,11.6555
7.6613,150.5663,0.0,11.62
7.6633,150.6014,0.0,11.5845
7.6654,150.6365,0.0,11.5489
7.6674,150.6717,0.0,11.5134
7.6695,150.7068,0.0,11.4778
7.6715,150.7419,0.0,11.4422
7.6736,150.7771,0.0,11.4066
7.6756,150.8123,0.0,11.371
7.6777,150.8474,0.0,11.3353
7.6797,150.8826,0.0,11.2997
7.6818,150.9178,0.0,11.264
7.6838,150.953,0.0,11.2283
7.6859,150.9882,0.0,11.1926
7.6879,151.0234,0.0,11.1569
7.69,151.0586,0.0,11.1212
7.692,151.0939,0.0,11.0855
7.6941,151.1291,0.0,11.0497
7.6961,151.1644,0.0,11.0139
7.6982,151.1996,0.0,10.9782
7.7002,151.2349,0.0,10.9424
7.7023,151.2701,0.0,10.9065
7.7043,151.3054,0.0,10.8707
7.7064,151.3407,0.0,10.8349
7.7084,151.376,0.0,10.799
7.7105,151.4113,0.0,10.7631
7.7125,151.4466,0.0,10.7272
7.7146,151.4819,0.0,10.6913
7.7166,151.5172,0.0,10.6554
7.7187,151.5526,0.0,10.6195
7.7207,151.5879,0.0,10.5835
7.7228,151.6233,0.0,10.5476
7.7248,151.6586,0.0,10.5116
7.7269,151.694,0.0,10.4756
7.7289,151.7294,0.0,10.4396
7.731,151.7647,0.0,10.4036
7.733,151.8001,0.0,10.3675
7.7351,151.8355,0.0,10.3315
7.7371,151.8709,0.0,10.2954
7.7392,151.9064,0.0,10.2594
7.7412,151.9418,0.0,10.2233
7.7433,151.9772,0.0,10.1872
7.7453,152.0126,0.0,10.151
7.7474,152.0481,0.0,10.1149
7.7494,152.0835,0.0,10.0787
7.7515,152.119,0.0,10.0426
7.7535,152.1545,0.0,10.0064
7.7556,152.19,0.0,9.9702
7.7576,152.2254,0.0,9.934
7.7597,152.2609,0.0,9.8978
7.7617,152.2964,0.0,9.8615
7.7638,152.3319,0.0,9.8253
7.7658,152.3675,0.0,9.789
7.7679,152.403,0.0,9.7527
7.7699,152.4385,0.0,9.7164
7.772,152.4741,0.0,9.6801
7.774,152.5096,0.0,9.6438
7.7761,152.5452,0.0,9.6075
7.7781,152.5807,0.0,9.5711
7.7802,152.6163,0.0,9.5347
7.7822,152.6519,0.0,9.4983
7.7843,152.6875,0.0,9.462
7.7863,152.7231,0.0,9.4255
7.7884,152.7587,0.0,9.3891
7.7904,152.7943,0.0,9.3527
7.7925,152.8299,0.0,9.3162
7.7945,152.8656,0.0,9.2797
7.7966,152.9012,0.0,9.2433
7.7986,152.9368,0.0,9.2068
7.8007,152.9725,0.0,9.1703
7.8027,153.0082,0.0,9.1337
7.8048,153.0438,0.0,9.0972
7.8068,153.0795,0.0,9.0606
7.8089,153.1152,0.0,9.0241
7.8109,153.1509,0.0,8.9875
7.813,153.1866,0.0,8.9509
7.815,153.2223,0.0,8.9143
7.8171,153.258,0.0,8.8776
7.8191,153.2937,0.0,8.841
7.8212,153.3295,0.0,8.8044
7.8232,153.3652,0.0,8.7677
7.8253,153.401,0.0,8.731
7.8273,153.4367,0.0,8.6943
7.8294,153.4725,0.0,8.6576
7.8314,153.5083,0.0,8.6209
7.8335,153.5441,0.0,8.5841
7.8355,153.5799,0.0,8.5474
7.8376,153.6157,0.0,8.5106
7.8396,153.6515,0.0,8.4738
7.8417,153.6873,0.0,8.437
7.8437,153.7231,0.0,8.4002
7.8458,153.7589,0.0,8.3634
7.8478,153.7948,0.0,8.3266
7.8499,153.8306,0.0,8.2897
7.8519,153.8665,0.0,8.2528
7.854,153.9023,0.0,8.216
7.856,153.9382,0.0,8.1791
7.8581,153.9741,0.0,8.1421
7.8601,154.01,0.0,8.1052
7.8622,154.0459,0.0,8.0683
7.8642,154.0818,0.0,8.0313
7.8663,154.1177,0.0,7.9944
7.8683,154.1536,0.0,7.9574
7.8704,154.1895,0.0,7.9204
7.8724,154.2255,0.0,7.8834
7.8745,154.2614,0.0,7.8464
7.8765,154.2974,0.0,7.8093
7.8786,154.3333,0.0,7.7723
7.8806,154.3693,0.0,7.7352
7.8827,154.4053,0.0,7.6982
7.8847,154.4413,0.0,7.6611
7.8868,154.4772,0.0,7.624
7.8888,154.5132,0.0,7.5868
7.8909,154.5493,0.0,7.5497
7.8929,154.5853,0.0,7.5126
7.895,154.6213,0.0,7.4754
7.897,154.6573,0.0,7.4382
7.8991,154.6934,0.0,7.401
7.9011,154.7294,0.0,7.3638
7.9032,154.7655,0.0,7.3266
7.9052,154.8015,0.0,7.2894
7.9073,154.8376,0.0,7.2521
7.9093,154.8737,0.0,7.2149
7.9114,154.9098,0.0,7.1776
7.9134,154.9459,0.0,7.1403
7.9155,154.982,0.0,7.103
7.9175,155.0181,0.0,7.0657
7.9196,155.0542,0.0,7.0284
7.9216,155.0903,0.0,6.9911
7.9237,155.1265,0.0,6.9537
7.9257,155.1626,0.0,6.9163
7.9278,155.1988,0.0,6.879
7.9298,155.2349,0.0,6.8416
7.9319,155.2711,0.0,6.8041
7.9339,155.3073,0.0,6.7667
7.936,155.3435,0.0,6.7293
7.938,155.3797,0.0,6.6918
7.9401,155.4159,0.0,6.6544
7.9421,155.4521,0.0,6.6169
7.9442,155.4883,0.0,6.5794
7.9462,155.5245,0.0,6.5419
7.9483,155.5607,0.0,6.5044
7.9503,155.597,0.0,6.4669
7.9524,155.6332,0.0,6.4293
7.9544,155.6695,0.0,6.3917
7.9565,155.7058,0.0,6.3542
7.9585,155.742,0.0,6.3166
7.9606,155.7783,0.0,6.279
7.9626,155.8146,0.0,6.2414
7.9647,155.8509,0.0,6.2037
7.9667,155.8872,0.0,6.1661
7.9688,155.9235,0.0,6.1285
7.9708,155.9598,0.0,6.0908
7.9729,155.9962,0.0,6.0531
7.9749,156.0325,0.0,6.0154
7.977,156.0689,0.0,5.9777
7.979,156.1052,0.0,5.94
7.9811,156.1416,0.0,5.9022
7.9831,156.1779,0.0,5.8645
7.9852,156.2143,0.0,5.8267
7.9872,156.2507,0.0,5.789
7.9893,156.2871,0.0,5.7512
7.9913,156.3235,0.0,5.7134
7.9934,156.3599,0.0,5.6755
7.9954,156.3963,0.0,5.6377
7.9975,156.4328,0.0,5.5999
7.9995,156.4692,0.0,5.562
8.0016,156.5056,0.0,5.5241
8.0036,156.5421,0.0,5.4863
8.0057,156.5785,0.0,5.4484
8.0077,156.615,0.0,5.4105
8.0098,156.6515,0.0,5.3725
8.0118,156.688,0.0,5.3346
8.0139,156.7244,0.0,5.2966
8.0159,156.7609,0.0,5.2587
8.018,156.7974,0.0,5.2207
8.02,156.834,0.0,5.1827
8.0221,156.8705,0.0,5.1447
8.0241,156.907,0.0,5.1067
8.0262,156.9436,0.0,5.0687
8.0282,156.9801,0.0,5.0306
8.0303,157.0167,0.0,4.9926
8.0323,157.0532,0.0,4.9545
8.0344,157.0898,0.0,4.9164
8.0364,157.1264,0.0,4.8783
8.0385,157.1629,0.0,4.8402
8.0405,157.1995,0.0,4.8021
8.0426,157.2361,0.0,4.7639
8.0446,157.2728,0.0,4.7258
8.0467,157.3094,0.0,4.6876
8.0487,157.346,0.0,4.6494
8.0508,157.3826,0.0,4.6113
8.0528,157.4193,0.0,4.573
8.0549,157.4559,0.0,4.5348
8.0569,157.4926,0.0,4.4966
8.059,157.5292,0.0,4.4584
8.061,157.5659,0.0,4.4201
8.0631,157.6026,0.0,4.3818
8.0651,157.6393,0.0,4.3436
8.0672,157.676,0.0,4.3053
8.0692,157.7127,0.0,4.2669
8.0713,157.7494,0.0,4.2286
8.0733,157.7861,0.0,4.1903
8.0754,157.8229,0.0,4.1519
8.0774,157.8596,0.0,4.1136
8.0795,157.8963,0.0,4.0752
8.0815,157.9331,0.0,4.0368
8.0836,157.9699,0.0,3.9984
8.0856,158.0066,0.0,3.96
8.0877,158.0434,0.0,3.9216
8.0897,158.0802,0.0,3.8831
8.0918,158.117,0.0,3.8447
8.0938,158.1538,0.0,3.8062
8.0959,158.1906,0.0,3.7677
8.0979,158.2274,0.0,3.7293
8.1,158.2642,0.0,3.6908
8.102,158.3011,0.0,3.6522
8.1041,158.3379,0.0,3.6137
8.1061,158.3748,0.0,3.5752
8.1082,158.4116,0.0,3.5366
8.1102,158.4485,0.0,3.498
8.1123,158.4854,0.0,3.4595
8.1143,158.5223,0.0,3.4209
8.1164,158.5591,0.0,3.3822
8.1184,158.596,0.0,3.3436
8.1205,158.6329,0.0,3.305
8.1225,158.6699,0.0,3.2663
8.1246,158.7068,0.0,3.2277
8.1266,158.7437,0.0,3.189
8.1287,158.7807,0.0,3.1503
8.1307,158.8176,0.0,3.1116
8.1328,158.8546,0.0,3.0729
8.1348,158.8915,0.0,3.0342
8.1369,158.9285,0.0,2.9955
8.1389,158.9655,0.0,2.9567
8.141,159.0024,0.0,2.9179
8.143,159.0394,0.0,2.8792
8.1451,159.0764,0.0,2.8404
8.1471,159.1135,0.0,2.8016
8.1492,159.1505,0.0,2.7628
8.1512,159.1875,0.0,2.7239
8.1533,159.2245,0.0,2.6851
8.1553,159.2616,0.0,2.6462
8.1574,159.2986,0.0,2.6074
8.1594,159.3357,0.0,2.5685
8.1615,159.3727,0.0,2.5296
8.1635,159.4098,0.0,2.4907
8.1656,159.4469,0.0,2.4518
8.1676,159.484,0.0,2.4129
8.1697,159.5211,0.0,2.3739
8.1717,159.5582,0.0,2.335
8.1738,159.5953,0.0,2.296
8.1758,159.6324,0.0,2.257
8.1779,159.6696,0.0,2.218
8.1799,159.7067,0.0,2.179
8.182,159.7438,0.0,2.14
8.184,159.781,0.0,2.101
8.1861,159.8181,0.0,2.0619
8.1881,159.8553,0.0,2.0229
8.1902,159.8925,0.0,1.9838
8.1922,159.9297,0.0,1.9447
8.1943,159.9669,0.0,1.9056
8.1963,160.0041,0.0,1.8665
8.1984,160.0413,0.0,1.8274
8.2004,160.0785,0.0,1.7883
8.2025,160.1157,0.0,1.7491
8.2045,160.153,0.0,1.71
8.2066,160.1902,0.0,1.6708
8.2086,160.2274,0.0,1.6316
8.2107,160.2647,0.0,1.5924
8.2127,160.302,0.0,1.5532
8.2148,160.3392,0.0,1.514
8.2168,160.3765,0.0,1.4748
8.2189,160.4138,0.0,1.4355
8.2209,160.4511,0.0,1.3963
8.223,160.4884,0.0,1.357
8.225,160.5257,0.0,1.3177
8.2271,160.563,0.0,1.2784
8.2291,160.6004,0.0,1.2391
8.2312,160.6377,0.0,1.1998
8.2332,160.675,0.0,1.1605
8.2353,160.7124,0.0,1.1211
8.2373,160.7498,0.0,1.0818
8.2394,160.7871,0.0,1.0424
8.2414,160.8245,0.0,1.003
8.2435,160.8619,0.0,0.9636
8.2455,160.8993,0.0,0.9242
8.2476,160.9367,0.0,0.8848
8.2496,160.9741,0.0,0.8454
8.2517,161.0115,0.0,0.806
8.2537,161.0489,0.0,0.7665
8.2558,161.0863,0.0,0.727
8.2578,161.1238,0.0,0.6875
8.2599,161.1612,0.0,0.6481
8.2619,161.1987,0.0,0.6086
8.264,161.2362,0.0,0.569
8.266,161.2736,0.0,0.5295
8.2681,161.3111,0.0,0.49
8.2701,161.3486,0.0,0.4504
8.2722,161.3861,0.0,0.4108
8.2742,161.4236,0.0,0.3713
8.2763,161.4611,0.0,0.3317
8.2783,161.4986,0.0,0.2921
8.2804,161.5361,0.0,0.2525
8.2824,161.5737,0.0,0.2128
8.2845,161.6112,0.0,0.1732
8.2865,161.6488,0.0,0.1335
8.2886,161.6863,0.0,0.0939
8.2906,161.7239,0.0,0.0542
