t_s,x_m,y_m,z_m
0.0,0.0047,-0.0,0.0242
0.002,0.0853,-0.0004,0.0732
0.004,0.1658,-0.0007,0.1222
0.006,0.2444,-0.001,0.17
0.008,0.3248,-0.0014,0.219
0.01,0.4052,-0.0017,0.2678
0.012,0.4855,-0.002,0.3167
0.014,0.5657,-0.0024,0.3655
0.016,0.6459,-0.0027,0.4143
0.018,0.726,-0.003,0.463
0.02,0.8061,-0.0033,0.5117
0.022,0.8861,-0.0037,0.5604
0.024,0.966,-0.004,0.609
0.026,1.0459,-0.0043,0.6576
0.028,1.1257,-0.0047,0.7062
0.03,1.2055,-0.005,0.7547
0.032,1.2852,-0.0053,0.8032
0.034,1.3649,-0.0056,0.8517
0.036,1.4445,-0.006,0.9001
0.038,1.5241,-0.0063,0.9485
0.04,1.6036,-0.0066,0.9969
0.042,1.683,-0.007,1.0452
0.044,1.7624,-0.0073,1.0935
0.046,1.8417,-0.0076,1.1417
0.048,1.921,-0.0079,1.19
0.05,2.0002,-0.0082,1.2381
0.052,2.0794,-0.0086,1.2863
0.054,2.1585,-0.0089,1.3344
0.056,2.2375,-0.0092,1.3825
0.058,2.3165,-0.0095,1.4305
0.06,2.3955,-0.0098,1.4786
0.062,2.4744,-0.0102,1.5265
0.064,2.5532,-0.0105,1.5745
0.066,2.632,-0.0108,1.6224
0.068,2.7107,-0.0111,1.6703
0.07,2.7894,-0.0114,1.7181
0.072,2.868,-0.0118,1.7659
0.074,2.9465,-0.0121,1.8137
0.076,3.025,-0.0124,1.8614
0.078,3.1035,-0.0127,1.9091
0.08,3.1819,-0.013,1.9568
0.082,3.2602,-0.0133,2.0044
0.084,3.3385,-0.0136,2.052
0.086,3.4167,-0.014,2.0996
0.088,3.4949,-0.0143,2.1471
0.09,3.573,-0.0146,2.1946
0.092,3.6511,-0.0149,2.2421
0.094,3.7291,-0.0152,2.2895
0.096,3.8071,-0.0155,2.3369
0.098,3.885,-0.0158,2.3843
0.1,3.9628,-0.0161,2.4316
0.102,4.0406,-0.0164,2.4789
0.104,4.1184,-0.0167,2.5262
0.106,4.196,-0.0171,2.5734
0.108,4.2737,-0.0174,2.6206
0.11,4.3513,-0.0177,2.6677
0.112,4.4288,-0.018,2.7148
0.114,4.5063,-0.0183,2.7619
0.116,4.5837,-0.0186,2.809
0.118,4.6611,-0.0189,2.856
0.12,4.7384,-0.0192,2.903
0.122,4.8156,-0.0195,2.9499
0.124,4.8928,-0.0198,2.9969
0.126,4.97,-0.0201,3.0437
0.128,5.0471,-0.0204,3.0906
0.13,5.1242,-0.0207,3.1374
0.132,5.2012,-0.021,3.1842
0.134,5.2781,-0.0213,3.2309
0.136,5.355,-0.0216,3.2776
0.138,5.4318,-0.0219,3.3243
0.14,5.5086,-0.0222,3.371
0.142,5.5853,-0.0225,3.4176
0.144,5.662,-0.0228,3.4641
0.146,5.7387,-0.0231,3.5107
0.148,5.8152,-0.0234,3.5572
0.15,5.8918,-0.0237,3.6037
0.152,5.9682,-0.024,3.6501
0.154,6.0446,-0.0243,3.6965
0.156,6.121,-0.0246,3.7429
0.158,6.1973,-0.0249,3.7892
0.16,6.2736,-0.0251,3.8355
0.162,6.3498,-0.0254,3.8818
0.164,6.426,-0.0257,3.928
0.166,6.5021,-0.026,3.9742
0.168,6.5781,-0.0263,4.0204
0.17,6.6541,-0.0266,4.0665
0.172,6.7301,-0.0269,4.1126
0.174,6.806,-0.0272,4.1587
0.176,6.8818,-0.0275,4.2047
0.178,6.9576,-0.0278,4.2507
0.18,7.0334,-0.028,4.2967
0.182,7.1091,-0.0283,4.3426
0.184,7.1847,-0.0286,4.3885
0.186,7.2603,-0.0289,4.4344
0.188,7.3358,-0.0292,4.4802
0.19,7.4113,-0.0295,4.526
0.192,7.4868,-0.0298,4.5717
0.194,7.5622,-0.03,4.6175
0.196,7.6375,-0.0303,4.6632
0.198,7.7128,-0.0306,4.7088
0.2,7.788,-0.0309,4.7545
0.202,7.8632,-0.0312,4.8
0.204,7.9383,-0.0315,4.8456
0.206,8.0134,-0.0317,4.8911
0.208,8.0885,-0.032,4.9366
0.21,8.1634,-0.0323,4.9821
0.212,8.2384,-0.0326,5.0275
0.214,8.3133,-0.0329,5.0729
0.216,8.3881,-0.0331,5.1182
0.218,8.4629,-0.0334,5.1636
0.22,8.5376,-0.0337,5.2089
0.222,8.6123,-0.034,5.2541
0.224,8.6869,-0.0342,5.2993
0.226,8.7615,-0.0345,5.3445
0.228,8.836,-0.0348,5.3897
0.23,8.9105,-0.0351,5.4348
0.232,8.9849,-0.0353,5.4799
0.234,9.0593,-0.0356,5.5249
0.236,9.1336,-0.0359,5.57
0.238,9.2079,-0.0362,5.6149
0.24,9.2822,-0.0364,5.6599
0.242,9.3563,-0.0367,5.7048
0.244,9.4305,-0.037,5.7497
0.246,9.5046,-0.0373,5.7946
0.248,9.5786,-0.0375,5.8394
0.25,9.6526,-0.0378,5.8842
0.252,9.7265,-0.0381,5.9289
0.254,9.8004,-0.0383,5.9736
0.256,9.8742,-0.0386,6.0183
0.258,9.948,-0.0389,6.063
0.26,10.0218,-0.0391,6.1076
0.262,10.0955,-0.0394,6.1522
0.264,10.1691,-0.0397,6.1967
0.266,10.2427,-0.0399,6.2412
0.268,10.3162,-0.0402,6.2857
0.27,10.3897,-0.0405,6.3302
0.272,10.4632,-0.0407,6.3746
0.274,10.5366,-0.041,6.419
0.276,10.6099,-0.0413,6.4633
0.278,10.6832,-0.0415,6.5077
0.28,10.7565,-0.0418,6.5519
0.282,10.8297,-0.042,6.5962
0.284,10.9028,-0.0423,6.6404
0.286,10.9759,-0.0426,6.6846
0.288,11.049,-0.0428,6.7287
0.29,11.122,-0.0431,6.7729
0.292,11.195,-0.0434,6.8169
0.294,11.2679,-0.0436,6.861
0.296,11.3408,-0.0439,6.905
0.298,11.4136,-0.0441,6.949
0.3,11.4864,-0.0444,6.993
0.302,11.5591,-0.0446,7.0369
0.304,11.6318,-0.0449,7.0808
0.306,11.7044,-0.0452,7.1246
0.308,11.777,-0.0454,7.1684
0.31,11.8495,-0.0457,7.2122
0.312,11.922,-0.0459,7.256
0.314,11.9944,-0.0462,7.2997
0.316,12.0668,-0.0464,7.3434
0.318,12.1391,-0.0467,7.387
0.32,12.2114,-0.0469,7.4306
0.322,12.2837,-0.0472,7.4742
0.324,12.3559,-0.0474,7.5178
0.326,12.428,-0.0477,7.5613
0.328,12.5002,-0.0479,7.6048
0.33,12.5722,-0.0482,7.6482
0.332,12.6442,-0.0484,7.6917
0.334,12.7162,-0.0487,7.735
0.336,12.7881,-0.0489,7.7784
0.338,12.86,-0.0492,7.8217
0.34,12.9318,-0.0494,7.865
0.342,13.0036,-0.0497,7.9083
0.344,13.0753,-0.0499,7.9515
0.346,13.147,-0.0502,7.9947
0.348,13.2186,-0.0504,8.0378
0.35,13.2902,-0.0507,8.081
0.352,13.3618,-0.0509,8.1241
0.354,13.4333,-0.0512,8.1671
0.356,13.5047,-0.0514,8.2101
0.358,13.5761,-0.0517,8.2531
0.36,13.6475,-0.0519,8.2961
0.362,13.7188,-0.0521,8.339
0.364,13.7901,-0.0524,8.3819
0.366,13.8613,-0.0526,8.4248
0.368,13.9325,-0.0529,8.4676
0.37,14.0036,-0.0531,8.5104
0.372,14.0747,-0.0534,8.5531
0.374,14.1457,-0.0536,8.5959
0.376,14.2167,-0.0538,8.6386
0.378,14.2877,-0.0541,8.6812
0.38,14.3586,-0.0543,8.7239
0.382,14.4294,-0.0546,8.7665
0.384,14.5002,-0.0548,8.809
0.386,14.571,-0.055,8.8515
0.388,14.6417,-0.0553,8.894
0.39,14.7124,-0.0555,8.9365
0.392,14.783,-0.0557,8.9789
0.394,14.8536,-0.056,9.0213
0.396,14.9242,-0.0562,9.0637
0.398,14.9946,-0.0564,9.106
0.4,15.0651,-0.0567,9.1483
0.402,15.1355,-0.0569,9.1906
0.404,15.2059,-0.0572,9.2328
0.406,15.2762,-0.0574,9.275
0.408,15.3464,-0.0576,9.3172
0.41,15.4167,-0.0578,9.3594
0.412,15.4868,-0.0581,9.4015
0.414,15.557,-0.0583,9.4435
0.416,15.6271,-0.0585,9.4856
0.418,15.6971,-0.0588,9.5276
0.42,15.7671,-0.059,9.5696
0.422,15.8371,-0.0592,9.6115
0.424,15.907,-0.0595,9.6534
0.426,15.9768,-0.0597,9.6953
0.428,16.0466,-0.0599,9.7371
0.43,16.1164,-0.0601,9.7789
0.432,16.1862,-0.0604,9.8207
0.434,16.2558,-0.0606,9.8625
0.436,16.3255,-0.0608,9.9042
0.438,16.3951,-0.0611,9.9458
0.44,16.4646,-0.0613,9.9875
0.442,16.5342,-0.0615,10.0291
0.444,16.6036,-0.0617,10.0707
0.446,16.673,-0.062,10.1122
0.448,16.7424,-0.0622,10.1538
0.45,16.8118,-0.0624,10.1952
0.452,16.8811,-0.0626,10.2367
0.454,16.9503,-0.0628,10.2781
0.456,17.0195,-0.0631,10.3195
0.458,17.0887,-0.0633,10.3608
0.46,17.1578,-0.0635,10.4022
0.462,17.2269,-0.0637,10.4435
0.464,17.2959,-0.064,10.4847
0.466,17.3649,-0.0642,10.5259
0.468,17.4338,-0.0644,10.5671
0.47,17.5027,-0.0646,10.6083
0.472,17.5716,-0.0648,10.6494
0.474,17.6404,-0.0651,10.6905
0.476,17.7092,-0.0653,10.7316
0.478,17.7779,-0.0655,10.7726
0.48,17.8466,-0.0657,10.8136
0.482,17.9152,-0.0659,10.8546
0.484,17.9838,-0.0661,10.8955
0.486,18.0524,-0.0664,10.9364
0.488,18.1209,-0.0666,10.9773
0.49,18.1893,-0.0668,11.0181
0.492,18.2578,-0.067,11.0589
0.494,18.3261,-0.0672,11.0997
0.496,18.3945,-0.0674,11.1404
0.498,18.4628,-0.0676,11.1811
0.5,18.531,-0.0679,11.2218
0.502,18.5993,-0.0681,11.2624
0.504,18.6674,-0.0683,11.303
0.506,18.7355,-0.0685,11.3436
0.508,18.8036,-0.0687,11.3841
0.51,18.8717,-0.0689,11.4247
0.512,18.9397,-0.0691,11.4651
0.514,19.0076,-0.0693,11.5056
0.516,19.0756,-0.0695,11.546
0.518,19.1434,-0.0697,11.5864
0.52,19.2113,-0.07,11.6267
0.522,19.279,-0.0702,11.667
0.524,19.3468,-0.0704,11.7073
0.526,19.4145,-0.0706,11.7476
0.528,19.4822,-0.0708,11.7878
0.53,19.5498,-0.071,11.828
0.532,19.6174,-0.0712,11.8681
0.534,19.6849,-0.0714,11.9083
0.536,19.7524,-0.0716,11.9484
0.538,19.8199,-0.0718,11.9884
0.54,19.8873,-0.072,12.0284
0.542,19.9546,-0.0722,12.0684
0.544,20.022,-0.0724,12.1084
0.546,20.0893,-0.0726,12.1483
0.548,20.1565,-0.0728,12.1882
0.55,20.2237,-0.073,12.2281
0.552,20.2909,-0.0732,12.2679
0.554,20.358,-0.0734,12.3077
0.556,20.4251,-0.0736,12.3475
0.558,20.4921,-0.0738,12.3872
0.56,20.5591,-0.074,12.4269
0.562,20.6261,-0.0742,12.4666
0.564,20.693,-0.0744,12.5063
0.566,20.7599,-0.0746,12.5459
0.568,20.8267,-0.0748,12.5854
0.57,20.8935,-0.075,12.625
0.572,20.9602,-0.0752,12.6645
0.574,21.027,-0.0754,12.704
0.576,21.0936,-0.0756,12.7434
0.578,21.1603,-0.0758,12.7829
0.58,21.2268,-0.076,12.8222
0.582,21.2934,-0.0762,12.8616
0.584,21.3599,-0.0764,12.9009
0.586,21.4264,-0.0766,12.9402
0.588,21.4928,-0.0768,12.9795
0.59,21.5592,-0.077,13.0187
0.592,21.6255,-0.0772,13.0579
0.594,21.6918,-0.0774,13.097
0.596,21.7581,-0.0776,13.1362
0.598,21.8243,-0.0778,13.1753
0.6,21.8905,-0.078,13.2143
0.602,21.9567,-0.0781,13.2534
0.604,22.0228,-0.0783,13.2924
0.606,22.0888,-0.0785,13.3313
0.608,22.1549,-0.0787,13.3703
0.61,22.2208,-0.0789,13.4092
0.612,22.2868,-0.0791,13.448
0.614,22.3527,-0.0793,13.4869
0.616,22.4186,-0.0795,13.5257
0.618,22.4844,-0.0797,13.5645
0.62,22.5502,-0.0799,13.6032
0.622,22.6159,-0.08,13.6419
0.624,22.6816,-0.0802,13.6806
0.626,22.7473,-0.0804,13.7193
0.628,22.8129,-0.0806,13.7579
0.63,22.8785,-0.0808,13.7965
0.632,22.944,-0.081,13.835
0.634,23.0096,-0.0812,13.8735
0.636,23.075,-0.0813,13.912
0.638,23.1405,-0.0815,13.9505
0.64,23.2058,-0.0817,13.9889
0.642,23.2712,-0.0819,14.0273
0.644,23.3365,-0.0821,14.0657
0.646,23.4018,-0.0823,14.104
0.648,23.467,-0.0824,14.1423
0.65,23.5322,-0.0826,14.1806
0.652,23.5974,-0.0828,14.2188
0.654,23.6625,-0.083,14.257
0.656,23.7276,-0.0832,14.2952
0.658,23.7926,-0.0834,14.3333
0.66,23.8576,-0.0835,14.3714
0.662,23.9225,-0.0837,14.4095
0.664,23.9875,-0.0839,14.4476
0.666,24.0524,-0.0841,14.4856
0.668,24.1172,-0.0843,14.5236
0.67,24.182,-0.0844,14.5615
0.672,24.2468,-0.0846,14.5994
0.674,24.3115,-0.0848,14.6373
0.676,24.3762,-0.085,14.6752
0.678,24.4408,-0.0851,14.713
0.68,24.5054,-0.0853,14.7508
0.682,24.57,-0.0855,14.7886
0.684,24.6346,-0.0857,14.8263
0.686,24.6991,-0.0858,14.864
0.688,24.7635,-0.086,14.9016
0.69,24.8279,-0.0862,14.9393
0.692,24.8923,-0.0864,14.9769
0.694,24.9567,-0.0865,15.0145
0.696,25.021,-0.0867,15.052
0.698,25.0852,-0.0869,15.0895
0.7,25.1495,-0.0871,15.127
0.702,25.2137,-0.0872,15.1644
0.704,25.2778,-0.0874,15.2018
0.706,25.3419,-0.0876,15.2392
0.708,25.406,-0.0877,15.2766
0.71,25.47,-0.0879,15.3139
0.712,25.534,-0.0881,15.3512
0.714,25.598,-0.0883,15.3884
0.716,25.6619,-0.0884,15.4256
0.718,25.7258,-0.0886,15.4628
0.72,25.7897,-0.0888,15.5
0.722,25.8535,-0.0889,15.5371
0.724,25.9173,-0.0891,15.5742
0.726,25.981,-0.0893,15.6113
0.728,26.0447,-0.0894,15.6483
0.73,26.1084,-0.0896,15.6853
0.732,26.172,-0.0898,15.7223
0.734,26.2356,-0.0899,15.7592
0.736,26.2992,-0.0901,15.7962
0.738,26.3627,-0.0903,15.833
0.74,26.4261,-0.0904,15.8699
0.742,26.4896,-0.0906,15.9067
0.744,26.553,-0.0908,15.9435
0.746,26.6164,-0.0909,15.9802
0.748,26.6797,-0.0911,16.0169
0.75,26.743,-0.0913,16.0536
0.752,26.8062,-0.0914,16.0903
0.754,26.8695,-0.0916,16.1269
0.756,26.9326,-0.0917,16.1635
0.758,26.9958,-0.0919,16.2001
0.76,27.0589,-0.0921,16.2366
0.762,27.122,-0.0922,16.2731
0.764,27.185,-0.0924,16.3096
0.766,27.248,-0.0925,16.346
0.768,27.311,-0.0927,16.3824
0.77,27.3739,-0.0929,16.4188
0.772,27.4368,-0.093,16.4551
0.774,27.4996,-0.0932,16.4914
0.776,27.5625,-0.0933,16.5277
0.778,27.6252,-0.0935,16.564
0.78,27.688,-0.0937,16.6002
0.782,27.7507,-0.0938,16.6364
0.784,27.8134,-0.094,16.6725
0.786,27.876,-0.0941,16.7087
0.788,27.9386,-0.0943,16.7448
0.79,28.0012,-0.0944,16.7808
0.792,28.0637,-0.0946,16.8168
0.794,28.1262,-0.0948,16.8528
0.796,28.1886,-0.0949,16.8888
0.798,28.251,-0.0951,16.9248
0.8,28.3134,-0.0952,16.9607
0.802,28.3758,-0.0954,16.9965
0.804,28.4381,-0.0955,17.0324
0.806,28.5004,-0.0957,17.0682
0.808,28.5626,-0.0958,17.104
0.81,28.6248,-0.096,17.1397
0.812,28.687,-0.0961,17.1754
0.814,28.7491,-0.0963,17.2111
0.816,28.8112,-0.0964,17.2468
0.818,28.8733,-0.0966,17.2824
0.82,28.9353,-0.0967,17.318
0.822,28.9973,-0.0969,17.3536
0.824,29.0592,-0.097,17.3891
0.826,29.1212,-0.0972,17.4246
0.828,29.183,-0.0973,17.4601
0.83,29.2449,-0.0975,17.4955
0.832,29.3067,-0.0976,17.5309
0.834,29.3685,-0.0978,17.5663
0.836,29.4302,-0.0979,17.6016
0.838,29.4919,-0.0981,17.6369
0.84,29.5536,-0.0982,17.6722
0.842,29.6152,-0.0984,17.7075
0.844,29.6768,-0.0985,17.7427
0.846,29.7384,-0.0987,17.7779
0.848,29.7999,-0.0988,17.813
0.85,29.8614,-0.099,17.8482
0.852,29.9229,-0.0991,17.8833
0.854,29.9843,-0.0993,17.9183
0.856,30.0457,-0.0994,17.9533
0.858,30.1071,-0.0995,17.9883
0.86,30.1684,-0.0997,18.0233
0.862,30.2297,-0.0998,18.0583
0.864,30.2909,-0.1,18.0932
0.866,30.3522,-0.1001,18.128
0.868,30.4133,-0.1003,18.1629
0.87,30.4745,-0.1004,18.1977
0.872,30.5356,-0.1005,18.2325
0.874,30.5967,-0.1007,18.2672
0.876,30.6577,-0.1008,18.302
0.878,30.7188,-0.101,18.3367
0.88,30.7797,-0.1011,18.3713
0.882,30.8407,-0.1012,18.406
0.884,30.9016,-0.1014,18.4406
0.886,30.9625,-0.1015,18.4751
0.888,31.0233,-0.1017,18.5097
0.89,31.0841,-0.1018,18.5442
0.892,31.1449,-0.1019,18.5786
0.8941,31.2071,-0.1021,18.6139
0.8961,31.2694,-0.1022,18.6492
0.8982,31.3315,-0.1024,18.6845
0.9002,31.3937,-0.1025,18.7197
0.9023,31.4558,-0.1026,18.7548
0.9043,31.5179,-0.1028,18.79
0.9064,31.5799,-0.1029,18.8251
0.9084,31.6419,-0.1031,18.8602
0.9105,31.7039,-0.1032,18.8952
0.9125,31.7658,-0.1033,18.9302
0.9146,31.8277,-0.1035,18.9652
0.9166,31.8896,-0.1036,19.0002
0.9187,31.9514,-0.1037,19.0351
0.9207,32.0132,-0.1039,19.0699
0.9228,32.075,-0.104,19.1048
0.9248,32.1367,-0.1042,19.1396
0.9269,32.1984,-0.1043,19.1744
0.9289,32.2601,-0.1044,19.2092
0.931,32.3217,-0.1046,19.2439
0.933,32.3833,-0.1047,19.2786
0.9351,32.4448,-0.1048,19.3132
0.9371,32.5063,-0.105,19.3478
0.9392,32.5678,-0.1051,19.3824
0.9412,32.6292,-0.1052,19.417
0.9433,32.6907,-0.1054,19.4515
0.9453,32.752,-0.1055,19.486
0.9474,32.8134,-0.1056,19.5205
0.9494,32.8747,-0.1058,19.5549
0.9515,32.9359,-0.1059,19.5893
0.9535,32.9972,-0.106,19.6237
0.9556,33.0584,-0.1062,19.658
0.9576,33.1195,-0.1063,19.6923
0.9597,33.1807,-0.1064,19.7266
0.9617,33.2418,-0.1065,19.7608
0.9638,33.3028,-0.1067,19.795
0.9658,33.3639,-0.1068,19.8292
0.9679,33.4249,-0.1069,19.8633
0.9699,33.4858,-0.1071,19.8974
0.972,33.5467,-0.1072,19.9315
0.974,33.6076,-0.1073,19.9655
0.9761,33.6685,-0.1074,19.9995
0.9781,33.7293,-0.1076,20.0335
0.9802,33.7901,-0.1077,20.0675
0.9822,33.8509,-0.1078,20.1014
0.9843,33.9116,-0.108,20.1353
0.9863,33.9723,-0.1081,20.1691
0.9884,34.0329,-0.1082,20.2029
0.9904,34.0935,-0.1083,20.2367
0.9925,34.1541,-0.1085,20.2705
0.9945,34.2147,-0.1086,20.3042
0.9966,34.2752,-0.1087,20.3379
0.9986,34.3357,-0.1088,20.3715
1.0007,34.3961,-0.109,20.4052
1.0027,34.4565,-0.1091,20.4387
1.0048,34.5169,-0.1092,20.4723
1.0068,34.5773,-0.1093,20.5058
1.0089,34.6376,-0.1094,20.5393
1.0109,34.6979,-0.1096,20.5728
1.013,34.7581,-0.1097,20.6062
1.015,34.8183,-0.1098,20.6396
1.0171,34.8785,-0.1099,20.673
1.0191,34.9387,-0.11,20.7063
1.0212,34.9988,-0.1102,20.7396
1.0232,35.0589,-0.1103,20.7729
1.0253,35.1189,-0.1104,20.8061
1.0273,35.1789,-0.1105,20.8393
1.0294,35.2389,-0.1106,20.8725
1.0314,35.2989,-0.1108,20.9056
1.0335,35.3588,-0.1109,20.9387
1.0355,35.4187,-0.111,20.9718
1.0376,35.4785,-0.1111,21.0049
1.0396,35.5383,-0.1112,21.0379
1.0417,35.5981,-0.1114,21.0709
1.0437,35.6579,-0.1115,21.1038
1.0458,35.7176,-0.1116,21.1367
1.0478,35.7773,-0.1117,21.1696
1.0499,35.8369,-0.1118,21.2025
1.0519,35.8965,-0.1119,21.2353
1.054,35.9561,-0.112,21.2681
1.056,36.0157,-0.1122,21.3008
1.0581,36.0752,-0.1123,21.3336
1.0601,36.1347,-0.1124,21.3663
1.0622,36.1941,-0.1125,21.3989
1.0642,36.2535,-0.1126,21.4315
1.0663,36.3129,-0.1127,21.4641
1.0683,36.3723,-0.1128,21.4967
1.0704,36.4316,-0.113,21.5292
1.0724,36.4909,-0.1131,21.5617
1.0745,36.5502,-0.1132,21.5942
1.0765,36.6094,-0.1133,21.6266
1.0786,36.6686,-0.1134,21.659
1.0806,36.7278,-0.1135,21.6914
1.0827,36.7869,-0.1136,21.7238
1.0847,36.846,-0.1137,21.7561
1.0868,36.9051,-0.1138,21.7883
1.0888,36.9641,-0.114,21.8206
1.0909,37.0231,-0.1141,21.8528
1.0929,37.0821,-0.1142,21.885
1.095,37.141,-0.1143,21.9171
1.097,37.1999,-0.1144,21.9493
1.0991,37.2588,-0.1145,21.9813
1.1011,37.3176,-0.1146,22.0134
1.1032,37.3764,-0.1147,22.0454
1.1052,37.4352,-0.1148,22.0774
1.1073,37.494,-0.1149,22.1094
1.1093,37.5527,-0.115,22.1413
1.1114,37.6114,-0.1151,22.1732
1.1134,37.67,-0.1152,22.2051
1.1155,37.7286,-0.1153,22.2369
1.1175,37.7872,-0.1155,22.2687
1.1196,37.8458,-0.1156,22.3004
1.1216,37.9043,-0.1157,22.3322
1.1237,37.9628,-0.1158,22.3639
1.1257,38.0213,-0.1159,22.3956
1.1278,38.0797,-0.116,22.4272
1.1298,38.1381,-0.1161,22.4588
1.1319,38.1965,-0.1162,22.4904
1.1339,38.2548,-0.1163,22.5219
1.136,38.3131,-0.1164,22.5534
1.138,38.3714,-0.1165,22.5849
1.1401,38.4296,-0.1166,22.6164
1.1421,38.4879,-0.1167,22.6478
1.1442,38.546,-0.1168,22.6792
1.1462,38.6042,-0.1169,22.7105
1.1483,38.6623,-0.117,22.7419
1.1503,38.7204,-0.1171,22.7731
1.1524,38.7785,-0.1172,22.8044
1.1544,38.8365,-0.1173,22.8356
1.1565,38.8945,-0.1174,22.8668
1.1585,38.9524,-0.1175,22.898
1.1606,39.0104,-0.1176,22.9291
1.1626,39.0683,-0.1177,22.9602
1.1647,39.1261,-0.1178,22.9913
1.1667,39.184,-0.1179,23.0223
1.1688,39.2418,-0.118,23.0533
1.1708,39.2996,-0.1181,23.0843
1.1729,39.3573,-0.1182,23.1152
1.1749,39.415,-0.1183,23.1462
1.177,39.4727,-0.1184,23.177
1.179,39.5304,-0.1185,23.2079
1.1811,39.588,-0.1186,23.2387
1.1831,39.6456,-0.1187,23.2695
1.1852,39.7032,-0.1187,23.3002
1.1872,39.7607,-0.1188,23.331
1.1893,39.8182,-0.1189,23.3616
1.1913,39.8757,-0.119,23.3923
1.1934,39.9331,-0.1191,23.4229
1.1954,39.9906,-0.1192,23.4535
1.1975,40.0479,-0.1193,23.4841
1.1995,40.1053,-0.1194,23.5146
1.2016,40.1626,-0.1195,23.5451
1.2036,40.2199,-0.1196,23.5756
1.2057,40.2772,-0.1197,23.606
1.2077,40.3344,-0.1198,23.6364
1.2098,40.3916,-0.1199,23.6668
1.2118,40.4488,-0.12,23.6971
1.2139,40.5059,-0.12,23.7274
1.2159,40.563,-0.1201,23.7577
1.218,40.6201,-0.1202,23.788
1.22,40.6772,-0.1203,23.8182
1.2221,40.7342,-0.1204,23.8484
1.2241,40.7912,-0.1205,23.8785
1.2262,40.8482,-0.1206,23.9086
1.2282,40.9051,-0.1207,23.9387
1.2303,40.962,-0.1208,23.9688
1.2323,41.0189,-0.1209,23.9988
1.2344,41.0757,-0.1209,24.0288
1.2364,41.1325,-0.121,24.0588
1.2385,41.1893,-0.1211,24.0887
1.2405,41.2461,-0.1212,24.1186
1.2426,41.3028,-0.1213,24.1485
1.2446,41.3595,-0.1214,24.1783
1.2467,41.4162,-0.1215,24.2081
1.2487,41.4728,-0.1215,24.2379
1.2508,41.5294,-0.1216,24.2676
1.2528,41.586,-0.1217,24.2973
1.2549,41.6426,-0.1218,24.327
1.2569,41.6991,-0.1219,24.3566
1.259,41.7556,-0.122,24.3863
1.261,41.8121,-0.1221,24.4158
1.2631,41.8685,-0.1221,24.4454
1.2651,41.9249,-0.1222,24.4749
1.2672,41.9813,-0.1223,24.5044
1.2692,42.0376,-0.1224,24.5339
1.2713,42.0939,-0.1225,24.5633
1.2733,42.1502,-0.1226,24.5927
1.2754,42.2065,-0.1226,24.6221
1.2774,42.2627,-0.1227,24.6514
1.2795,42.3189,-0.1228,24.6807
1.2815,42.3751,-0.1229,24.71
1.2836,42.4312,-0.123,24.7392
1.2856,42.4874,-0.123,24.7684
1.2877,42.5434,-0.1231,24.7976
1.2897,42.5995,-0.1232,24.8267
1.2918,42.6555,-0.1233,24.8558
1.2938,42.7115,-0.1234,24.8849
1.2959,42.7675,-0.1234,24.914
1.2979,42.8235,-0.1235,24.943
1.3,42.8794,-0.1236,24.972
1.302,42.9353,-0.1237,25.0009
1.3041,42.9911,-0.1238,25.0299
1.3061,43.0469,-0.1238,25.0588
1.3082,43.1028,-0.1239,25.0876
1.3102,43.1585,-0.124,25.1165
1.3123,43.2143,-0.1241,25.1453
1.3143,43.27,-0.1241,25.174
1.3164,43.3257,-0.1242,25.2028
1.3184,43.3813,-0.1243,25.2315
1.3205,43.437,-0.1244,25.2601
1.3225,43.4926,-0.1245,25.2888
1.3246,43.5481,-0.1245,25.3174
1.3266,43.6037,-0.1246,25.346
1.3287,43.6592,-0.1247,25.3745
1.3307,43.7147,-0.1248,25.403
1.3328,43.7702,-0.1248,25.4315
1.3348,43.8256,-0.1249,25.46
1.3369,43.881,-0.125,25.4884
1.3389,43.9364,-0.125,25.5168
1.341,43.9917,-0.1251,25.5452
1.343,44.0471,-0.1252,25.5735
1.3451,44.1024,-0.1253,25.6018
1.3471,44.1576,-0.1253,25.6301
1.3492,44.2129,-0.1254,25.6583
1.3512,44.2681,-0.1255,25.6865
1.3533,44.3233,-0.1256,25.7147
1.3553,44.3784,-0.1256,25.7428
1.3574,44.4336,-0.1257,25.7709
1.3594,44.4887,-0.1258,25.799
1.3615,44.5437,-0.1258,25.8271
1.3635,44.5988,-0.1259,25.8551
1.3656,44.6538,-0.126,25.8831
1.3676,44.7088,-0.126,25.911
1.3697,44.7638,-0.1261,25.939
1.3717,44.8187,-0.1262,25.9669
1.3738,44.8736,-0.1263,25.9947
1.3758,44.9285,-0.1263,26.0225
1.3779,44.9833,-0.1264,26.0504
1.3799,45.0382,-0.1265,26.0781
1.382,45.093,-0.1265,26.1059
1.384,45.1478,-0.1266,26.1336
1.3861,45.2025,-0.1267,26.1612
1.3881,45.2572,-0.1267,26.1889
1.3902,45.3119,-0.1268,26.2165
1.3922,45.3666,-0.1269,26.2441
1.3943,45.4212,-0.1269,26.2716
1.3963,45.4758,-0.127,26.2992
1.3984,45.5304,-0.1271,26.3266
1.4004,45.585,-0.1271,26.3541
1.4025,45.6395,-0.1272,26.3815
1.4045,45.694,-0.1273,26.4089
1.4066,45.7485,-0.1273,26.4363
1.4086,45.8029,-0.1274,26.4636
1.4107,45.8573,-0.1274,26.4909
1.4127,45.9117,-0.1275,26.5182
1.4148,45.9661,-0.1276,26.5454
1.4168,46.0204,-0.1276,26.5726
1.4189,46.0748,-0.1277,26.5998
1.4209,46.129,-0.1278,26.627
1.423,46.1833,-0.1278,26.6541
1.425,46.2375,-0.1279,26.6812
1.4271,46.2918,-0.128,26.7082
1.4291,46.3459,-0.128,26.7352
1.4312,46.4001,-0.1281,26.7622
1.4332,46.4542,-0.1281,26.7892
1.4353,46.5083,-0.1282,26.8161
1.4373,46.5624,-0.1283,26.843
1.4394,46.6164,-0.1283,26.8699
1.4414,46.6705,-0.1284,26.8967
1.4435,46.7245,-0.1284,26.9235
1.4455,46.7784,-0.1285,26.9503
1.4476,46.8324,-0.1286,26.9771
1.4496,46.8863,-0.1286,27.0038
1.4517,46.9402,-0.1287,27.0304
1.4537,46.9941,-0.1287,27.0571
1.4558,47.0479,-0.1288,27.0837
1.4578,47.1017,-0.1288,27.1103
1.4599,47.1555,-0.1289,27.1369
1.4619,47.2093,-0.129,27.1634
1.464,47.263,-0.129,27.1899
1.466,47.3167,-0.1291,27.2164
1.4681,47.3704,-0.1291,27.2428
1.4701,47.424,-0.1292,27.2692
1.4722,47.4777,-0.1292,27.2956
1.4742,47.5313,-0.1293,27.3219
1.4763,47.5849,-0.1294,27.3482
1.4783,47.6384,-0.1294,27.3745
1.4804,47.6919,-0.1295,27.4007
1.4824,47.7454,-0.1295,27.427
1.4845,47.7989,-0.1296,27.4531
1.4865,47.8524,-0.1296,27.4793
1.4886,47.9058,-0.1297,27.5054
1.4906,47.9592,-0.1297,27.5315
1.4927,48.0126,-0.1298,27.5576
1.4947,48.0659,-0.1299,27.5836
1.4968,48.1192,-0.1299,27.6096
1.4988,48.1725,-0.13,27.6356
1.5009,48.2258,-0.13,27.6615
1.5029,48.2791,-0.1301,27.6874
1.505,48.3323,-0.1301,27.7133
1.507,48.3855,-0.1302,27.7392
1.5091,48.4386,-0.1302,27.765
1.5111,48.4918,-0.1303,27.7908
1.5132,48.5449,-0.1303,27.8165
1.5152,48.598,-0.1304,27.8422
1.5173,48.6511,-0.1304,27.8679
1.5193,48.7041,-0.1305,27.8936
1.5214,48.7571,-0.1305,27.9192
1.5234,48.8101,-0.1306,27.9448
1.5255,48.8631,-0.1306,27.9704
1.5275,48.916,-0.1307,27.9959
1.5296,48.9689,-0.1307,28.0214
1.5316,49.0218,-0.1308,28.0469
1.5337,49.0747,-0.1308,28.0723
1.5357,49.1275,-0.1309,28.0978
1.5378,49.1804,-0.1309,28.1231
1.5398,49.2332,-0.131,28.1485
1.5419,49.2859,-0.131,28.1738
1.5439,49.3387,-0.1311,28.1991
1.546,49.3914,-0.1311,28.2244
1.548,49.4441,-0.1312,28.2496
1.5501,49.4967,-0.1312,28.2748
1.5521,49.5494,-0.1313,28.3
1.5542,49.602,-0.1313,28.3251
1.5562,49.6546,-0.1313,28.3502
1.5583,49.7072,-0.1314,28.3753
1.5603,49.7597,-0.1314,28.4003
1.5624,49.8122,-0.1315,28.4254
1.5644,49.8647,-0.1315,28.4503
1.5665,49.9172,-0.1316,28.4753
1.5685,49.9696,-0.1316,28.5002
1.5706,50.0221,-0.1317,28.5251
1.5726,50.0745,-0.1317,28.55
1.5747,50.1268,-0.1317,28.5748
1.5767,50.1792,-0.1318,28.5996
1.5788,50.2315,-0.1318,28.6244
1.5808,50.2838,-0.1319,28.6491
1.5829,50.3361,-0.1319,28.6738
1.5849,50.3883,-0.132,28.6985
1.587,50.4406,-0.132,28.7231
1.589,50.4928,-0.1321,28.7477
1.5911,50.5449,-0.1321,28.7723
1.5931,50.5971,-0.1321,28.7969
1.5952,50.6492,-0.1322,28.8214
1.5972,50.7013,-0.1322,28.8459
1.5993,50.7534,-0.1323,28.8704
1.6013,50.8055,-0.1323,28.8948
1.6034,50.8575,-0.1323,28.9192
1.6054,50.9095,-0.1324,28.9436
1.6075,50.9615,-0.1324,28.9679
1.6095,51.0134,-0.1325,28.9922
1.6116,51.0654,-0.1325,29.0165
1.6136,51.1173,-0.1325,29.0407
1.6157,51.1692,-0.1326,29.065
1.6177,51.2211,-0.1326,29.0891
1.6198,51.2729,-0.1327,29.1133
1.6218,51.3247,-0.1327,29.1374
1.6239,51.3765,-0.1327,29.1615
1.6259,51.4283,-0.1328,29.1856
1.628,51.48,-0.1328,29.2096
1.63,51.5317,-0.1328,29.2336
1.6321,51.5834,-0.1329,29.2576
1.6341,51.6351,-0.1329,29.2815
1.6362,51.6868,-0.133,29.3054
1.6382,51.7384,-0.133,29.3293
1.6403,51.79,-0.133,29.3532
1.6423,51.8416,-0.1331,29.377
1.6444,51.8931,-0.1331,29.4008
1.6464,51.9447,-0.1331,29.4245
1.6485,51.9962,-0.1332,29.4482
1.6505,52.0477,-0.1332,29.4719
1.6526,52.0991,-0.1332,29.4956
1.6546,52.1506,-0.1333,29.5192
1.6567,52.202,-0.1333,29.5428
1.6587,52.2534,-0.1334,29.5664
1.6608,52.3047,-0.1334,29.59
1.6628,52.3561,-0.1334,29.6135
1.6649,52.4074,-0.1335,29.637
1.6669,52.4587,-0.1335,29.6604
1.669,52.51,-0.1335,29.6838
1.671,52.5612,-0.1336,29.7072
1.6731,52.6125,-0.1336,29.7306
1.6751,52.6637,-0.1336,29.7539
1.6772,52.7149,-0.1337,29.7772
1.6792,52.766,-0.1337,29.8005
1.6813,52.8172,-0.1337,29.8237
1.6833,52.8683,-0.1337,29.8469
1.6854,52.9194,-0.1338,29.8701
1.6874,52.9704,-0.1338,29.8932
1.6895,53.0215,-0.1338,29.9164
1.6915,53.0725,-0.1339,29.9395
1.6936,53.1235,-0.1339,29.9625
1.6956,53.1745,-0.1339,29.9855
1.6977,53.2254,-0.134,30.0085
1.6997,53.2764,-0.134,30.0315
1.7018,53.3273,-0.134,30.0544
1.7038,53.3782,-0.1341,30.0773
1.7059,53.429,-0.1341,30.1002
1.7079,53.4799,-0.1341,30.123
1.7099,53.5307,-0.1341,30.1458
1.712,53.5815,-0.1342,30.1686
1.714,53.6323,-0.1342,30.1914
1.7161,53.683,-0.1342,30.2141
1.7181,53.7337,-0.1343,30.2368
1.7202,53.7844,-0.1343,30.2594
1.7222,53.8351,-0.1343,30.2821
1.7243,53.8858,-0.1343,30.3047
1.7263,53.9364,-0.1344,30.3272
1.7284,53.987,-0.1344,30.3498
1.7304,54.0376,-0.1344,30.3723
1.7325,54.0882,-0.1344,30.3948
1.7345,54.1388,-0.1345,30.4172
1.7366,54.1893,-0.1345,30.4396
1.7386,54.2398,-0.1345,30.462
1.7407,54.2903,-0.1345,30.4844
1.7427,54.3407,-0.1346,30.5067
1.7448,54.3912,-0.1346,30.529
1.7468,54.4416,-0.1346,30.5512
1.7489,54.492,-0.1346,30.5735
1.7509,54.5423,-0.1347,30.5957
1.753,54.5927,-0.1347,30.6178
1.755,54.643,-0.1347,30.64
1.7571,54.6933,-0.1347,30.6621
1.7591,54.7436,-0.1348,30.6842
1.7612,54.7939,-0.1348,30.7062
1.7632,54.8441,-0.1348,30.7283
1.7653,54.8943,-0.1348,30.7502
1.7673,54.9445,-0.1349,30.7722
1.7694,54.9947,-0.1349,30.7941
1.7714,55.0448,-0.1349,30.816
1.7735,55.095,-0.1349,30.8379
1.7755,55.1451,-0.1349,30.8597
1.7776,55.1952,-0.135,30.8815
1.7796,55.2452,-0.135,30.9033
1.7817,55.2953,-0.135,30.9251
1.7837,55.3453,-0.135,30.9468
1.7858,55.3953,-0.1351,30.9685
1.7878,55.4453,-0.1351,30.9901
1.7899,55.4952,-0.1351,31.0118
1.7919,55.5451,-0.1351,31.0334
1.794,55.5951,-0.1351,31.0549
1.796,55.6449,-0.1352,31.0765
1.7981,55.6948,-0.1352,31.098
1.8001,55.7447,-0.1352,31.1194
1.8022,55.7945,-0.1352,31.1409
1.8042,55.8443,-0.1352,31.1623
1.8063,55.8941,-0.1353,31.1837
1.8083,55.9438,-0.1353,31.205
1.8104,55.9936,-0.1353,31.2263
1.8124,56.0433,-0.1353,31.2476
1.8145,56.093,-0.1353,31.2689
1.8165,56.1427,-0.1353,31.2901
1.8186,56.1923,-0.1354,31.3113
1.8206,56.2419,-0.1354,31.3325
1.8227,56.2916,-0.1354,31.3537
1.8247,56.3411,-0.1354,31.3748
1.8268,56.3907,-0.1354,31.3958
1.8288,56.4403,-0.1354,31.4169
1.8309,56.4898,-0.1355,31.4379
1.8329,56.5393,-0.1355,31.4589
1.835,56.5888,-0.1355,31.4799
1.837,56.6382,-0.1355,31.5008
1.8391,56.6877,-0.1355,31.5217
1.8411,56.7371,-0.1355,31.5426
1.8432,56.7865,-0.1356,31.5634
1.8452,56.8359,-0.1356,31.5842
1.8473,56.8852,-0.1356,31.605
1.8493,56.9346,-0.1356,31.6257
1.8514,56.9839,-0.1356,31.6465
1.8534,57.0332,-0.1356,31.6671
1.8555,57.0825,-0.1356,31.6878
1.8575,57.1317,-0.1357,31.7084
1.8596,57.181,-0.1357,31.729
1.8616,57.2302,-0.1357,31.7496
1.8637,57.2794,-0.1357,31.7701
1.8657,57.3285,-0.1357,31.7906
1.8678,57.3777,-0.1357,31.8111
1.8698,57.4268,-0.1357,31.8316
1.8719,57.4759,-0.1357,31.852
1.8739,57.525,-0.1358,31.8724
1.876,57.5741,-0.1358,31.8927
1.878,57.6231,-0.1358,31.913
1.8801,57.6722,-0.1358,31.9333
1.8821,57.7212,-0.1358,31.9536
1.8842,57.7701,-0.1358,31.9738
1.8862,57.8191,-0.1358,31.994
1.8883,57.8681,-0.1358,32.0142
1.8903,57.917,-0.1358,32.0344
1.8924,57.9659,-0.1359,32.0545
1.8944,58.0148,-0.1359,32.0746
1.8965,58.0636,-0.1359,32.0946
1.8985,58.1125,-0.1359,32.1146
1.9006,58.1613,-0.1359,32.1346
1.9026,58.2101,-0.1359,32.1546
1.9047,58.2589,-0.1359,32.1745
1.9067,58.3076,-0.1359,32.1944
1.9088,58.3564,-0.1359,32.2143
1.9108,58.4051,-0.1359,32.2342
1.9129,58.4538,-0.1359,32.254
1.9149,58.5025,-0.136,32.2738
1.917,58.5511,-0.136,32.2935
1.919,58.5998,-0.136,32.3132
1.9211,58.6484,-0.136,32.3329
1.9231,58.697,-0.136,32.3526
1.9252,58.7456,-0.136,32.3722
1.9272,58.7941,-0.136,32.3918
1.9293,58.8427,-0.136,32.4114
1.9313,58.8912,-0.136,32.4309
1.9334,58.9397,-0.136,32.4505
1.9354,58.9882,-0.136,32.4699
1.9375,59.0366,-0.136,32.4894
1.9395,59.0851,-0.136,32.5088
1.9416,59.1335,-0.136,32.5282
1.9436,59.1819,-0.1361,32.5476
1.9457,59.2303,-0.1361,32.5669
1.9477,59.2786,-0.1361,32.5862
1.9498,59.327,-0.1361,32.6055
1.9518,59.3753,-0.1361,32.6247
1.9539,59.4236,-0.1361,32.6439
1.9559,59.4719,-0.1361,32.6631
1.958,59.5202,-0.1361,32.6823
1.96,59.5684,-0.1361,32.7014
1.9621,59.6166,-0.1361,32.7205
1.9641,59.6648,-0.1361,32.7395
1.9662,59.713,-0.1361,32.7586
1.9682,59.7612,-0.1361,32.7776
1.9703,59.8093,-0.1361,32.7965
1.9723,59.8575,-0.1361,32.8155
1.9744,59.9056,-0.1361,32.8344
1.9764,59.9536,-0.1361,32.8533
1.9785,60.0017,-0.1361,32.8721
1.9805,60.0498,-0.1361,32.891
1.9826,60.0978,-0.1361,32.9097
1.9846,60.1458,-0.1361,32.9285
1.9867,60.1938,-0.1361,32.9472
1.9887,60.2418,-0.1361,32.9659
1.9908,60.2897,-0.1361,32.9846
1.9928,60.3376,-0.1361,33.0033
1.9949,60.3856,-0.1361,33.0219
1.9969,60.4335,-0.1361,33.0404
1.999,60.4813,-0.1361,33.059
2.001,60.5292,-0.1361,33.0775
2.0031,60.577,-0.1361,33.096
2.0051,60.6248,-0.1361,33.1145
2.0072,60.6726,-0.1361,33.1329
2.0092,60.7204,-0.1361,33.1513
2.0113,60.7682,-0.1361,33.1697
2.0133,60.8159,-0.1361,33.188
2.0154,60.8636,-0.1361,33.2063
2.0174,60.9113,-0.1361,33.2246
2.0195,60.959,-0.1361,33.2429
2.0215,61.0067,-0.1361,33.2611
2.0236,61.0543,-0.1361,33.2793
2.0256,61.102,-0.1361,33.2975
2.0277,61.1496,-0.1361,33.3156
2.0297,61.1972,-0.1361,33.3337
2.0318,61.2447,-0.1361,33.3518
2.0338,61.2923,-0.1361,33.3698
2.0359,61.3398,-0.1361,33.3878
2.0379,61.3873,-0.1361,33.4058
2.04,61.4348,-0.1361,33.4238
2.042,61.4823,-0.1361,33.4417
2.0441,61.5298,-0.1361,33.4596
2.0461,61.5772,-0.1361,33.4774
2.0482,61.6246,-0.1361,33.4953
2.0502,61.672,-0.1361,33.5131
2.0523,61.7194,-0.1361,33.5308
2.0543,61.7668,-0.1361,33.5486
2.0564,61.8141,-0.1361,33.5663
2.0584,61.8614,-0.1361,33.584
2.0605,61.9088,-0.1361,33.6016
2.0625,61.956,-0.136,33.6193
2.0646,62.0033,-0.136,33.6369
2.0666,62.0506,-0.136,33.6544
2.0687,62.0978,-0.136,33.672
2.0707,62.145,-0.136,33.6895
2.0728,62.1922,-0.136,33.7069
2.0748,62.2394,-0.136,33.7244
2.0769,62.2866,-0.136,33.7418
2.0789,62.3337,-0.136,33.7592
2.081,62.3808,-0.136,33.7766
2.083,62.4279,-0.136,33.7939
2.0851,62.475,-0.136,33.8112
2.0871,62.5221,-0.136,33.8284
2.0892,62.5692,-0.136,33.8457
2.0912,62.6162,-0.136,33.8629
2.0933,62.6632,-0.1359,33.8801
2.0953,62.7102,-0.1359,33.8972
2.0974,62.7572,-0.1359,33.9143
2.0994,62.8041,-0.1359,33.9314
2.1015,62.8511,-0.1359,33.9485
2.1035,62.898,-0.1359,33.9655
2.1056,62.9449,-0.1359,33.9825
2.1076,62.9918,-0.1359,33.9995
2.1097,63.0387,-0.1359,34.0164
2.1117,63.0855,-0.1359,34.0333
2.1138,63.1324,-0.1359,34.0502
2.1158,63.1792,-0.1358,34.067
2.1179,63.226,-0.1358,34.0839
2.1199,63.2728,-0.1358,34.1007
2.122,63.3195,-0.1358,34.1174
2.124,63.3663,-0.1358,34.1341
2.1261,63.413,-0.1358,34.1508
2.1281,63.4597,-0.1358,34.1675
2.1302,63.5064,-0.1358,34.1842
2.1322,63.5531,-0.1358,34.2008
2.1343,63.5997,-0.1358,34.2173
2.1363,63.6464,-0.1357,34.2339
2.1384,63.693,-0.1357,34.2504
2.1404,63.7396,-0.1357,34.2669
2.1425,63.7862,-0.1357,34.2834
2.1445,63.8328,-0.1357,34.2998
2.1466,63.8793,-0.1357,34.3162
2.1486,63.9259,-0.1357,34.3326
2.1507,63.9724,-0.1357,34.3489
2.1527,64.0189,-0.1356,34.3652
2.1548,64.0654,-0.1356,34.3815
2.1568,64.1118,-0.1356,34.3978
2.1589,64.1583,-0.1356,34.414
2.1609,64.2047,-0.1356,34.4302
2.163,64.2511,-0.1356,34.4464
2.165,64.2975,-0.1356,34.4625
2.1671,64.3439,-0.1355,34.4786
2.1691,64.3902,-0.1355,34.4947
2.1712,64.4366,-0.1355,34.5107
2.1732,64.4829,-0.1355,34.5267
2.1753,64.5292,-0.1355,34.5427
2.1773,64.5755,-0.1355,34.5587
2.1794,64.6218,-0.1355,34.5746
2.1814,64.668,-0.1354,34.5905
2.1835,64.7143,-0.1354,34.6064
2.1855,64.7605,-0.1354,34.6222
2.1876,64.8067,-0.1354,34.638
2.1896,64.8529,-0.1354,34.6538
2.1917,64.8991,-0.1354,34.6696
2.1937,64.9452,-0.1354,34.6853
2.1958,64.9913,-0.1353,34.701
2.1978,65.0375,-0.1353,34.7166
2.1999,65.0836,-0.1353,34.7323
2.2019,65.1297,-0.1353,34.7479
2.204,65.1757,-0.1353,34.7634
2.206,65.2218,-0.1353,34.779
2.2081,65.2678,-0.1352,34.7945
2.2101,65.3138,-0.1352,34.81
2.2122,65.3598,-0.1352,34.8254
2.2142,65.4058,-0.1352,34.8408
2.2163,65.4518,-0.1352,34.8562
2.2183,65.4977,-0.1351,34.8716
2.2204,65.5437,-0.1351,34.8869
2.2224,65.5896,-0.1351,34.9022
2.2245,65.6355,-0.1351,34.9175
2.2265,65.6813,-0.1351,34.9328
2.2286,65.7272,-0.1351,34.948
2.2306,65.7731,-0.135,34.9632
2.2327,65.8189,-0.135,34.9783
2.2347,65.8647,-0.135,34.9934
2.2368,65.9105,-0.135,35.0085
2.2388,65.9563,-0.135,35.0236
2.2409,66.0021,-0.1349,35.0386
2.2429,66.0478,-0.1349,35.0537
2.245,66.0935,-0.1349,35.0686
2.247,66.1393,-0.1349,35.0836
2.2491,66.1849,-0.1349,35.0985
2.2511,66.2306,-0.1348,35.1134
2.2532,66.2763,-0.1348,35.1282
2.2552,66.3219,-0.1348,35.1431
2.2573,66.3676,-0.1348,35.1579
2.2593,66.4132,-0.1348,35.1727
2.2614,66.4588,-0.1347,35.1874
2.2634,66.5044,-0.1347,35.2021
2.2655,66.5499,-0.1347,35.2168
2.2675,66.5955,-0.1347,35.2314
2.2696,66.641,-0.1346,35.2461
2.2716,66.6866,-0.1346,35.2607
2.2737,66.7321,-0.1346,35.2752
2.2757,66.7775,-0.1346,35.2898
2.2778,66.823,-0.1346,35.3043
2.2798,66.8685,-0.1345,35.3187
2.2819,66.9139,-0.1345,35.3332
2.2839,66.9593,-0.1345,35.3476
2.286,67.0047,-0.1345,35.362
2.288,67.0501,-0.1344,35.3763
2.2901,67.0955,-0.1344,35.3907
2.2921,67.1408,-0.1344,35.405
2.2942,67.1862,-0.1344,35.4192
2.2962,67.2315,-0.1343,35.4335
2.2983,67.2768,-0.1343,35.4477
2.3003,67.3221,-0.1343,35.4619
2.3024,67.3674,-0.1343,35.476
2.3044,67.4126,-0.1342,35.4901
2.3065,67.4579,-0.1342,35.5042
2.3085,67.5031,-0.1342,35.5183
2.3106,67.5483,-0.1342,35.5323
2.3126,67.5935,-0.1341,35.5463
2.3147,67.6387,-0.1341,35.5603
2.3167,67.6839,-0.1341,35.5743
2.3188,67.729,-0.1341,35.5882
2.3208,67.7741,-0.134,35.6021
2.3229,67.8193,-0.134,35.6159
2.3249,67.8644,-0.134,35.6297
2.327,67.9094,-0.134,35.6435
2.329,67.9545,-0.1339,35.6573
2.3311,67.9996,-0.1339,35.671
2.3331,68.0446,-0.1339,35.6847
2.3352,68.0896,-0.1339,35.6984
2.3372,68.1346,-0.1338,35.7121
2.3393,68.1796,-0.1338,35.7257
2.3413,68.2246,-0.1338,35.7393
2.3434,68.2696,-0.1337,35.7528
2.3454,68.3145,-0.1337,35.7664
2.3475,68.3594,-0.1337,35.7799
2.3495,68.4043,-0.1337,35.7933
2.3516,68.4492,-0.1336,35.8068
2.3536,68.4941,-0.1336,35.8202
2.3557,68.539,-0.1336,35.8336
2.3577,68.5838,-0.1336,35.8469
2.3598,68.6287,-0.1335,35.8603
2.3618,68.6735,-0.1335,35.8736
2.3639,68.7183,-0.1335,35.8868
2.3659,68.7631,-0.1334,35.9001
2.368,68.8079,-0.1334,35.9133
2.37,68.8526,-0.1334,35.9264
2.3721,68.8974,-0.1333,35.9396
2.3741,68.9421,-0.1333,35.9527
2.3762,68.9868,-0.1333,35.9658
2.3782,69.0315,-0.1333,35.9789
2.3803,69.0762,-0.1332,35.9919
2.3823,69.1209,-0.1332,36.0049
2.3844,69.1655,-0.1332,36.0179
2.3864,69.2101,-0.1331,36.0308
2.3885,69.2548,-0.1331,36.0437
2.3905,69.2994,-0.1331,36.0566
2.3926,69.344,-0.133,36.0695
2.3946,69.3885,-0.133,36.0823
2.3967,69.4331,-0.133,36.0951
2.3987,69.4776,-0.133,36.1078
2.4008,69.5222,-0.1329,36.1206
2.4028,69.5667,-0.1329,36.1333
2.4049,69.6112,-0.1329,36.146
2.4069,69.6557,-0.1328,36.1586
2.409,69.7001,-0.1328,36.1712
2.411,69.7446,-0.1328,36.1838
2.4131,69.789,-0.1327,36.1964
2.4151,69.8335,-0.1327,36.2089
2.4172,69.8779,-0.1327,36.2214
2.4192,69.9223,-0.1326,36.2339
2.4213,69.9666,-0.1326,36.2463
2.4233,70.011,-0.1326,36.2587
2.4254,70.0554,-0.1325,36.2711
2.4274,70.0997,-0.1325,36.2835
2.4295,70.144,-0.1325,36.2958
2.4315,70.1883,-0.1324,36.3081
2.4336,70.2326,-0.1324,36.3204
2.4356,70.2769,-0.1324,36.3326
2.4377,70.3211,-0.1323,36.3448
2.4397,70.3654,-0.1323,36.357
2.4418,70.4096,-0.1323,36.3691
2.4438,70.4538,-0.1322,36.3813
2.4459,70.498,-0.1322,36.3934
2.4479,70.5422,-0.1322,36.4054
2.45,70.5864,-0.1321,36.4174
2.452,70.6306,-0.1321,36.4294
2.4541,70.6747,-0.1321,36.4414
2.4561,70.7188,-0.132,36.4534
2.4582,70.763,-0.132,36.4653
2.4602,70.8071,-0.1319,36.4772
2.4623,70.8511,-0.1319,36.489
2.4643,70.8952,-0.1319,36.5008
2.4664,70.9393,-0.1318,36.5126
2.4684,70.9833,-0.1318,36.5244
2.4705,71.0273,-0.1318,36.5361
2.4725,71.0714,-0.1317,36.5479
2.4746,71.1154,-0.1317,36.5595
2.4766,71.1593,-0.1317,36.5712
2.4787,71.2033,-0.1316,36.5828
2.4807,71.2473,-0.1316,36.5944
2.4828,71.2912,-0.1315,36.606
2.4848,71.3351,-0.1315,36.6175
2.4869,71.379,-0.1315,36.629
2.4889,71.4229,-0.1314,36.6405
2.491,71.4668,-0.1314,36.6519
2.493,71.5107,-0.1314,36.6633
2.4951,71.5546,-0.1313,36.6747
2.4971,71.5984,-0.1313,36.6861
2.4992,71.6422,-0.1312,36.6974
2.5012,71.686,-0.1312,36.7087
2.5033,71.7298,-0.1312,36.72
2.5053,71.7736,-0.1311,36.7312
2.5074,71.8174,-0.1311,36.7424
2.5094,71.8612,-0.1311,36.7536
2.5115,71.9049,-0.131,36.7648
2.5135,71.9486,-0.131,36.7759
2.5156,71.9923,-0.1309,36.787
2.5176,72.036,-0.1309,36.798
2.5197,72.0797,-0.1309,36.8091
2.5217,72.1234,-0.1308,36.8201
2.5238,72.1671,-0.1308,36.8311
2.5258,72.2107,-0.1307,36.842
2.5279,72.2543,-0.1307,36.8529
2.5299,72.298,-0.1307,36.8638
2.532,72.3416,-0.1306,36.8747
2.534,72.3851,-0.1306,36.8855
2.5361,72.4287,-0.1305,36.8963
2.5381,72.4723,-0.1305,36.9071
2.5402,72.5158,-0.1305,36.9178
2.5422,72.5594,-0.1304,36.9285
2.5443,72.6029,-0.1304,36.9392
2.5463,72.6464,-0.1303,36.9499
2.5484,72.6899,-0.1303,36.9605
2.5504,72.7334,-0.1303,36.9711
2.5525,72.7768,-0.1302,36.9817
2.5545,72.8203,-0.1302,36.9922
2.5566,72.8637,-0.1301,37.0027
2.5586,72.9071,-0.1301,37.0132
2.5607,72.9506,-0.13,37.0237
2.5627,72.994,-0.13,37.0341
2.5648,73.0373,-0.13,37.0445
2.5668,73.0807,-0.1299,37.0548
2.5689,73.1241,-0.1299,37.0652
2.5709,73.1674,-0.1298,37.0755
2.573,73.2107,-0.1298,37.0857
2.575,73.254,-0.1297,37.096
2.5771,73.2973,-0.1297,37.1062
2.5791,73.3406,-0.1297,37.1164
2.5812,73.3839,-0.1296,37.1266
2.5832,73.4272,-0.1296,37.1367
2.5853,73.4704,-0.1295,37.1468
2.5873,73.5137,-0.1295,37.1569
2.5894,73.5569,-0.1294,37.1669
2.5914,73.6001,-0.1294,37.1769
2.5935,73.6433,-0.1294,37.1869
2.5955,73.6865,-0.1293,37.1968
2.5976,73.7296,-0.1293,37.2068
2.5996,73.7728,-0.1292,37.2167
2.6017,73.8159,-0.1292,37.2265
2.6037,73.8591,-0.1291,37.2364
2.6058,73.9022,-0.1291,37.2462
2.6078,73.9453,-0.129,37.256
2.6099,73.9884,-0.129,37.2657
2.6119,74.0314,-0.129,37.2754
2.614,74.0745,-0.1289,37.2851
2.616,74.1175,-0.1289,37.2948
2.6181,74.1606,-0.1288,37.3044
2.6201,74.2036,-0.1288,37.314
2.6222,74.2466,-0.1287,37.3236
2.6242,74.2896,-0.1287,37.3332
2.6263,74.3326,-0.1286,37.3427
2.6283,74.3756,-0.1286,37.3522
2.6304,74.4185,-0.1285,37.3616
2.6324,74.4615,-0.1285,37.371
2.6345,74.5044,-0.1285,37.3804
2.6365,74.5473,-0.1284,37.3898
2.6386,74.5902,-0.1284,37.3992
2.6406,74.6331,-0.1283,37.4085
2.6427,74.676,-0.1283,37.4178
2.6447,74.7188,-0.1282,37.427
2.6468,74.7617,-0.1282,37.4362
2.6488,74.8045,-0.1281,37.4454
2.6509,74.8474,-0.1281,37.4546
2.6529,74.8902,-0.128,37.4637
2.655,74.933,-0.128,37.4729
2.657,74.9758,-0.1279,37.4819
2.6591,75.0185,-0.1279,37.491
2.6611,75.0613,-0.1278,37.5
2.6632,75.1041,-0.1278,37.509
2.6652,75.1468,-0.1277,37.518
2.6673,75.1895,-0.1277,37.5269
2.6693,75.2322,-0.1277,37.5358
2.6714,75.2749,-0.1276,37.5447
2.6734,75.3176,-0.1276,37.5535
2.6755,75.3603,-0.1275,37.5624
2.6775,75.403,-0.1275,37.5711
2.6796,75.4456,-0.1274,37.5799
2.6816,75.4882,-0.1274,37.5886
2.6837,75.5309,-0.1273,37.5973
2.6857,75.5735,-0.1273,37.606
2.6878,75.6161,-0.1272,37.6147
2.6898,75.6587,-0.1272,37.6233
2.6919,75.7012,-0.1271,37.6319
2.6939,75.7438,-0.1271,37.6404
2.696,75.7863,-0.127,37.6489
2.698,75.8289,-0.127,37.6574
2.7001,75.8714,-0.1269,37.6659
2.7021,75.9139,-0.1269,37.6744
2.7042,75.9564,-0.1268,37.6828
2.7062,75.9989,-0.1268,37.6912
2.7083,76.0414,-0.1267,37.6995
2.7103,76.0838,-0.1267,37.7078
2.7124,76.1263,-0.1266,37.7161
2.7144,76.1687,-0.1266,37.7244
2.7165,76.2111,-0.1265,37.7326
2.7185,76.2535,-0.1265,37.7408
2.7206,76.2959,-0.1264,37.749
2.7226,76.3383,-0.1264,37.7572
2.7247,76.3807,-0.1263,37.7653
2.7267,76.4231,-0.1263,37.7734
2.7288,76.4654,-0.1262,37.7815
2.7308,76.5078,-0.1261,37.7895
2.7329,76.5501,-0.1261,37.7975
2.7349,76.5924,-0.126,37.8055
2.737,76.6347,-0.126,37.8134
2.739,76.677,-0.1259,37.8213
2.7411,76.7193,-0.1259,37.8292
2.7431,76.7615,-0.1258,37.8371
2.7452,76.8038,-0.1258,37.8449
2.7472,76.846,-0.1257,37.8527
2.7493,76.8882,-0.1257,37.8605
2.7513,76.9305,-0.1256,37.8682
2.7534,76.9727,-0.1256,37.876
2.7554,77.0149,-0.1255,37.8836
2.7575,77.057,-0.1255,37.8913
2.7595,77.0992,-0.1254,37.8989
2.7616,77.1414,-0.1254,37.9065
2.7636,77.1835,-0.1253,37.9141
2.7657,77.2256,-0.1253,37.9216
2.7677,77.2678,-0.1252,37.9292
2.7698,77.3099,-0.1251,37.9366
2.7718,77.352,-0.1251,37.9441
2.7739,77.3941,-0.125,37.9515
2.7759,77.4361,-0.125,37.9589
2.778,77.4782,-0.1249,37.9663
2.78,77.5202,-0.1249,37.9736
2.7821,77.5623,-0.1248,37.9809
2.7841,77.6043,-0.1248,37.9882
2.7862,77.6463,-0.1247,37.9955
2.7882,77.6883,-0.1247,38.0027
2.7903,77.7303,-0.1246,38.0099
2.7923,77.7723,-0.1245,38.0171
2.7944,77.8142,-0.1245,38.0242
2.7964,77.8562,-0.1244,38.0313
2.7985,77.8981,-0.1244,38.0384
2.8005,77.9401,-0.1243,38.0454
2.8026,77.982,-0.1243,38.0524
2.8046,78.0239,-0.1242,38.0594
2.8067,78.0658,-0.1242,38.0664
2.8087,78.1077,-0.1241,38.0733
2.8108,78.1496,-0.124,38.0802
2.8128,78.1914,-0.124,38.0871
2.8149,78.2333,-0.1239,38.094
2.8169,78.2751,-0.1239,38.1008
2.819,78.3169,-0.1238,38.1076
2.821,78.3588,-0.1238,38.1143
2.8231,78.4006,-0.1237,38.1211
2.8251,78.4423,-0.1237,38.1278
2.8272,78.4841,-0.1236,38.1344
2.8292,78.5259,-0.1235,38.1411
2.8313,78.5677,-0.1235,38.1477
2.8333,78.6094,-0.1234,38.1543
2.8354,78.6511,-0.1234,38.1608
2.8374,78.6929,-0.1233,38.1674
2.8395,78.7346,-0.1233,38.1739
2.8415,78.7763,-0.1232,38.1803
2.8436,78.818,-0.1231,38.1868
2.8456,78.8596,-0.1231,38.1932
2.8477,78.9013,-0.123,38.1996
2.8497,78.943,-0.123,38.2059
2.8518,78.9846,-0.1229,38.2123
2.8538,79.0262,-0.1228,38.2186
2.8559,79.0679,-0.1228,38.2248
2.8579,79.1095,-0.1227,38.2311
2.86,79.1511,-0.1227,38.2373
2.862,79.1927,-0.1226,38.2435
2.8641,79.2342,-0.1226,38.2496
2.8661,79.2758,-0.1225,38.2557
2.8682,79.3174,-0.1224,38.2618
2.8702,79.3589,-0.1224,38.2679
2.8723,79.4004,-0.1223,38.274
2.8743,79.442,-0.1223,38.28
2.8764,79.4835,-0.1222,38.2859
2.8784,79.525,-0.1221,38.2919
2.8805,79.5665,-0.1221,38.2978
2.8825,79.6079,-0.122,38.3037
2.8846,79.6494,-0.122,38.3096
2.8866,79.6909,-0.1219,38.3154
2.8887,79.7323,-0.1218,38.3212
2.8907,79.7737,-0.1218,38.327
2.8928,79.8152,-0.1217,38.3327
2.8948,79.8566,-0.1217,38.3385
2.8969,79.898,-0.1216,38.3442
2.8989,79.9394,-0.1215,38.3498
2.901,79.9807,-0.1215,38.3555
2.903,80.0221,-0.1214,38.3611
2.9051,80.0635,-0.1214,38.3666
2.9071,80.1048,-0.1213,38.3722
2.9092,80.1461,-0.1212,38.3777
2.9112,80.1875,-0.1212,38.3832
2.9133,80.2288,-0.1211,38.3887
2.9153,80.2701,-0.1211,38.3941
2.9174,80.3114,-0.121,38.3995
2.9194,80.3526,-0.1209,38.4049
2.9215,80.3939,-0.1209,38.4102
2.9235,80.4352,-0.1208,38.4155
2.9256,80.4764,-0.1208,38.4208
2.9276,80.5177,-0.1207,38.4261
2.9297,80.5589,-0.1206,38.4313
2.9317,80.6001,-0.1206,38.4365
2.9338,80.6413,-0.1205,38.4417
2.9358,80.6825,-0.1204,38.4468
2.9379,80.7237,-0.1204,38.452
2.9399,80.7649,-0.1203,38.457
2.942,80.806,-0.1203,38.4621
2.944,80.8472,-0.1202,38.4671
2.9461,80.8883,-0.1201,38.4721
2.9481,80.9294,-0.1201,38.4771
2.9502,80.9706,-0.12,38.482
2.9522,81.0117,-0.12,38.487
2.9543,81.0528,-0.1199,38.4918
2.9563,81.0939,-0.1198,38.4967
2.9584,81.1349,-0.1198,38.5015
2.9604,81.176,-0.1197,38.5063
2.9625,81.2171,-0.1196,38.5111
2.9645,81.2581,-0.1196,38.5158
2.9666,81.2992,-0.1195,38.5206
2.9686,81.3402,-0.1194,38.5252
2.9707,81.3812,-0.1194,38.5299
2.9727,81.4222,-0.1193,38.5345
2.9748,81.4632,-0.1193,38.5391
2.9768,81.5042,-0.1192,38.5437
2.9789,81.5452,-0.1191,38.5482
2.9809,81.5861,-0.1191,38.5527
2.983,81.6271,-0.119,38.5572
2.985,81.668,-0.1189,38.5617
2.9871,81.7089,-0.1189,38.5661
2.9891,81.7499,-0.1188,38.5705
2.9912,81.7908,-0.1187,38.5749
2.9932,81.8317,-0.1187,38.5792
2.9953,81.8726,-0.1186,38.5835
2.9973,81.9135,-0.1186,38.5878
2.9994,81.9543,-0.1185,38.5921
3.0014,81.9952,-0.1184,38.5963
3.0035,82.036,-0.1184,38.6005
3.0055,82.0769,-0.1183,38.6047
3.0076,82.1177,-0.1182,38.6088
3.0096,82.1585,-0.1182,38.6129
3.0117,82.1993,-0.1181,38.617
3.0137,82.2401,-0.118,38.621
3.0158,82.2809,-0.118,38.6251
3.0178,82.3217,-0.1179,38.6291
3.0199,82.3625,-0.1178,38.633
3.0219,82.4032,-0.1178,38.637
3.024,82.444,-0.1177,38.6409
3.026,82.4847,-0.1176,38.6447
3.0281,82.5255,-0.1176,38.6486
3.0301,82.5662,-0.1175,38.6524
3.0322,82.6069,-0.1174,38.6562
3.0342,82.6476,-0.1174,38.66
3.0363,82.6883,-0.1173,38.6637
3.0383,82.729,-0.1172,38.6674
3.0404,82.7696,-0.1172,38.6711
3.0424,82.8103,-0.1171,38.6748
3.0445,82.8509,-0.117,38.6784
3.0465,82.8916,-0.117,38.682
3.0486,82.9322,-0.1169,38.6855
3.0506,82.9728,-0.1168,38.6891
3.0527,83.0134,-0.1168,38.6926
3.0547,83.054,-0.1167,38.6961
3.0568,83.0946,-0.1166,38.6995
3.0588,83.1352,-0.1166,38.7029
3.0609,83.1758,-0.1165,38.7063
3.0629,83.2164,-0.1164,38.7097
3.065,83.2569,-0.1164,38.713
3.067,83.2975,-0.1163,38.7163
3.0691,83.338,-0.1162,38.7196
3.0711,83.3785,-0.1162,38.7229
3.0732,83.419,-0.1161,38.7261
3.0752,83.4595,-0.116,38.7293
3.0773,83.5,-0.116,38.7324
3.0793,83.5405,-0.1159,38.7356
3.0814,83.581,-0.1158,38.7387
3.0834,83.6214,-0.1158,38.7418
3.0855,83.6619,-0.1157,38.7448
3.0875,83.7023,-0.1156,38.7478
3.0896,83.7428,-0.1156,38.7508
3.0916,83.7832,-0.1155,38.7538
3.0937,83.8236,-0.1154,38.7567
3.0957,83.864,-0.1154,38.7596
3.0978,83.9044,-0.1153,38.7625
3.0998,83.9448,-0.1152,38.7654
3.1019,83.9852,-0.1151,38.7682
3.1039,84.0256,-0.1151,38.771
3.106,84.0659,-0.115,38.7737
3.108,84.1063,-0.1149,38.7765
3.1101,84.1466,-0.1149,38.7792
3.1121,84.187,-0.1148,38.7818
3.1142,84.2273,-0.1147,38.7845
3.1162,84.2676,-0.1147,38.7871
3.1183,84.3079,-0.1146,38.7897
3.1203,84.3482,-0.1145,38.7923
3.1224,84.3885,-0.1145,38.7948
3.1244,84.4287,-0.1144,38.7973
3.1265,84.469,-0.1143,38.7998
3.1285,84.5093,-0.1142,38.8022
3.1306,84.5495,-0.1142,38.8047
3.1326,84.5898,-0.1141,38.807
3.1347,84.63,-0.114,38.8094
3.1367,84.6702,-0.114,38.8117
3.1388,84.7104,-0.1139,38.8141
3.1408,84.7506,-0.1138,38.8163
3.1429,84.7908,-0.1138,38.8186
3.1449,84.831,-0.1137,38.8208
3.147,84.8712,-0.1136,38.823
3.149,84.9113,-0.1135,38.8252
3.1511,84.9515,-0.1135,38.8273
3.1531,84.9916,-0.1134,38.8294
3.1552,85.0318,-0.1133,38.8315
3.1572,85.0719,-0.1133,38.8335
3.1593,85.112,-0.1132,38.8355
3.1613,85.1521,-0.1131,38.8375
3.1634,85.1922,-0.113,38.8395
3.1654,85.2323,-0.113,38.8414
3.1675,85.2724,-0.1129,38.8433
3.1695,85.3125,-0.1128,38.8452
3.1716,85.3525,-0.1128,38.8471
3.1736,85.3926,-0.1127,38.8489
3.1757,85.4326,-0.1126,38.8507
3.1777,85.4727,-0.1125,38.8524
3.1798,85.5127,-0.1125,38.8542
3.1818,85.5527,-0.1124,38.8559
3.1839,85.5927,-0.1123,38.8576
3.1859,85.6327,-0.1123,38.8592
3.188,85.6727,-0.1122,38.8608
3.19,85.7127,-0.1121,38.8624
3.1921,85.7527,-0.112,38.864
3.1941,85.7927,-0.112,38.8655
3.1962,85.8326,-0.1119,38.867
3.1982,85.8726,-0.1118,38.8685
3.2003,85.9125,-0.1118,38.87
3.2023,85.9524,-0.1117,38.8714
3.2044,85.9924,-0.1116,38.8728
3.2064,86.0323,-0.1115,38.8741
3.2085,86.0722,-0.1115,38.8755
3.2105,86.1121,-0.1114,38.8768
3.2126,86.1519,-0.1113,38.8781
3.2146,86.1918,-0.1112,38.8793
3.2167,86.2317,-0.1112,38.8805
3.2187,86.2716,-0.1111,38.8817
3.2208,86.3114,-0.111,38.8829
3.2228,86.3513,-0.1109,38.884
3.2249,86.3911,-0.1109,38.8851
3.2269,86.4309,-0.1108,38.8862
3.229,86.4707,-0.1107,38.8873
3.231,86.5105,-0.1107,38.8883
3.2331,86.5503,-0.1106,38.8893
3.2351,86.5901,-0.1105,38.8902
3.2372,86.6299,-0.1104,38.8912
3.2392,86.6697,-0.1104,38.8921
3.2413,86.7094,-0.1103,38.893
3.2433,86.7492,-0.1102,38.8938
3.2454,86.789,-0.1101,38.8946
3.2474,86.8287,-0.1101,38.8954
3.2495,86.8684,-0.11,38.8962
3.2515,86.9081,-0.1099,38.8969
3.2536,86.9479,-0.1098,38.8977
3.2556,86.9876,-0.1098,38.8983
3.2577,87.0273,-0.1097,38.899
3.2597,87.0669,-0.1096,38.8996
3.2618,87.1066,-0.1095,38.9002
3.2638,87.1463,-0.1095,38.9008
3.2659,87.186,-0.1094,38.9013
3.2679,87.2256,-0.1093,38.9018
3.27,87.2653,-0.1092,38.9023
3.272,87.3049,-0.1092,38.9028
3.2741,87.3445,-0.1091,38.9032
3.2761,87.3842,-0.109,38.9036
3.2782,87.4238,-0.1089,38.904
3.2802,87.4634,-0.1089,38.9043
3.2823,87.503,-0.1088,38.9046
3.2843,87.5426,-0.1087,38.9049
3.2864,87.5821,-0.1086,38.9051
3.2884,87.6217,-0.1086,38.9054
3.2905,87.6613,-0.1085,38.9056
3.2925,87.7008,-0.1084,38.9057
3.2946,87.7404,-0.1083,38.9059
3.2966,87.7799,-0.1083,38.906
3.2987,87.8194,-0.1082,38.9061
3.3007,87.859,-0.1081,38.9061
3.3028,87.8985,-0.108,38.9062
3.3048,87.938,-0.108,38.9062
3.3069,87.9775,-0.1079,38.9061
3.3089,88.017,-0.1078,38.9061
3.311,88.0564,-0.1077,38.906
3.313,88.0959,-0.1077,38.9059
3.3151,88.1354,-0.1076,38.9057
3.3171,88.1748,-0.1075,38.9056
3.3192,88.2143,-0.1074,38.9054
3.3212,88.2537,-0.1074,38.9051
3.3233,88.2932,-0.1073,38.9049
3.3253,88.3326,-0.1072,38.9046
3.3274,88.372,-0.1071,38.9043
3.3294,88.4114,-0.107,38.9039
3.3315,88.4508,-0.107,38.9036
3.3335,88.4902,-0.1069,38.9032
3.3356,88.5296,-0.1068,38.9028
3.3376,88.569,-0.1067,38.9023
3.3397,88.6083,-0.1067,38.9018
3.3417,88.6477,-0.1066,38.9013
3.3438,88.687,-0.1065,38.9008
3.3458,88.7264,-0.1064,38.9002
3.3479,88.7657,-0.1064,38.8996
3.3499,88.8051,-0.1063,38.899
3.352,88.8444,-0.1062,38.8983
3.354,88.8837,-0.1061,38.8976
3.3561,88.923,-0.106,38.8969
3.3581,88.9623,-0.106,38.8962
3.3602,89.0016,-0.1059,38.8954
3.3622,89.0409,-0.1058,38.8946
3.3643,89.0801,-0.1057,38.8938
3.3663,89.1194,-0.1057,38.893
3.3684,89.1587,-0.1056,38.8921
3.3704,89.1979,-0.1055,38.8912
3.3725,89.2371,-0.1054,38.8902
3.3745,89.2764,-0.1053,38.8893
3.3766,89.3156,-0.1053,38.8883
3.3786,89.3548,-0.1052,38.8873
3.3807,89.394,-0.1051,38.8862
3.3827,89.4332,-0.105,38.8851
3.3848,89.4724,-0.105,38.884
3.3868,89.5116,-0.1049,38.8829
3.3889,89.5508,-0.1048,38.8817
3.3909,89.59,-0.1047,38.8806
3.393,89.6291,-0.1046,38.8793
3.395,89.6683,-0.1046,38.8781
3.3971,89.7074,-0.1045,38.8768
3.3991,89.7466,-0.1044,38.8755
3.4012,89.7857,-0.1043,38.8742
3.4032,89.8249,-0.1043,38.8728
3.4053,89.864,-0.1042,38.8714
3.4073,89.9031,-0.1041,38.87
3.4094,89.9422,-0.104,38.8686
3.4114,89.9813,-0.1039,38.8671
3.4135,90.0204,-0.1039,38.8656
3.4155,90.0595,-0.1038,38.8641
3.4176,90.0985,-0.1037,38.8625
3.4196,90.1376,-0.1036,38.8609
3.4217,90.1767,-0.1035,38.8593
3.4237,90.2157,-0.1035,38.8577
3.4258,90.2547,-0.1034,38.856
3.4278,90.2938,-0.1033,38.8543
3.4299,90.3328,-0.1032,38.8526
3.4319,90.3718,-0.1031,38.8508
3.434,90.4109,-0.1031,38.849
3.436,90.4499,-0.103,38.8472
3.4381,90.4889,-0.1029,38.8454
3.4401,90.5279,-0.1028,38.8435
3.4422,90.5668,-0.1027,38.8416
3.4442,90.6058,-0.1027,38.8397
3.4463,90.6448,-0.1026,38.8377
3.4483,90.6837,-0.1025,38.8358
3.4504,90.7227,-0.1024,38.8337
3.4524,90.7617,-0.1023,38.8317
3.4545,90.8006,-0.1023,38.8296
3.4565,90.8395,-0.1022,38.8276
3.4586,90.8785,-0.1021,38.8254
3.4606,90.9174,-0.102,38.8233
3.4627,90.9563,-0.1019,38.8211
3.4647,90.9952,-0.1019,38.8189
3.4668,91.0341,-0.1018,38.8167
3.4688,91.073,-0.1017,38.8144
3.4709,91.1119,-0.1016,38.8121
3.4729,91.1507,-0.1015,38.8098
3.475,91.1896,-0.1015,38.8074
3.477,91.2285,-0.1014,38.8051
3.4791,91.2673,-0.1013,38.8027
3.4811,91.3062,-0.1012,38.8002
3.4832,91.345,-0.1011,38.7978
3.4852,91.3838,-0.1011,38.7953
3.4873,91.4227,-0.101,38.7928
3.4893,91.4615,-0.1009,38.7902
3.4914,91.5003,-0.1008,38.7876
3.4934,91.5391,-0.1007,38.785
3.4955,91.5779,-0.1006,38.7824
3.4975,91.6167,-0.1006,38.7798
3.4996,91.6555,-0.1005,38.7771
3.5016,91.6942,-0.1004,38.7744
3.5037,91.733,-0.1003,38.7716
3.5057,91.7718,-0.1002,38.7688
3.5078,91.8105,-0.1002,38.766
3.5098,91.8493,-0.1001,38.7632
3.5119,91.888,-0.1,38.7604
3.5139,91.9268,-0.0999,38.7575
3.516,91.9655,-0.0998,38.7546
3.518,92.0042,-0.0998,38.7516
3.5201,92.0429,-0.0997,38.7487
3.5221,92.0816,-0.0996,38.7457
3.5242,92.1203,-0.0995,38.7427
3.5262,92.159,-0.0994,38.7396
3.5283,92.1977,-0.0993,38.7365
3.5303,92.2364,-0.0993,38.7334
3.5324,92.2751,-0.0992,38.7303
3.5344,92.3137,-0.0991,38.7271
3.5365,92.3524,-0.099,38.7239
3.5385,92.391,-0.0989,38.7207
3.5406,92.4297,-0.0989,38.7175
3.5426,92.4683,-0.0988,38.7142
3.5447,92.5069,-0.0987,38.7109
3.5467,92.5456,-0.0986,38.7075
3.5488,92.5842,-0.0985,38.7042
3.5508,92.6228,-0.0984,38.7008
3.5529,92.6614,-0.0984,38.6974
3.5549,92.7,-0.0983,38.6939
3.557,92.7386,-0.0982,38.6905
3.559,92.7772,-0.0981,38.687
3.5611,92.8158,-0.098,38.6834
3.5631,92.8543,-0.0979,38.6799
3.5652,92.8929,-0.0979,38.6763
3.5672,92.9314,-0.0978,38.6727
3.5693,92.97,-0.0977,38.669
3.5713,93.0085,-0.0976,38.6654
3.5734,93.0471,-0.0975,38.6617
3.5754,93.0856,-0.0974,38.6579
3.5775,93.1241,-0.0974,38.6542
3.5795,93.1626,-0.0973,38.6504
3.5816,93.2012,-0.0972,38.6466
3.5836,93.2397,-0.0971,38.6428
3.5857,93.2782,-0.097,38.6389
3.5877,93.3167,-0.0969,38.635
3.5898,93.3551,-0.0969,38.6311
3.5918,93.3936,-0.0968,38.6271
3.5939,93.4321,-0.0967,38.6232
3.5959,93.4706,-0.0966,38.6192
3.598,93.509,-0.0965,38.6151
3.6,93.5475,-0.0964,38.6111
3.6021,93.5859,-0.0964,38.607
3.6041,93.6243,-0.0963,38.6029
3.6062,93.6628,-0.0962,38.5987
3.6082,93.7012,-0.0961,38.5945
3.6103,93.7396,-0.096,38.5903
3.6123,93.778,-0.0959,38.5861
3.6144,93.8164,-0.0959,38.5818
3.6164,93.8548,-0.0958,38.5776
3.6185,93.8932,-0.0957,38.5732
3.6205,93.9316,-0.0956,38.5689
3.6226,93.97,-0.0955,38.5645
3.6246,94.0084,-0.0954,38.5601
3.6267,94.0468,-0.0954,38.5557
3.6287,94.0851,-0.0953,38.5513
3.6308,94.1235,-0.0952,38.5468
3.6328,94.1618,-0.0951,38.5423
3.6349,94.2002,-0.095,38.5377
3.6369,94.2385,-0.0949,38.5332
3.639,94.2768,-0.0949,38.5286
3.641,94.3152,-0.0948,38.524
3.6431,94.3535,-0.0947,38.5193
3.6451,94.3918,-0.0946,38.5146
3.6472,94.4301,-0.0945,38.5099
3.6492,94.4684,-0.0944,38.5052
3.6513,94.5067,-0.0943,38.5004
3.6533,94.545,-0.0943,38.4956
3.6554,94.5833,-0.0942,38.4908
3.6574,94.6215,-0.0941,38.486
3.6595,94.6598,-0.094,38.4811
3.6615,94.6981,-0.0939,38.4762
3.6636,94.7363,-0.0938,38.4713
3.6656,94.7746,-0.0938,38.4663
3.6677,94.8128,-0.0937,38.4613
3.6697,94.851,-0.0936,38.4563
3.6718,94.8893,-0.0935,38.4513
3.6738,94.9275,-0.0934,38.4462
3.6759,94.9657,-0.0933,38.4411
3.6779,95.0039,-0.0932,38.436
3.68,95.0421,-0.0932,38.4308
3.682,95.0803,-0.0931,38.4257
3.6841,95.1185,-0.093,38.4205
3.6861,95.1567,-0.0929,38.4152
3.6882,95.1949,-0.0928,38.41
3.6902,95.2331,-0.0927,38.4047
3.6923,95.2713,-0.0927,38.3993
3.6943,95.3094,-0.0926,38.394
3.6964,95.3476,-0.0925,38.3886
3.6984,95.3857,-0.0924,38.3832
3.7005,95.4239,-0.0923,38.3778
3.7025,95.462,-0.0922,38.3723
3.7046,95.5002,-0.0921,38.3668
3.7066,95.5383,-0.0921,38.3613
3.7087,95.5764,-0.092,38.3558
3.7107,95.6145,-0.0919,38.3502
3.7128,95.6526,-0.0918,38.3446
3.7148,95.6908,-0.0917,38.339
3.7169,95.7289,-0.0916,38.3333
3.7189,95.7669,-0.0915,38.3277
3.721,95.805,-0.0915,38.3219
3.723,95.8431,-0.0914,38.3162
3.7251,95.8812,-0.0913,38.3104
3.7271,95.9193,-0.0912,38.3047
3.7292,95.9573,-0.0911,38.2988
3.7312,95.9954,-0.091,38.293
3.7333,96.0334,-0.0909,38.2871
3.7353,96.0715,-0.0909,38.2812
3.7374,96.1095,-0.0908,38.2753
3.7394,96.1476,-0.0907,38.2693
3.7415,96.1856,-0.0906,38.2633
3.7435,96.2236,-0.0905,38.2573
3.7456,96.2616,-0.0904,38.2513
3.7476,96.2996,-0.0903,38.2452
3.7497,96.3377,-0.0903,38.2391
3.7517,96.3757,-0.0902,38.233
3.7538,96.4137,-0.0901,38.2268
3.7558,96.4516,-0.09,38.2206
3.7579,96.4896,-0.0899,38.2144
3.7599,96.5276,-0.0898,38.2082
3.762,96.5656,-0.0897,38.2019
3.764,96.6035,-0.0896,38.1956
3.7661,96.6415,-0.0896,38.1893
3.7681,96.6795,-0.0895,38.1829
3.7702,96.7174,-0.0894,38.1766
3.7722,96.7554,-0.0893,38.1702
3.7743,96.7933,-0.0892,38.1637
3.7763,96.8312,-0.0891,38.1573
3.7784,96.8692,-0.089,38.1508
3.7804,96.9071,-0.089,38.1443
3.7825,96.945,-0.0889,38.1377
3.7845,96.9829,-0.0888,38.1312
3.7866,97.0208,-0.0887,38.1246
3.7886,97.0587,-0.0886,38.1179
3.7907,97.0966,-0.0885,38.1113
3.7927,97.1345,-0.0884,38.1046
3.7948,97.1724,-0.0883,38.0979
3.7968,97.2103,-0.0883,38.0911
3.7989,97.2481,-0.0882,38.0844
3.8009,97.286,-0.0881,38.0776
3.803,97.3239,-0.088,38.0708
3.805,97.3617,-0.0879,38.0639
3.8071,97.3996,-0.0878,38.057
3.8091,97.4374,-0.0877,38.0501
3.8112,97.4753,-0.0877,38.0432
3.8132,97.5131,-0.0876,38.0362
3.8153,97.5509,-0.0875,38.0293
3.8173,97.5887,-0.0874,38.0222
3.8194,97.6266,-0.0873,38.0152
3.8214,97.6644,-0.0872,38.0081
3.8235,97.7022,-0.0871,38.001
3.8255,97.74,-0.087,37.9939
3.8276,97.7778,-0.087,37.9867
3.8296,97.8156,-0.0869,37.9796
3.8317,97.8534,-0.0868,37.9724
3.8337,97.8911,-0.0867,37.9651
3.8358,97.9289,-0.0866,37.9579
3.8378,97.9667,-0.0865,37.9506
3.8399,98.0045,-0.0864,37.9432
3.8419,98.0422,-0.0863,37.9359
3.844,98.08,-0.0863,37.9285
3.846,98.1177,-0.0862,37.9211
3.8481,98.1555,-0.0861,37.9137
3.8501,98.1932,-0.086,37.9062
3.8522,98.2309,-0.0859,37.8987
3.8542,98.2687,-0.0858,37.8912
3.8563,98.3064,-0.0857,37.8837
3.8583,98.3441,-0.0856,37.8761
3.8604,98.3818,-0.0856,37.8685
3.8624,98.4195,-0.0855,37.8609
3.8645,98.4572,-0.0854,37.8532
3.8665,98.4949,-0.0853,37.8456
3.8686,98.5326,-0.0852,37.8379
3.8706,98.5703,-0.0851,37.8301
3.8727,98.608,-0.085,37.8224
3.8747,98.6457,-0.0849,37.8146
3.8768,98.6833,-0.0849,37.8068
3.8788,98.721,-0.0848,37.7989
3.8809,98.7587,-0.0847,37.791
3.8829,98.7963,-0.0846,37.7831
3.885,98.834,-0.0845,37.7752
3.887,98.8716,-0.0844,37.7673
3.8891,98.9093,-0.0843,37.7593
3.8911,98.9469,-0.0842,37.7513
3.8932,98.9845,-0.0841,37.7432
3.8952,99.0222,-0.0841,37.7352
3.8973,99.0598,-0.084,37.7271
3.8993,99.0974,-0.0839,37.7189
3.9014,99.135,-0.0838,37.7108
3.9034,99.1726,-0.0837,37.7026
3.9055,99.2102,-0.0836,37.6944
3.9075,99.2478,-0.0835,37.6862
3.9096,99.2854,-0.0834,37.6779
3.9116,99.323,-0.0834,37.6696
3.9137,99.3606,-0.0833,37.6613
3.9157,99.3982,-0.0832,37.653
3.9178,99.4357,-0.0831,37.6446
3.9198,99.4733,-0.083,37.6362
3.9219,99.5109,-0.0829,37.6278
3.9239,99.5484,-0.0828,37.6193
3.926,99.586,-0.0827,37.6109
3.928,99.6235,-0.0826,37.6023
3.9301,99.6611,-0.0826,37.5938
3.9321,99.6986,-0.0825,37.5853
3.9342,99.7361,-0.0824,37.5767
3.9362,99.7737,-0.0823,37.568
3.9383,99.8112,-0.0822,37.5594
3.9403,99.8487,-0.0821,37.5507
3.9424,99.8862,-0.082,37.542
3.9444,99.9237,-0.0819,37.5333
3.9465,99.9612,-0.0819,37.5245
3.9485,99.9987,-0.0818,37.5158
3.9506,100.0362,-0.0817,37.507
3.9526,100.0737,-0.0816,37.4981
3.9547,100.1112,-0.0815,37.4893
3.9567,100.1487,-0.0814,37.4804
3.9588,100.1861,-0.0813,37.4714
3.9608,100.2236,-0.0812,37.4625
3.9629,100.2611,-0.0811,37.4535
3.9649,100.2985,-0.0811,37.4445
3.967,100.336,-0.081,37.4355
3.969,100.3734,-0.0809,37.4264
3.9711,100.4109,-0.0808,37.4173
3.9731,100.4483,-0.0807,37.4082
3.9752,100.4858,-0.0806,37.3991
3.9772,100.5232,-0.0805,37.3899
3.9793,100.5606,-0.0804,37.3807
3.9813,100.5981,-0.0803,37.3715
3.9834,100.6355,-0.0803,37.3623
3.9854,100.6729,-0.0802,37.353
3.9875,100.7103,-0.0801,37.3437
3.9895,100.7477,-0.08,37.3343
3.9916,100.7851,-0.0799,37.325
3.9936,100.8225,-0.0798,37.3156
3.9957,100.8599,-0.0797,37.3062
3.9977,100.8973,-0.0796,37.2967
3.9998,100.9347,-0.0795,37.2873
4.0018,100.972,-0.0795,37.2778
4.0039,101.0094,-0.0794,37.2683
4.0059,101.0468,-0.0793,37.2587
4.008,101.0842,-0.0792,37.2491
4.01,101.1215,-0.0791,37.2395
4.0121,101.1589,-0.079,37.2299
4.0141,101.1962,-0.0789,37.2202
4.0162,101.2336,-0.0788,37.2105
4.0182,101.2709,-0.0787,37.2008
4.0203,101.3082,-0.0787,37.1911
4.0223,101.3456,-0.0786,37.1813
4.0244,101.3829,-0.0785,37.1715
4.0264,101.4202,-0.0784,37.1617
4.0285,101.4576,-0.0783,37.1518
4.0305,101.4949,-0.0782,37.142
4.0326,101.5322,-0.0781,37.132
4.0346,101.5695,-0.078,37.1221
4.0367,101.6068,-0.0779,37.1122
4.0387,101.6441,-0.0778,37.1022
4.0408,101.6814,-0.0778,37.0921
4.0428,101.7187,-0.0777,37.0821
4.0449,101.756,-0.0776,37.072
4.0469,101.7932,-0.0775,37.0619
4.049,101.8305,-0.0774,37.0518
4.051,101.8678,-0.0773,37.0417
4.0531,101.9051,-0.0772,37.0315
4.0551,101.9423,-0.0771,37.0213
4.0572,101.9796,-0.077,37.011
4.0592,102.0168,-0.077,37.0008
4.0613,102.0541,-0.0769,36.9905
4.0633,102.0913,-0.0768,36.9802
4.0654,102.1286,-0.0767,36.9698
4.0674,102.1658,-0.0766,36.9594
4.0695,102.203,-0.0765,36.949
4.0715,102.2403,-0.0764,36.9386
4.0736,102.2775,-0.0763,36.9282
4.0756,102.3147,-0.0762,36.9177
4.0777,102.3519,-0.0762,36.9072
4.0797,102.3891,-0.0761,36.8966
4.0818,102.4263,-0.076,36.8861
4.0838,102.4636,-0.0759,36.8755
4.0859,102.5008,-0.0758,36.8649
4.0879,102.5379,-0.0757,36.8542
4.09,102.5751,-0.0756,36.8435
4.092,102.6123,-0.0755,36.8329
4.0941,102.6495,-0.0754,36.8221
4.0961,102.6867,-0.0753,36.8114
4.0982,102.7239,-0.0753,36.8006
4.1002,102.761,-0.0752,36.7898
4.1023,102.7982,-0.0751,36.7789
4.1043,102.8354,-0.075,36.7681
4.1064,102.8725,-0.0749,36.7572
4.1084,102.9097,-0.0748,36.7463
4.1105,102.9468,-0.0747,36.7353
4.1125,102.984,-0.0746,36.7244
4.1146,103.0211,-0.0745,36.7134
4.1166,103.0582,-0.0744,36.7023
4.1187,103.0954,-0.0744,36.6913
4.1207,103.1325,-0.0743,36.6802
4.1228,103.1696,-0.0742,36.6691
4.1248,103.2068,-0.0741,36.658
4.1269,103.2439,-0.074,36.6468
4.1289,103.281,-0.0739,36.6356
4.131,103.3181,-0.0738,36.6244
4.133,103.3552,-0.0737,36.6131
4.1351,103.3923,-0.0736,36.6019
4.1371,103.4294,-0.0736,36.5906
4.1392,103.4665,-0.0735,36.5793
4.1412,103.5036,-0.0734,36.5679
4.1433,103.5407,-0.0733,36.5565
4.1453,103.5778,-0.0732,36.5451
4.1474,103.6148,-0.0731,36.5337
4.1494,103.6519,-0.073,36.5222
4.1515,103.689,-0.0729,36.5107
4.1535,103.726,-0.0728,36.4992
4.1556,103.7631,-0.0727,36.4877
4.1576,103.8002,-0.0727,36.4761
4.1597,103.8372,-0.0726,36.4645
4.1617,103.8743,-0.0725,36.4529
4.1638,103.9113,-0.0724,36.4412
4.1658,103.9484,-0.0723,36.4296
4.1679,103.9854,-0.0722,36.4178
4.1699,104.0224,-0.0721,36.4061
4.172,104.0595,-0.072,36.3944
4.174,104.0965,-0.0719,36.3826
4.1761,104.1335,-0.0718,36.3708
4.1781,104.1705,-0.0718,36.3589
4.1802,104.2076,-0.0717,36.347
4.1822,104.2446,-0.0716,36.3351
4.1843,104.2816,-0.0715,36.3232
4.1863,104.3186,-0.0714,36.3113
4.1884,104.3556,-0.0713,36.2993
4.1904,104.3926,-0.0712,36.2873
4.1925,104.4296,-0.0711,36.2753
4.1945,104.4666,-0.071,36.2632
4.1966,104.5036,-0.0709,36.2511
4.1986,104.5405,-0.0709,36.239
4.2007,104.5775,-0.0708,36.2269
4.2027,104.6145,-0.0707,36.2147
4.2048,104.6515,-0.0706,36.2025
4.2068,104.6884,-0.0705,36.1903
4.2089,104.7254,-0.0704,36.178
4.2109,104.7624,-0.0703,36.1658
4.213,104.7993,-0.0702,36.1535
4.215,104.8363,-0.0701,36.1411
4.2171,104.8732,-0.07,36.1288
4.2191,104.9102,-0.07,36.1164
4.2212,104.9471,-0.0699,36.104
4.2232,104.984,-0.0698,36.0916
4.2253,105.021,-0.0697,36.0791
4.2273,105.0579,-0.0696,36.0666
4.2294,105.0948,-0.0695,36.0541
4.2314,105.1318,-0.0694,36.0415
4.2335,105.1687,-0.0693,36.029
4.2355,105.2056,-0.0692,36.0164
4.2376,105.2425,-0.0692,36.0037
4.2396,105.2794,-0.0691,35.9911
4.2417,105.3163,-0.069,35.9784
4.2437,105.3532,-0.0689,35.9657
4.2458,105.3901,-0.0688,35.953
4.2478,105.427,-0.0687,35.9402
4.2499,105.4639,-0.0686,35.9274
4.2519,105.5008,-0.0685,35.9146
4.254,105.5377,-0.0684,35.9018
4.256,105.5746,-0.0683,35.8889
4.2581,105.6114,-0.0683,35.876
4.2601,105.6483,-0.0682,35.8631
4.2622,105.6852,-0.0681,35.8501
4.2642,105.7221,-0.068,35.8372
4.2663,105.7589,-0.0679,35.8242
4.2683,105.7958,-0.0678,35.8111
4.2704,105.8326,-0.0677,35.7981
4.2724,105.8695,-0.0676,35.785
4.2745,105.9064,-0.0675,35.7719
4.2765,105.9432,-0.0674,35.7587
4.2786,105.98,-0.0674,35.7456
4.2806,106.0169,-0.0673,35.7324
4.2827,106.0537,-0.0672,35.7192
4.2847,106.0906,-0.0671,35.7059
4.2868,106.1274,-0.067,35.6927
4.2888,106.1642,-0.0669,35.6794
4.2909,106.201,-0.0668,35.666
4.2929,106.2379,-0.0667,35.6527
4.295,106.2747,-0.0666,35.6393
4.297,106.3115,-0.0665,35.6259
4.2991,106.3483,-0.0665,35.6125
4.3011,106.3851,-0.0664,35.599
4.3032,106.4219,-0.0663,35.5855
4.3052,106.4587,-0.0662,35.572
4.3073,106.4955,-0.0661,35.5585
4.3093,106.5323,-0.066,35.5449
4.3114,106.5691,-0.0659,35.5313
4.3134,106.6059,-0.0658,35.5177
4.3155,106.6427,-0.0657,35.504
4.3175,106.6794,-0.0656,35.4903
4.3196,106.7162,-0.0656,35.4766
4.3216,106.753,-0.0655,35.4629
4.3237,106.7898,-0.0654,35.4492
4.3257,106.8265,-0.0653,35.4354
4.3278,106.8633,-0.0652,35.4216
4.3298,106.9,-0.0651,35.4077
4.3319,106.9368,-0.065,35.3939
4.3339,106.9736,-0.0649,35.38
4.336,107.0103,-0.0648,35.3661
4.338,107.0471,-0.0647,35.3521
4.3401,107.0838,-0.0647,35.3382
4.3421,107.1205,-0.0646,35.3242
4.3442,107.1573,-0.0645,35.3101
4.3462,107.194,-0.0644,35.2961
4.3483,107.2308,-0.0643,35.282
4.3503,107.2675,-0.0642,35.2679
4.3524,107.3042,-0.0641,35.2538
4.3544,107.3409,-0.064,35.2396
4.3565,107.3777,-0.0639,35.2254
4.3585,107.4144,-0.0639,35.2112
4.3606,107.4511,-0.0638,35.197
4.3626,107.4878,-0.0637,35.1827
4.3647,107.5245,-0.0636,35.1684
4.3667,107.5612,-0.0635,35.1541
4.3688,107.5979,-0.0634,35.1398
4.3708,107.6346,-0.0633,35.1254
4.3729,107.6713,-0.0632,35.111
4.3749,107.708,-0.0631,35.0966
4.377,107.7447,-0.063,35.0821
4.379,107.7814,-0.063,35.0676
4.3811,107.8181,-0.0629,35.0531
4.3831,107.8547,-0.0628,35.0386
4.3852,107.8914,-0.0627,35.0241
4.3872,107.9281,-0.0626,35.0095
4.3893,107.9648,-0.0625,34.9949
4.3913,108.0014,-0.0624,34.9802
4.3934,108.0381,-0.0623,34.9656
4.3954,108.0747,-0.0622,34.9509
4.3975,108.1114,-0.0621,34.9361
4.3995,108.1481,-0.0621,34.9214
4.4016,108.1847,-0.062,34.9066
4.4036,108.2214,-0.0619,34.8918
4.4057,108.258,-0.0618,34.877
4.4077,108.2947,-0.0617,34.8622
4.4098,108.3313,-0.0616,34.8473
4.4118,108.3679,-0.0615,34.8324
4.4139,108.4046,-0.0614,34.8174
4.4159,108.4412,-0.0613,34.8025
4.418,108.4778,-0.0613,34.7875
4.42,108.5145,-0.0612,34.7725
4.4221,108.5511,-0.0611,34.7575
4.4241,108.5877,-0.061,34.7424
4.4262,108.6243,-0.0609,34.7273
4.4282,108.6609,-0.0608,34.7122
4.4303,108.6976,-0.0607,34.697
4.4323,108.7342,-0.0606,34.6819
4.4344,108.7708,-0.0605,34.6667
4.4364,108.8074,-0.0604,34.6514
4.4385,108.844,-0.0604,34.6362
4.4405,108.8806,-0.0603,34.6209
4.4426,108.9172,-0.0602,34.6056
4.4446,108.9538,-0.0601,34.5903
4.4467,108.9904,-0.06,34.5749
4.4487,109.0269,-0.0599,34.5595
4.4508,109.0635,-0.0598,34.5441
4.4528,109.1001,-0.0597,34.5287
4.4549,109.1367,-0.0596,34.5132
4.4569,109.1733,-0.0596,34.4977
4.459,109.2098,-0.0595,34.4822
4.461,109.2464,-0.0594,34.4667
4.4631,109.283,-0.0593,34.4511
4.4651,109.3195,-0.0592,34.4355
4.4672,109.3561,-0.0591,34.4199
4.4692,109.3927,-0.059,34.4043
4.4713,109.4292,-0.0589,34.3886
4.4733,109.4658,-0.0588,34.3729
4.4754,109.5023,-0.0588,34.3571
4.4774,109.5389,-0.0587,34.3414
4.4795,109.5754,-0.0586,34.3256
4.4815,109.612,-0.0585,34.3098
4.4836,109.6485,-0.0584,34.294
4.4856,109.685,-0.0583,34.2781
4.4877,109.7216,-0.0582,34.2622
4.4897,109.7581,-0.0581,34.2463
4.4918,109.7946,-0.058,34.2304
4.4938,109.8312,-0.058,34.2144
4.4959,109.8677,-0.0579,34.1984
4.4979,109.9042,-0.0578,34.1824
4.5,109.9407,-0.0577,34.1663
4.502,109.9772,-0.0576,34.1503
4.5041,110.0138,-0.0575,34.1342
4.5061,110.0503,-0.0574,34.1181
4.5082,110.0868,-0.0573,34.1019
4.5102,110.1233,-0.0572,34.0857
4.5123,110.1598,-0.0572,34.0695
4.5143,110.1963,-0.0571,34.0533
4.5164,110.2328,-0.057,34.037
4.5184,110.2693,-0.0569,34.0207
4.5205,110.3058,-0.0568,34.0044
4.5225,110.3423,-0.0567,33.9881
4.5246,110.3788,-0.0566,33.9717
4.5266,110.4152,-0.0565,33.9553
4.5287,110.4517,-0.0564,33.9389
4.5307,110.4882,-0.0564,33.9225
4.5328,110.5247,-0.0563,33.906
4.5348,110.5612,-0.0562,33.8895
4.5369,110.5976,-0.0561,33.873
4.5389,110.6341,-0.056,33.8565
4.541,110.6706,-0.0559,33.8399
4.543,110.707,-0.0558,33.8233
4.5451,110.7435,-0.0557,33.8067
4.5471,110.78,-0.0556,33.79
4.5492,110.8164,-0.0556,33.7733
4.5512,110.8529,-0.0555,33.7566
4.5533,110.8893,-0.0554,33.7399
4.5553,110.9258,-0.0553,33.7231
4.5574,110.9622,-0.0552,33.7064
4.5594,110.9987,-0.0551,33.6895
4.5615,111.0351,-0.055,33.6727
4.5635,111.0716,-0.0549,33.6558
4.5656,111.108,-0.0548,33.639
4.5676,111.1445,-0.0548,33.622
4.5697,111.1809,-0.0547,33.6051
4.5717,111.2173,-0.0546,33.5881
4.5738,111.2537,-0.0545,33.5711
4.5758,111.2902,-0.0544,33.5541
4.5779,111.3266,-0.0543,33.5371
4.5799,111.363,-0.0542,33.52
4.582,111.3994,-0.0541,33.5029
4.584,111.4359,-0.0541,33.4858
4.5861,111.4723,-0.054,33.4686
4.5881,111.5087,-0.0539,33.4514
4.5902,111.5451,-0.0538,33.4342
4.5922,111.5815,-0.0537,33.417
4.5943,111.6179,-0.0536,33.3998
4.5963,111.6543,-0.0535,33.3825
4.5984,111.6907,-0.0534,33.3652
4.6004,111.7271,-0.0533,33.3478
4.6025,111.7635,-0.0533,33.3305
4.6045,111.7999,-0.0532,33.3131
4.6066,111.8363,-0.0531,33.2957
4.6086,111.8727,-0.053,33.2782
4.6107,111.9091,-0.0529,33.2608
4.6127,111.9455,-0.0528,33.2433
4.6148,111.9819,-0.0527,33.2257
4.6168,112.0182,-0.0526,33.2082
4.6189,112.0546,-0.0526,33.1906
4.6209,112.091,-0.0525,33.173
4.623,112.1274,-0.0524,33.1554
4.625,112.1637,-0.0523,33.1378
4.6271,112.2001,-0.0522,33.1201
4.6291,112.2365,-0.0521,33.1024
4.6312,112.2729,-0.052,33.0847
4.6332,112.3092,-0.0519,33.0669
4.6353,112.3456,-0.0519,33.0491
4.6373,112.3819,-0.0518,33.0313
4.6394,112.4183,-0.0517,33.0135
4.6414,112.4547,-0.0516,32.9956
4.6435,112.491,-0.0515,32.9777
4.6455,112.5274,-0.0514,32.9598
4.6476,112.5637,-0.0513,32.9419
4.6496,112.6001,-0.0512,32.9239
4.6517,112.6364,-0.0512,32.9059
4.6537,112.6727,-0.0511,32.8879
4.6558,112.7091,-0.051,32.8699
4.6578,112.7454,-0.0509,32.8518
4.6599,112.7818,-0.0508,32.8337
4.6619,112.8181,-0.0507,32.8156
4.664,112.8544,-0.0506,32.7975
4.666,112.8907,-0.0505,32.7793
4.6681,112.9271,-0.0505,32.7611
4.6701,112.9634,-0.0504,32.7429
4.6722,112.9997,-0.0503,32.7246
4.6742,113.036,-0.0502,32.7064
4.6763,113.0724,-0.0501,32.6881
4.6783,113.1087,-0.05,32.6697
4.6804,113.145,-0.0499,32.6514
4.6824,113.1813,-0.0498,32.633
4.6845,113.2176,-0.0498,32.6146
4.6865,113.2539,-0.0497,32.5962
4.6886,113.2902,-0.0496,32.5777
4.6906,113.3266,-0.0495,32.5592
4.6927,113.3629,-0.0494,32.5407
4.6947,113.3992,-0.0493,32.5222
4.6968,113.4355,-0.0492,32.5036
4.6988,113.4718,-0.0492,32.485
4.7009,113.508,-0.0491,32.4664
4.7029,113.5443,-0.049,32.4478
4.705,113.5806,-0.0489,32.4291
4.707,113.6169,-0.0488,32.4104
4.7091,113.6532,-0.0487,32.3917
4.7111,113.6895,-0.0486,32.373
4.7132,113.7258,-0.0485,32.3542
4.7152,113.7621,-0.0485,32.3354
4.7173,113.7983,-0.0484,32.3166
4.7193,113.8346,-0.0483,32.2977
4.7214,113.8709,-0.0482,32.2789
4.7234,113.9072,-0.0481,32.26
4.7255,113.9434,-0.048,32.241
4.7275,113.9797,-0.0479,32.2221
4.7296,114.016,-0.0478,32.2031
4.7316,114.0523,-0.0478,32.1841
4.7337,114.0885,-0.0477,32.1651
4.7357,114.1248,-0.0476,32.146
4.7378,114.161,-0.0475,32.1269
4.7398,114.1973,-0.0474,32.1078
4.7419,114.2336,-0.0473,32.0887
4.7439,114.2698,-0.0472,32.0696
4.746,114.3061,-0.0472,32.0504
4.748,114.3423,-0.0471,32.0312
4.7501,114.3786,-0.047,32.0119
4.7521,114.4148,-0.0469,31.9927
4.7542,114.4511,-0.0468,31.9734
4.7562,114.4873,-0.0467,31.9541
4.7583,114.5236,-0.0466,31.9347
4.7603,114.5598,-0.0466,31.9154
4.7624,114.596,-0.0465,31.896
4.7644,114.6323,-0.0464,31.8766
4.7665,114.6685,-0.0463,31.8571
4.7685,114.7047,-0.0462,31.8377
4.7706,114.741,-0.0461,31.8182
4.7726,114.7772,-0.046,31.7986
4.7747,114.8134,-0.046,31.7791
4.7767,114.8497,-0.0459,31.7595
4.7788,114.8859,-0.0458,31.7399
4.7808,114.9221,-0.0457,31.7203
4.7829,114.9583,-0.0456,31.7007
4.7849,114.9945,-0.0455,31.681
4.787,115.0308,-0.0454,31.6613
4.789,115.067,-0.0454,31.6416
4.7911,115.1032,-0.0453,31.6218
4.7931,115.1394,-0.0452,31.6021
4.7952,115.1756,-0.0451,31.5823
4.7972,115.2118,-0.045,31.5624
4.7993,115.248,-0.0449,31.5426
4.8013,115.2842,-0.0448,31.5227
4.8034,115.3205,-0.0448,31.5028
4.8054,115.3567,-0.0447,31.4829
4.8075,115.3929,-0.0446,31.4629
4.8095,115.4291,-0.0445,31.4429
4.8116,115.4653,-0.0444,31.4229
4.8136,115.5015,-0.0443,31.4029
4.8157,115.5376,-0.0442,31.3828
4.8177,115.5738,-0.0442,31.3627
4.8198,115.61,-0.0441,31.3426
4.8218,115.6462,-0.044,31.3225
4.8239,115.6824,-0.0439,31.3023
4.8259,115.7186,-0.0438,31.2822
4.828,115.7548,-0.0437,31.2619
4.83,115.791,-0.0436,31.2417
4.8321,115.8271,-0.0436,31.2214
4.8341,115.8633,-0.0435,31.2012
4.8362,115.8995,-0.0434,31.1808
4.8382,115.9357,-0.0433,31.1605
4.8403,115.9719,-0.0432,31.1401
4.8423,116.008,-0.0431,31.1197
4.8444,116.0442,-0.0431,31.0993
4.8464,116.0804,-0.043,31.0789
4.8485,116.1166,-0.0429,31.0584
4.8505,116.1527,-0.0428,31.0379
4.8526,116.1889,-0.0427,31.0174
4.8546,116.225,-0.0426,30.9969
4.8567,116.2612,-0.0425,30.9763
4.8587,116.2974,-0.0425,30.9557
4.8608,116.3335,-0.0424,30.9351
4.8628,116.3697,-0.0423,30.9144
4.8649,116.4059,-0.0422,30.8938
4.8669,116.442,-0.0421,30.8731
4.869,116.4782,-0.042,30.8523
4.871,116.5143,-0.042,30.8316
4.8731,116.5505,-0.0419,30.8108
4.8751,116.5866,-0.0418,30.79
4.8772,116.6228,-0.0417,30.7692
4.8792,116.6589,-0.0416,30.7483
4.8813,116.6951,-0.0415,30.7275
4.8833,116.7312,-0.0414,30.7066
4.8854,116.7673,-0.0414,30.6856
4.8874,116.8035,-0.0413,30.6647
4.8895,116.8396,-0.0412,30.6437
4.8915,116.8758,-0.0411,30.6227
4.8936,116.9119,-0.041,30.6017
4.8956,116.948,-0.0409,30.5806
4.8977,116.9842,-0.0409,30.5595
4.8997,117.0203,-0.0408,30.5384
4.9018,117.0564,-0.0407,30.5173
4.9038,117.0926,-0.0406,30.4962
4.9059,117.1287,-0.0405,30.475
4.9079,117.1648,-0.0404,30.4538
4.91,117.2009,-0.0404,30.4325
4.912,117.2371,-0.0403,30.4113
4.9141,117.2732,-0.0402,30.39
4.9161,117.3093,-0.0401,30.3687
4.9182,117.3454,-0.04,30.3473
4.9202,117.3816,-0.0399,30.326
4.9223,117.4177,-0.0399,30.3046
4.9243,117.4538,-0.0398,30.2832
4.9264,117.4899,-0.0397,30.2618
4.9284,117.526,-0.0396,30.2403
4.9305,117.5621,-0.0395,30.2188
4.9325,117.5982,-0.0394,30.1973
4.9346,117.6344,-0.0394,30.1758
4.9366,117.6705,-0.0393,30.1542
4.9387,117.7066,-0.0392,30.1326
4.9407,117.7427,-0.0391,30.111
4.9428,117.7788,-0.039,30.0894
4.9448,117.8149,-0.0389,30.0677
4.9469,117.851,-0.0389,30.046
4.9489,117.8871,-0.0388,30.0243
4.951,117.9232,-0.0387,30.0026
4.953,117.9593,-0.0386,29.9808
4.9551,117.9954,-0.0385,29.959
4.9571,118.0315,-0.0384,29.9372
4.9592,118.0676,-0.0384,29.9154
4.9612,118.1037,-0.0383,29.8935
4.9633,118.1398,-0.0382,29.8716
4.9653,118.1759,-0.0381,29.8497
4.9674,118.2119,-0.038,29.8277
4.9694,118.248,-0.0379,29.8058
4.9715,118.2841,-0.0379,29.7838
4.9735,118.3202,-0.0378,29.7618
4.9756,118.3563,-0.0377,29.7397
4.9776,118.3924,-0.0376,29.7177
4.9797,118.4285,-0.0375,29.6956
4.9817,118.4645,-0.0375,29.6735
4.9838,118.5006,-0.0374,29.6513
4.9858,118.5367,-0.0373,29.6291
4.9879,118.5728,-0.0372,29.607
4.9899,118.6088,-0.0371,29.5847
4.992,118.6449,-0.037,29.5625
4.994,118.681,-0.037,29.5402
4.9961,118.7171,-0.0369,29.5179
4.9981,118.7531,-0.0368,29.4956
5.0002,118.7892,-0.0367,29.4733
5.0022,118.8253,-0.0366,29.4509
5.0043,118.8614,-0.0366,29.4285
5.0063,118.8974,-0.0365,29.4061
5.0084,118.9335,-0.0364,29.3836
5.0104,118.9696,-0.0363,29.3612
5.0125,119.0056,-0.0362,29.3387
5.0145,119.0417,-0.0361,29.3162
5.0166,119.0777,-0.0361,29.2936
5.0186,119.1138,-0.036,29.2711
5.0207,119.1499,-0.0359,29.2485
5.0227,119.1859,-0.0358,29.2258
5.0248,119.222,-0.0357,29.2032
5.0268,119.258,-0.0357,29.1805
5.0289,119.2941,-0.0356,29.1578
5.0309,119.3301,-0.0355,29.1351
5.033,119.3662,-0.0354,29.1124
5.035,119.4023,-0.0353,29.0896
5.0371,119.4383,-0.0353,29.0668
5.0391,119.4744,-0.0352,29.044
5.0412,119.5104,-0.0351,29.0211
5.0432,119.5465,-0.035,28.9983
5.0453,119.5825,-0.0349,28.9754
5.0473,119.6185,-0.0348,28.9524
5.0494,119.6546,-0.0348,28.9295
5.0514,119.6906,-0.0347,28.9065
5.0535,119.7267,-0.0346,28.8835
5.0555,119.7627,-0.0345,28.8605
5.0576,119.7988,-0.0344,28.8375
5.0596,119.8348,-0.0344,28.8144
5.0617,119.8708,-0.0343,28.7913
5.0637,119.9069,-0.0342,28.7682
5.0658,119.9429,-0.0341,28.745
5.0678,119.979,-0.034,28.7219
5.0699,120.015,-0.034,28.6987
5.0719,120.051,-0.0339,28.6755
5.074,120.0871,-0.0338,28.6522
5.076,120.1231,-0.0337,28.6289
5.0781,120.1591,-0.0336,28.6056
5.0801,120.1952,-0.0336,28.5823
5.0822,120.2312,-0.0335,28.559
5.0842,120.2672,-0.0334,28.5356
5.0863,120.3032,-0.0333,28.5122
5.0883,120.3393,-0.0332,28.4888
5.0904,120.3753,-0.0332,28.4654
5.0924,120.4113,-0.0331,28.4419
5.0945,120.4473,-0.033,28.4184
5.0965,120.4834,-0.0329,28.3949
5.0986,120.5194,-0.0328,28.3713
5.1006,120.5554,-0.0328,28.3478
5.1027,120.5914,-0.0327,28.3242
5.1047,120.6274,-0.0326,28.3006
5.1068,120.6635,-0.0325,28.2769
5.1088,120.6995,-0.0324,28.2532
5.1109,120.7355,-0.0324,28.2296
5.1129,120.7715,-0.0323,28.2058
5.115,120.8075,-0.0322,28.1821
5.117,120.8436,-0.0321,28.1583
5.1191,120.8796,-0.032,28.1345
5.1211,120.9156,-0.032,28.1107
5.1232,120.9516,-0.0319,28.0869
5.1252,120.9876,-0.0318,28.063
5.1273,121.0236,-0.0317,28.0391
5.1293,121.0596,-0.0316,28.0152
5.1314,121.0956,-0.0316,27.9913
5.1334,121.1316,-0.0315,27.9673
5.1355,121.1676,-0.0314,27.9433
5.1375,121.2037,-0.0313,27.9193
5.1396,121.2397,-0.0313,27.8953
5.1416,121.2757,-0.0312,27.8712
5.1437,121.3117,-0.0311,27.8471
5.1457,121.3477,-0.031,27.823
5.1478,121.3837,-0.0309,27.7989
5.1498,121.4197,-0.0309,27.7747
5.1519,121.4557,-0.0308,27.7505
5.1539,121.4917,-0.0307,27.7263
5.156,121.5277,-0.0306,27.7021
5.158,121.5637,-0.0305,27.6778
5.1601,121.5997,-0.0305,27.6535
5.1621,121.6357,-0.0304,27.6292
5.1642,121.6717,-0.0303,27.6049
5.1662,121.7077,-0.0302,27.5805
5.1683,121.7437,-0.0302,27.5561
5.1703,121.7797,-0.0301,27.5317
5.1724,121.8156,-0.03,27.5073
5.1744,121.8516,-0.0299,27.4828
5.1765,121.8876,-0.0298,27.4584
5.1785,121.9236,-0.0298,27.4338
5.1806,121.9596,-0.0297,27.4093
5.1826,121.9956,-0.0296,27.3848
5.1847,122.0316,-0.0295,27.3602
5.1867,122.0676,-0.0295,27.3356
5.1888,122.1036,-0.0294,27.3109
5.1908,122.1396,-0.0293,27.2863
5.1929,122.1755,-0.0292,27.2616
5.1949,122.2115,-0.0291,27.2369
5.197,122.2475,-0.0291,27.2122
5.199,122.2835,-0.029,27.1874
5.2011,122.3195,-0.0289,27.1626
5.2031,122.3555,-0.0288,27.1378
5.2052,122.3915,-0.0288,27.113
5.2072,122.4274,-0.0287,27.0882
5.2093,122.4634,-0.0286,27.0633
5.2113,122.4994,-0.0285,27.0384
5.2134,122.5354,-0.0284,27.0135
5.2154,122.5714,-0.0284,26.9885
5.2175,122.6073,-0.0283,26.9635
5.2195,122.6433,-0.0282,26.9385
5.2216,122.6793,-0.0281,26.9135
5.2236,122.7153,-0.0281,26.8885
5.2257,122.7512,-0.028,26.8634
5.2277,122.7872,-0.0279,26.8383
5.2298,122.8232,-0.0278,26.8132
5.2318,122.8592,-0.0278,26.788
5.2339,122.8951,-0.0277,26.7629
5.2359,122.9311,-0.0276,26.7377
5.238,122.9671,-0.0275,26.7125
5.24,123.0031,-0.0274,26.6872
5.2421,123.039,-0.0274,26.662
5.2441,123.075,-0.0273,26.6367
5.2462,123.111,-0.0272,26.6114
5.2482,123.147,-0.0271,26.586
5.2503,123.1829,-0.0271,26.5607
5.2523,123.2189,-0.027,26.5353
5.2544,123.2549,-0.0269,26.5098
5.2564,123.2908,-0.0268,26.4844
5.2585,123.3268,-0.0268,26.459
5.2605,123.3628,-0.0267,26.4335
5.2626,123.3987,-0.0266,26.408
5.2646,123.4347,-0.0265,26.3824
5.2667,123.4707,-0.0265,26.3569
5.2687,123.5066,-0.0264,26.3313
5.2708,123.5426,-0.0263,26.3057
5.2728,123.5786,-0.0262,26.28
5.2749,123.6145,-0.0262,26.2544
5.2769,123.6505,-0.0261,26.2287
5.279,123.6864,-0.026,26.203
5.281,123.7224,-0.0259,26.1773
5.2831,123.7584,-0.0259,26.1515
5.2851,123.7943,-0.0258,26.1257
5.2872,123.8303,-0.0257,26.0999
5.2892,123.8663,-0.0256,26.0741
5.2913,123.9022,-0.0256,26.0483
5.2933,123.9382,-0.0255,26.0224
5.2954,123.9741,-0.0254,25.9965
5.2974,124.0101,-0.0253,25.9706
5.2995,124.0461,-0.0253,25.9446
5.3015,124.082,-0.0252,25.9186
5.3036,124.118,-0.0251,25.8927
5.3056,124.1539,-0.025,25.8666
5.3077,124.1899,-0.025,25.8406
5.3097,124.2258,-0.0249,25.8145
5.3118,124.2618,-0.0248,25.7884
5.3138,124.2977,-0.0247,25.7623
5.3159,124.3337,-0.0247,25.7362
5.3179,124.3697,-0.0246,25.71
5.32,124.4056,-0.0245,25.6838
5.322,124.4416,-0.0244,25.6576
5.3241,124.4775,-0.0244,25.6314
5.3261,124.5135,-0.0243,25.6051
5.3282,124.5494,-0.0242,25.5788
5.3302,124.5854,-0.0241,25.5525
5.3323,124.6213,-0.0241,25.5262
5.3343,124.6573,-0.024,25.4998
5.3364,124.6932,-0.0239,25.4734
5.3384,124.7292,-0.0238,25.447
5.3405,124.7651,-0.0238,25.4206
5.3425,124.8011,-0.0237,25.3942
5.3446,124.837,-0.0236,25.3677
5.3466,124.873,-0.0236,25.3412
5.3487,124.9089,-0.0235,25.3146
5.3507,124.9449,-0.0234,25.2881
5.3528,124.9808,-0.0233,25.2615
5.3548,125.0168,-0.0233,25.2349
5.3569,125.0527,-0.0232,25.2083
5.3589,125.0887,-0.0231,25.1817
5.361,125.1246,-0.023,25.155
5.363,125.1606,-0.023,25.1283
5.3651,125.1965,-0.0229,25.1016
5.3671,125.2325,-0.0228,25.0748
5.3692,125.2684,-0.0227,25.0481
5.3712,125.3044,-0.0227,25.0213
5.3733,125.3403,-0.0226,24.9945
5.3753,125.3762,-0.0225,24.9676
5.3774,125.4122,-0.0225,24.9408
5.3794,125.4481,-0.0224,24.9139
5.3815,125.4841,-0.0223,24.887
5.3835,125.52,-0.0222,24.86
5.3856,125.556,-0.0222,24.8331
5.3876,125.5919,-0.0221,24.8061
5.3897,125.6279,-0.022,24.7791
5.3917,125.6638,-0.022,24.7521
5.3938,125.6997,-0.0219,24.725
5.3958,125.7357,-0.0218,24.6979
5.3979,125.7716,-0.0217,24.6708
5.3999,125.8076,-0.0217,24.6437
5.402,125.8435,-0.0216,24.6166
5.404,125.8795,-0.0215,24.5894
5.4061,125.9154,-0.0214,24.5622
5.4081,125.9513,-0.0214,24.535
5.4102,125.9873,-0.0213,24.5077
5.4122,126.0232,-0.0212,24.4805
5.4143,126.0592,-0.0212,24.4532
5.4163,126.0951,-0.0211,24.4258
5.4184,126.131,-0.021,24.3985
5.4204,126.167,-0.0209,24.3711
5.4225,126.2029,-0.0209,24.3438
5.4245,126.2389,-0.0208,24.3163
5.4266,126.2748,-0.0207,24.2889
5.4286,126.3107,-0.0207,24.2614
5.4307,126.3467,-0.0206,24.234
5.4327,126.3826,-0.0205,24.2065
5.4348,126.4186,-0.0204,24.1789
5.4368,126.4545,-0.0204,24.1514
5.4389,126.4904,-0.0203,24.1238
5.4409,126.5264,-0.0202,24.0962
5.443,126.5623,-0.0202,24.0686
5.445,126.5983,-0.0201,24.0409
5.4471,126.6342,-0.02,24.0133
5.4491,126.6701,-0.02,23.9856
5.4512,126.7061,-0.0199,23.9578
5.4532,126.742,-0.0198,23.9301
5.4553,126.778,-0.0197,23.9023
5.4573,126.8139,-0.0197,23.8745
5.4594,126.8498,-0.0196,23.8467
5.4614,126.8858,-0.0195,23.8189
5.4635,126.9217,-0.0195,23.791
5.4655,126.9576,-0.0194,23.7631
5.4676,126.9936,-0.0193,23.7352
5.4696,127.0295,-0.0193,23.7073
5.4717,127.0655,-0.0192,23.6793
5.4737,127.1014,-0.0191,23.6514
5.4758,127.1373,-0.019,23.6234
5.4778,127.1733,-0.019,23.5953
5.4799,127.2092,-0.0189,23.5673
5.4819,127.2451,-0.0188,23.5392
5.484,127.2811,-0.0188,23.5111
5.486,127.317,-0.0187,23.483
5.4881,127.3529,-0.0186,23.4548
5.4901,127.3889,-0.0186,23.4267
5.4922,127.4248,-0.0185,23.3985
5.4942,127.4608,-0.0184,23.3703
5.4963,127.4967,-0.0184,23.342
5.4983,127.5326,-0.0183,23.3138
5.5004,127.5686,-0.0182,23.2855
5.5024,127.6045,-0.0181,23.2572
5.5045,127.6404,-0.0181,23.2288
5.5065,127.6764,-0.018,23.2005
5.5086,127.7123,-0.0179,23.1721
5.5106,127.7483,-0.0179,23.1437
5.5127,127.7842,-0.0178,23.1153
5.5147,127.8201,-0.0177,23.0868
5.5168,127.8561,-0.0177,23.0583
5.5188,127.892,-0.0176,23.0298
5.5209,127.9279,-0.0175,23.0013
5.5229,127.9639,-0.0175,22.9728
5.525,127.9998,-0.0174,22.9442
5.527,128.0357,-0.0173,22.9156
5.5291,128.0717,-0.0173,22.887
5.5311,128.1076,-0.0172,22.8583
5.5332,128.1436,-0.0171,22.8297
5.5352,128.1795,-0.0171,22.801
5.5373,128.2154,-0.017,22.7723
5.5393,128.2514,-0.0169,22.7436
5.5414,128.2873,-0.0168,22.7148
5.5434,128.3232,-0.0168,22.686
5.5455,128.3592,-0.0167,22.6572
5.5475,128.3951,-0.0166,22.6284
5.5496,128.431,-0.0166,22.5995
5.5516,128.467,-0.0165,22.5707
5.5537,128.5029,-0.0164,22.5418
5.5557,128.5389,-0.0164,22.5129
5.5578,128.5748,-0.0163,22.4839
5.5598,128.6107,-0.0162,22.455
5.5619,128.6467,-0.0162,22.426
5.5639,128.6826,-0.0161,22.3969
5.566,128.7185,-0.016,22.3679
5.568,128.7545,-0.016,22.3389
5.5701,128.7904,-0.0159,22.3098
5.5721,128.8264,-0.0158,22.2807
5.5742,128.8623,-0.0158,22.2515
5.5762,128.8982,-0.0157,22.2224
5.5783,128.9342,-0.0156,22.1932
5.5803,128.9701,-0.0156,22.164
5.5824,129.0061,-0.0155,22.1348
5.5844,129.042,-0.0154,22.1055
5.5865,129.0779,-0.0154,22.0763
5.5885,129.1139,-0.0153,22.047
5.5906,129.1498,-0.0152,22.0177
5.5926,129.1858,-0.0152,21.9883
5.5947,129.2217,-0.0151,21.959
5.5967,129.2576,-0.015,21.9296
5.5988,129.2936,-0.015,21.9002
5.6008,129.3295,-0.0149,21.8707
5.6029,129.3655,-0.0148,21.8413
5.6049,129.4014,-0.0148,21.8118
5.607,129.4373,-0.0147,21.7823
5.609,129.4733,-0.0147,21.7528
5.6111,129.5092,-0.0146,21.7232
5.6131,129.5452,-0.0145,21.6937
5.6152,129.5811,-0.0145,21.6641
5.6172,129.617,-0.0144,21.6345
5.6193,129.653,-0.0143,21.6048
5.6213,129.6889,-0.0143,21.5752
5.6234,129.7249,-0.0142,21.5455
5.6254,129.7608,-0.0141,21.5158
5.6275,129.7967,-0.0141,21.486
5.6295,129.8327,-0.014,21.4563
5.6316,129.8686,-0.0139,21.4265
5.6336,129.9046,-0.0139,21.3967
5.6357,129.9405,-0.0138,21.3669
5.6377,129.9765,-0.0137,21.337
5.6398,130.0124,-0.0137,21.3072
5.6418,130.0483,-0.0136,21.2773
5.6439,130.0843,-0.0136,21.2473
5.6459,130.1202,-0.0135,21.2174
5.648,130.1562,-0.0134,21.1874
5.65,130.1921,-0.0134,21.1575
5.6521,130.2281,-0.0133,21.1275
5.6541,130.264,-0.0132,21.0974
5.6562,130.3,-0.0132,21.0674
5.6582,130.3359,-0.0131,21.0373
5.6603,130.3719,-0.013,21.0072
5.6623,130.4078,-0.013,20.9771
5.6644,130.4437,-0.0129,20.9469
5.6664,130.4797,-0.0129,20.9168
5.6685,130.5156,-0.0128,20.8866
5.6705,130.5516,-0.0127,20.8563
5.6726,130.5875,-0.0127,20.8261
5.6746,130.6235,-0.0126,20.7958
5.6767,130.6594,-0.0125,20.7656
5.6787,130.6954,-0.0125,20.7353
5.6808,130.7313,-0.0124,20.7049
5.6828,130.7673,-0.0123,20.6746
5.6849,130.8032,-0.0123,20.6442
5.6869,130.8392,-0.0122,20.6138
5.689,130.8751,-0.0122,20.5834
5.691,130.9111,-0.0121,20.5529
5.6931,130.947,-0.012,20.5225
5.6951,130.983,-0.012,20.492
5.6972,131.0189,-0.0119,20.4615
5.6992,131.0549,-0.0118,20.4309
5.7013,131.0908,-0.0118,20.4004
5.7033,131.1268,-0.0117,20.3698
5.7054,131.1627,-0.0117,20.3392
5.7074,131.1987,-0.0116,20.3086
5.7095,131.2347,-0.0115,20.2779
5.7115,131.2706,-0.0115,20.2472
5.7136,131.3066,-0.0114,20.2165
5.7156,131.3425,-0.0113,20.1858
5.7177,131.3785,-0.0113,20.1551
5.7197,131.4144,-0.0112,20.1243
5.7218,131.4504,-0.0112,20.0935
5.7238,131.4863,-0.0111,20.0627
5.7259,131.5223,-0.011,20.0319
5.7279,131.5583,-0.011,20.001
5.73,131.5942,-0.0109,19.9702
5.732,131.6302,-0.0109,19.9393
5.7341,131.6661,-0.0108,19.9084
5.7361,131.7021,-0.0107,19.8774
5.7382,131.738,-0.0107,19.8464
5.7402,131.774,-0.0106,19.8154
5.7423,131.81,-0.0106,19.7844
5.7443,131.8459,-0.0105,19.7534
5.7464,131.8819,-0.0104,19.7223
5.7484,131.9178,-0.0104,19.6913
5.7505,131.9538,-0.0103,19.6602
5.7525,131.9898,-0.0102,19.629
5.7546,132.0257,-0.0102,19.5979
5.7566,132.0617,-0.0101,19.5667
5.7587,132.0977,-0.0101,19.5355
5.7607,132.1336,-0.01,19.5043
5.7628,132.1696,-0.0099,19.4731
5.7648,132.2055,-0.0099,19.4418
5.7669,132.2415,-0.0098,19.4105
5.7689,132.2775,-0.0098,19.3792
5.771,132.3134,-0.0097,19.3479
5.773,132.3494,-0.0096,19.3165
5.7751,132.3854,-0.0096,19.2852
5.7771,132.4213,-0.0095,19.2538
5.7792,132.4573,-0.0095,19.2223
5.7812,132.4933,-0.0094,19.1909
5.7833,132.5292,-0.0094,19.1594
5.7853,132.5652,-0.0093,19.1279
5.7874,132.6012,-0.0092,19.0964
5.7894,132.6371,-0.0092,19.0649
5.7915,132.6731,-0.0091,19.0333
5.7935,132.7091,-0.0091,19.0018
5.7956,132.7451,-0.009,18.9702
5.7976,132.781,-0.0089,18.9385
5.7997,132.817,-0.0089,18.9069
5.8017,132.853,-0.0088,18.8752
5.8038,132.8889,-0.0088,18.8435
5.8058,132.9249,-0.0087,18.8118
5.8079,132.9609,-0.0086,18.7801
5.8099,132.9969,-0.0086,18.7483
5.812,133.0328,-0.0085,18.7166
5.814,133.0688,-0.0085,18.6848
5.8161,133.1048,-0.0084,18.6529
5.8181,133.1408,-0.0084,18.6211
5.8202,133.1767,-0.0083,18.5892
5.8222,133.2127,-0.0082,18.5573
5.8243,133.2487,-0.0082,18.5254
5.8263,133.2847,-0.0081,18.4935
5.8284,133.3207,-0.0081,18.4615
5.8304,133.3566,-0.008,18.4295
5.8325,133.3926,-0.0079,18.3975
5.8345,133.4286,-0.0079,18.3655
5.8366,133.4646,-0.0078,18.3335
5.8386,133.5006,-0.0078,18.3014
5.8407,133.5366,-0.0077,18.2693
5.8427,133.5725,-0.0077,18.2372
5.8448,133.6085,-0.0076,18.2051
5.8468,133.6445,-0.0075,18.1729
5.8489,133.6805,-0.0075,18.1407
5.8509,133.7165,-0.0074,18.1085
5.853,133.7525,-0.0074,18.0763
5.855,133.7884,-0.0073,18.044
5.8571,133.8244,-0.0073,18.0118
5.8591,133.8604,-0.0072,17.9795
5.8612,133.8964,-0.0072,17.9472
5.8632,133.9324,-0.0071,17.9148
5.8653,133.9684,-0.007,17.8825
5.8673,134.0044,-0.007,17.8501
5.8694,134.0404,-0.0069,17.8177
5.8714,134.0764,-0.0069,17.7853
5.8735,134.1123,-0.0068,17.7528
5.8755,134.1483,-0.0068,17.7203
5.8776,134.1843,-0.0067,17.6878
5.8796,134.2203,-0.0066,17.6553
5.8817,134.2563,-0.0066,17.6228
5.8837,134.2923,-0.0065,17.5902
5.8858,134.3283,-0.0065,17.5577
5.8878,134.3643,-0.0064,17.5251
5.8899,134.4003,-0.0064,17.4924
5.8919,134.4363,-0.0063,17.4598
5.894,134.4723,-0.0063,17.4271
5.896,134.5083,-0.0062,17.3944
5.8981,134.5443,-0.0061,17.3617
5.9001,134.5803,-0.0061,17.329
5.9022,134.6163,-0.006,17.2962
5.9042,134.6523,-0.006,17.2634
5.9063,134.6883,-0.0059,17.2306
5.9083,134.7243,-0.0059,17.1978
5.9104,134.7603,-0.0058,17.165
5.9124,134.7963,-0.0058,17.1321
5.9145,134.8323,-0.0057,17.0992
5.9165,134.8683,-0.0057,17.0663
5.9186,134.9043,-0.0056,17.0334
5.9206,134.9403,-0.0055,17.0004
5.9227,134.9763,-0.0055,16.9674
5.9247,135.0123,-0.0054,16.9344
5.9268,135.0484,-0.0054,16.9014
5.9288,135.0844,-0.0053,16.8684
5.9309,135.1204,-0.0053,16.8353
5.9329,135.1564,-0.0052,16.8022
5.935,135.1924,-0.0052,16.7691
5.937,135.2284,-0.0051,16.736
5.9391,135.2644,-0.0051,16.7028
5.9411,135.3004,-0.005,16.6696
5.9432,135.3364,-0.005,16.6364
5.9452,135.3725,-0.0049,16.6032
5.9473,135.4085,-0.0049,16.57
5.9493,135.4445,-0.0048,16.5367
5.9514,135.4805,-0.0047,16.5034
5.9534,135.5165,-0.0047,16.4701
5.9555,135.5525,-0.0046,16.4368
5.9575,135.5886,-0.0046,16.4034
5.9596,135.6246,-0.0045,16.3701
5.9616,135.6606,-0.0045,16.3367
5.9637,135.6966,-0.0044,16.3033
5.9657,135.7327,-0.0044,16.2698
5.9678,135.7687,-0.0043,16.2364
5.9698,135.8047,-0.0043,16.2029
5.9719,135.8407,-0.0042,16.1694
5.9739,135.8767,-0.0042,16.1359
5.976,135.9128,-0.0041,16.1023
5.978,135.9488,-0.0041,16.0687
5.9801,135.9848,-0.004,16.0351
5.9821,136.0209,-0.004,16.0015
5.9842,136.0569,-0.0039,15.9679
5.9862,136.0929,-0.0039,15.9342
5.9883,136.1289,-0.0038,15.9006
5.9903,136.165,-0.0038,15.8669
5.9924,136.201,-0.0037,15.8331
5.9944,136.237,-0.0037,15.7994
5.9965,136.2731,-0.0036,15.7656
5.9985,136.3091,-0.0036,15.7319
6.0006,136.3451,-0.0035,15.698
6.0026,136.3812,-0.0034,15.6642
6.0047,136.4172,-0.0034,15.6304
6.0067,136.4532,-0.0033,15.5965
6.0088,136.4893,-0.0033,15.5626
6.0108,136.5253,-0.0032,15.5287
6.0129,136.5614,-0.0032,15.4947
6.0149,136.5974,-0.0031,15.4608
6.017,136.6334,-0.0031,15.4268
6.019,136.6695,-0.003,15.3928
6.0211,136.7055,-0.003,15.3588
6.0231,136.7416,-0.0029,15.3247
6.0252,136.7776,-0.0029,15.2907
6.0272,136.8137,-0.0028,15.2566
6.0293,136.8497,-0.0028,15.2225
6.0313,136.8858,-0.0027,15.1883
6.0334,136.9218,-0.0027,15.1542
6.0354,136.9579,-0.0026,15.12
6.0375,136.9939,-0.0026,15.0858
6.0395,137.03,-0.0025,15.0516
6.0416,137.066,-0.0025,15.0173
6.0436,137.1021,-0.0024,14.9831
6.0457,137.1381,-0.0024,14.9488
6.0477,137.1742,-0.0023,14.9145
6.0498,137.2102,-0.0023,14.8802
6.0518,137.2463,-0.0023,14.8458
6.0539,137.2823,-0.0022,14.8115
6.0559,137.3184,-0.0022,14.7771
6.058,137.3544,-0.0021,14.7426
6.06,137.3905,-0.0021,14.7082
6.0621,137.4266,-0.002,14.6738
6.0641,137.4626,-0.002,14.6393
6.0662,137.4987,-0.0019,14.6048
6.0682,137.5347,-0.0019,14.5703
6.0703,137.5708,-0.0018,14.5357
6.0723,137.6069,-0.0018,14.5012
6.0744,137.6429,-0.0017,14.4666
6.0764,137.679,-0.0017,14.432
6.0785,137.7151,-0.0016,14.3974
6.0805,137.7511,-0.0016,14.3627
6.0826,137.7872,-0.0015,14.328
6.0846,137.8233,-0.0015,14.2933
6.0867,137.8593,-0.0014,14.2586
6.0887,137.8954,-0.0014,14.2239
6.0908,137.9315,-0.0013,14.1891
6.0928,137.9676,-0.0013,14.1544
6.0949,138.0036,-0.0012,14.1196
6.0969,138.0397,-0.0012,14.0848
6.099,138.0758,-0.0011,14.0499
6.101,138.1119,-0.0011,14.0151
6.1031,138.1479,-0.0011,13.9802
6.1051,138.184,-0.001,13.9453
6.1072,138.2201,-0.001,13.9103
6.1092,138.2562,-0.0009,13.8754
6.1113,138.2923,-0.0009,13.8404
6.1133,138.3283,-0.0008,13.8054
6.1154,138.3644,-0.0008,13.7704
6.1174,138.4005,-0.0007,13.7354
6.1195,138.4366,-0.0007,13.7003
6.1215,138.4727,-0.0006,13.6653
6.1236,138.5088,-0.0006,13.6302
6.1256,138.5449,-0.0005,13.5951
6.1277,138.5809,-0.0005,13.5599
6.1297,138.617,-0.0005,13.5248
6.1318,138.6531,-0.0004,13.4896
6.1338,138.6892,-0.0004,13.4544
6.1359,138.7253,-0.0003,13.4192
6.1379,138.7614,-0.0003,13.3839
6.14,138.7975,-0.0002,13.3487
6.142,138.8336,-0.0002,13.3134
6.1441,138.8697,-0.0001,13.2781
6.1461,138.9058,-0.0001,13.2427
6.1482,138.9419,-0.0,13.2074
6.1502,138.978,0.0,13.172
6.1523,139.0141,0.0,13.1366
6.1543,139.0502,0.0001,13.1012
6.1564,139.0863,0.0001,13.0658
6.1584,139.1224,0.0002,13.0303
6.1605,139.1585,0.0002,12.9948
6.1625,139.1946,0.0003,12.9594
6.1646,139.2307,0.0003,12.9238
6.1666,139.2668,0.0004,12.8883
6.1687,139.3029,0.0004,12.8527
6.1707,139.339,0.0004,12.8172
6.1728,139.3751,0.0005,12.7816
6.1748,139.4112,0.0005,12.7459
6.1769,139.4474,0.0006,12.7103
6.1789,139.4835,0.0006,12.6746
6.181,139.5196,0.0007,12.6389
6.183,139.5557,0.0007,12.6032
6.1851,139.5918,0.0007,12.5675
6.1871,139.6279,0.0008,12.5318
6.1892,139.6641,0.0008,12.496
6.1912,139.7002,0.0009,12.4602
6.1933,139.7363,0.0009,12.4244
6.1953,139.7724,0.001,12.3885
6.1974,139.8085,0.001,12.3527
6.1994,139.8447,0.0011,12.3168
6.2015,139.8808,0.0011,12.2809
6.2035,139.9169,0.0011,12.245
6.2056,139.953,0.0012,12.2091
6.2076,139.9892,0.0012,12.1731
6.2097,140.0253,0.0013,12.1371
6.2117,140.0614,0.0013,12.1011
6.2138,140.0975,0.0013,12.0651
6.2158,140.1337,0.0014,12.0291
6.2179,140.1698,0.0014,11.993
6.2199,140.2059,0.0015,11.9569
6.222,140.2421,0.0015,11.9208
6.224,140.2782,0.0016,11.8847
6.2261,140.3144,0.0016,11.8486
6.2281,140.3505,0.0016,11.8124
6.2302,140.3866,0.0017,11.7762
6.2322,140.4228,0.0017,11.74
6.2343,140.4589,0.0018,11.7038
6.2363,140.4951,0.0018,11.6675
6.2384,140.5312,0.0018,11.6312
6.2404,140.5673,0.0019,11.595
6.2425,140.6035,0.0019,11.5586
6.2445,140.6396,0.002,11.5223
6.2466,140.6758,0.002,11.486
6.2486,140.7119,0.0021,11.4496
6.2507,140.7481,0.0021,11.4132
6.2527,140.7842,0.0021,11.3768
6.2548,140.8204,0.0022,11.3403
6.2568,140.8565,0.0022,11.3039
6.2589,140.8927,0.0023,11.2674
6.2609,140.9288,0.0023,11.2309
6.263,140.965,0.0023,11.1944
6.265,141.0012,0.0024,11.1579
6.2671,141.0373,0.0024,11.1213
6.2691,141.0735,0.0025,11.0847
6.2712,141.1096,0.0025,11.0481
6.2732,141.1458,0.0025,11.0115
6.2753,141.182,0.0026,10.9748
6.2773,141.2181,0.0026,10.9382
6.2794,141.2543,0.0027,10.9015
6.2814,141.2905,0.0027,10.8648
6.2835,141.3266,0.0027,10.8281
6.2855,141.3628,0.0028,10.7913
6.2876,141.399,0.0028,10.7546
6.2896,141.4351,0.0028,10.7178
6.2917,141.4713,0.0029,10.681
6.2937,141.5075,0.0029,10.6441
6.2958,141.5437,0.003,10.6073
6.2978,141.5798,0.003,10.5704
6.2999,141.616,0.003,10.5335
6.3019,141.6522,0.0031,10.4966
6.304,141.6884,0.0031,10.4597
6.306,141.7245,0.0032,10.4227
6.3081,141.7607,0.0032,10.3858
6.3101,141.7969,0.0032,10.3488
6.3122,141.8331,0.0033,10.3118
6.3142,141.8693,0.0033,10.2747
6.3163,141.9055,0.0033,10.2377
6.3183,141.9417,0.0034,10.2006
6.3204,141.9778,0.0034,10.1635
6.3224,142.014,0.0035,10.1264
6.3245,142.0502,0.0035,10.0893
6.3265,142.0864,0.0035,10.0521
6.3286,142.1226,0.0036,10.0149
6.3306,142.1588,0.0036,9.9777
6.3327,142.195,0.0036,9.9405
6.3347,142.2312,0.0037,9.9033
6.3368,142.2674,0.0037,9.866
6.3388,142.3036,0.0038,9.8288
6.3409,142.3398,0.0038,9.7915
6.3429,142.376,0.0038,9.7541
6.345,142.4122,0.0039,9.7168
6.347,142.4484,0.0039,9.6794
6.3491,142.4846,0.0039,9.6421
6.3511,142.5208,0.004,9.6047
6.3532,142.557,0.004,9.5672
6.3552,142.5932,0.004,9.5298
6.3573,142.6294,0.0041,9.4923
6.3593,142.6656,0.0041,9.4549
6.3614,142.7018,0.0041,9.4174
6.3634,142.7381,0.0042,9.3798
6.3655,142.7743,0.0042,9.3423
6.3675,142.8105,0.0043,9.3047
6.3696,142.8467,0.0043,9.2672
6.3716,142.8829,0.0043,9.2296
6.3737,142.9191,0.0044,9.1919
6.3757,142.9554,0.0044,9.1543
6.3778,142.9916,0.0044,9.1166
6.3798,143.0278,0.0045,9.0789
6.3819,143.064,0.0045,9.0412
6.3839,143.1003,0.0045,9.0035
6.386,143.1365,0.0046,8.9658
6.388,143.1727,0.0046,8.928
6.3901,143.2089,0.0046,8.8902
6.3921,143.2452,0.0047,8.8524
6.3942,143.2814,0.0047,8.8146
6.3962,143.3176,0.0047,8.7768
6.3983,143.3539,0.0048,8.7389
6.4003,143.3901,0.0048,8.701
6.4024,143.4263,0.0048,8.6631
6.4044,143.4626,0.0049,8.6252
6.4065,143.4988,0.0049,8.5872
6.4085,143.5351,0.0049,8.5493
6.4106,143.5713,0.005,8.5113
6.4126,143.6075,0.005,8.4733
6.4147,143.6438,0.005,8.4353
6.4167,143.68,0.0051,8.3972
6.4188,143.7163,0.0051,8.3592
6.4208,143.7525,0.0051,8.3211
6.4229,143.7888,0.0052,8.283
6.4249,143.825,0.0052,8.2448
6.427,143.8613,0.0052,8.2067
6.429,143.8975,0.0053,8.1685
6.4311,143.9338,0.0053,8.1303
6.4331,143.97,0.0053,8.0921
6.4352,144.0063,0.0054,8.0539
6.4372,144.0426,0.0054,8.0157
6.4393,144.0788,0.0054,7.9774
6.4413,144.1151,0.0055,7.9391
6.4434,144.1513,0.0055,7.9008
6.4454,144.1876,0.0055,7.8625
6.4475,144.2239,0.0056,7.8241
6.4495,144.2601,0.0056,7.7858
6.4516,144.2964,0.0056,7.7474
6.4536,144.3327,0.0057,7.709
6.4557,144.3689,0.0057,7.6706
6.4577,144.4052,0.0057,7.6321
6.4598,144.4415,0.0058,7.5937
6.4618,144.4778,0.0058,7.5552
6.4639,144.514,0.0058,7.5167
6.4659,144.5503,0.0058,7.4782
6.468,144.5866,0.0059,7.4396
6.47,144.6229,0.0059,7.401
6.4721,144.6591,0.0059,7.3625
6.4741,144.6954,0.006,7.3239
6.4762,144.7317,0.006,7.2852
6.4782,144.768,0.006,7.2466
6.4803,144.8043,0.0061,7.2079
6.4823,144.8406,0.0061,7.1693
6.4844,144.8768,0.0061,7.1305
6.4864,144.9131,0.0062,7.0918
6.4885,144.9494,0.0062,7.0531
6.4905,144.9857,0.0062,7.0143
6.4926,145.022,0.0062,6.9755
6.4946,145.0583,0.0063,6.9367
6.4967,145.0946,0.0063,6.8979
6.4987,145.1309,0.0063,6.8591
6.5008,145.1672,0.0064,6.8202
6.5028,145.2035,0.0064,6.7813
6.5049,145.2398,0.0064,6.7424
6.5069,145.2761,0.0064,6.7035
6.509,145.3124,0.0065,6.6646
6.511,145.3487,0.0065,6.6256
6.5131,145.385,0.0065,6.5867
6.5151,145.4213,0.0066,6.5477
6.5172,145.4576,0.0066,6.5086
6.5192,145.494,0.0066,6.4696
6.5213,145.5303,0.0066,6.4306
6.5233,145.5666,0.0067,6.3915
6.5254,145.6029,0.0067,6.3524
6.5274,145.6392,0.0067,6.3133
6.5295,145.6755,0.0068,6.2741
6.5315,145.7118,0.0068,6.235
6.5336,145.7482,0.0068,6.1958
6.5356,145.7845,0.0068,6.1566
6.5377,145.8208,0.0069,6.1174
6.5397,145.8571,0.0069,6.0782
6.5418,145.8935,0.0069,6.0389
6.5438,145.9298,0.007,5.9996
6.5459,145.9661,0.007,5.9604
6.5479,146.0024,0.007,5.921
6.55,146.0388,0.007,5.8817
6.552,146.0751,0.0071,5.8424
6.5541,146.1114,0.0071,5.803
6.5561,146.1478,0.0071,5.7636
6.5582,146.1841,0.0071,5.7242
6.5602,146.2205,0.0072,5.6848
6.5623,146.2568,0.0072,5.6453
6.5643,146.2931,0.0072,5.6059
6.5664,146.3295,0.0072,5.5664
6.5684,146.3658,0.0073,5.5269
6.5705,146.4022,0.0073,5.4873
6.5725,146.4385,0.0073,5.4478
6.5746,146.4749,0.0073,5.4082
6.5766,146.5112,0.0074,5.3687
6.5787,146.5476,0.0074,5.3291
6.5807,146.5839,0.0074,5.2894
6.5828,146.6203,0.0075,5.2498
6.5848,146.6566,0.0075,5.2101
6.5869,146.693,0.0075,5.1705
6.5889,146.7293,0.0075,5.1308
6.591,146.7657,0.0076,5.091
6.593,146.8021,0.0076,5.0513
6.5951,146.8384,0.0076,5.0115
6.5971,146.8748,0.0076,4.9718
6.5992,146.9111,0.0077,4.932
6.6012,146.9475,0.0077,4.8922
6.6033,146.9839,0.0077,4.8523
6.6053,147.0203,0.0077,4.8125
6.6074,147.0566,0.0078,4.7726
6.6094,147.093,0.0078,4.7327
6.6115,147.1294,0.0078,4.6928
6.6135,147.1657,0.0078,4.6529
6.6156,147.2021,0.0078,4.6129
6.6176,147.2385,0.0079,4.573
6.6197,147.2749,0.0079,4.533
6.6217,147.3113,0.0079,4.493
6.6238,147.3476,0.0079,4.4529
6.6258,147.384,0.008,4.4129
6.6279,147.4204,0.008,4.3728
6.6299,147.4568,0.008,4.3327
6.632,147.4932,0.008,4.2926
6.634,147.5296,0.0081,4.2525
6.6361,147.566,0.0081,4.2124
6.6381,147.6024,0.0081,4.1722
6.6402,147.6388,0.0081,4.132
6.6422,147.6751,0.0081,4.0918
6.6443,147.7115,0.0082,4.0516
6.6463,147.7479,0.0082,4.0114
6.6484,147.7843,0.0082,3.9711
6.6504,147.8207,0.0082,3.9308
6.6525,147.8571,0.0083,3.8906
6.6545,147.8936,0.0083,3.8502
6.6566,147.93,0.0083,3.8099
6.6586,147.9664,0.0083,3.7696
6.6607,148.0028,0.0083,3.7292
6.6627,148.0392,0.0084,3.6888
6.6648,148.0756,0.0084,3.6484
6.6668,148.112,0.0084,3.608
6.6689,148.1484,0.0084,3.5675
6.6709,148.1848,0.0085,3.5271
6.673,148.2213,0.0085,3.4866
6.675,148.2577,0.0085,3.4461
6.6771,148.2941,0.0085,3.4055
6.6791,148.3305,0.0085,3.365
6.6812,148.3669,0.0086,3.3244
6.6832,148.4034,0.0086,3.2839
6.6853,148.4398,0.0086,3.2433
6.6873,148.4762,0.0086,3.2026
6.6894,148.5126,0.0086,3.162
6.6914,148.5491,0.0087,3.1214
6.6935,148.5855,0.0087,3.0807
6.6955,148.6219,0.0087,3.04
6.6976,148.6584,0.0087,2.9993
6.6996,148.6948,0.0087,2.9585
6.7017,148.7313,0.0088,2.9178
6.7037,148.7677,0.0088,2.877
6.7058,148.8041,0.0088,2.8362
6.7078,148.8406,0.0088,2.7954
6.7099,148.877,0.0088,2.7546
6.7119,148.9135,0.0089,2.7138
6.714,148.9499,0.0089,2.6729
6.716,148.9864,0.0089,2.632
6.7181,149.0228,0.0089,2.5911
6.7201,149.0593,0.0089,2.5502
6.7222,149.0957,0.009,2.5093
6.7242,149.1322,0.009,2.4683
6.7263,149.1686,0.009,2.4273
6.7283,149.2051,0.009,2.3863
6.7304,149.2416,0.009,2.3453
6.7324,149.278,0.009,2.3043
6.7345,149.3145,0.0091,2.2632
6.7365,149.3509,0.0091,2.2222
6.7386,149.3874,0.0091,2.1811
6.7406,149.4239,0.0091,2.14
6.7427,149.4603,0.0091,2.0989
6.7447,149.4968,0.0092,2.0577
6.7468,149.5333,0.0092,2.0166
6.7488,149.5698,0.0092,1.9754
6.7509,149.6062,0.0092,1.9342
6.7529,149.6427,0.0092,1.893
6.755,149.6792,0.0092,1.8517
6.757,149.7157,0.0093,1.8105
6.7591,149.7521,0.0093,1.7692
6.7611,149.7886,0.0093,1.7279
6.7632,149.8251,0.0093,1.6866
6.7652,149.8616,0.0093,1.6452
6.7673,149.8981,0.0093,1.6039
6.7693,149.9346,0.0094,1.5625
6.7714,149.9711,0.0094,1.5211
6.7734,150.0076,0.0094,1.4797
6.7755,150.0441,0.0094,1.4383
6.7775,150.0805,0.0094,1.3969
6.7796,150.117,0.0094,1.3554
6.7816,150.1535,0.0095,1.3139
6.7837,150.19,0.0095,1.2724
6.7857,150.2265,0.0095,1.2309
6.7878,150.263,0.0095,1.1894
6.7898,150.2996,0.0095,1.1478
6.7919,150.3361,0.0095,1.1063
6.7939,150.3726,0.0095,1.0647
6.796,150.4091,0.0096,1.0231
6.798,150.4456,0.0096,0.9814
6.8001,150.4821,0.0096,0.9398
6.8021,150.5186,0.0096,0.8981
6.8042,150.5551,0.0096,0.8564
6.8062,150.5916,0.0096,0.8147
6.8083,150.6282,0.0097,0.773
6.8103,150.6647,0.0097,0.7313
6.8124,150.7012,0.0097,0.6895
6.8144,150.7377,0.0097,0.6478
6.8165,150.7743,0.0097,0.606
6.8185,150.8108,0.0097,0.5641
6.8206,150.8473,0.0097,0.5223
6.8226,150.8838,0.0098,0.4805
6.8247,150.9204,0.0098,0.4386
6.8267,150.9569,0.0098,0.3967
6.8288,150.9934,0.0098,0.3548
6.8308,151.03,0.0098,0.3129
6.8329,151.0665,0.0098,0.271
6.8349,151.103,0.0098,0.229
6.837,151.1396,0.0098,0.187
6.839,151.1761,0.0099,0.145
6.8411,151.2127,0.0099,0.103
6.8431,151.2492,0.0099,0.061
