t_s,x_m,y_m,z_m
0.0,0.0046,-0.0,0.0241
0.002,0.0856,-0.0004,0.0735
0.004,0.1665,-0.0008,0.1229
0.006,0.2469,-0.0012,0.172
0.008,0.3277,-0.0015,0.2213
0.01,0.4084,-0.0019,0.2706
0.012,0.4891,-0.0023,0.3199
0.014,0.5697,-0.0027,0.3691
0.016,0.6503,-0.003,0.4182
0.018,0.7308,-0.0034,0.4674
0.02,0.8112,-0.0038,0.5165
0.022,0.8916,-0.0042,0.5655
0.024,0.972,-0.0045,0.6146
0.026,1.0522,-0.0049,0.6636
0.028,1.1325,-0.0053,0.7125
0.03,1.2126,-0.0056,0.7614
0.032,1.2927,-0.006,0.8103
0.034,1.3728,-0.0064,0.8592
0.036,1.4528,-0.0068,0.908
0.038,1.5327,-0.0071,0.9568
0.04,1.6126,-0.0075,1.0055
0.042,1.6924,-0.0079,1.0543
0.044,1.7722,-0.0082,1.1029
0.046,1.8519,-0.0086,1.1516
0.048,1.9315,-0.009,1.2002
0.05,2.0111,-0.0093,1.2488
0.052,2.0907,-0.0097,1.2973
0.054,2.1702,-0.0101,1.3458
0.056,2.2496,-0.0104,1.3943
0.058,2.329,-0.0108,1.4427
0.06,2.4083,-0.0111,1.4911
0.062,2.4875,-0.0115,1.5395
0.064,2.5668,-0.0119,1.5878
0.066,2.6459,-0.0122,1.6361
0.068,2.725,-0.0126,1.6844
0.07,2.804,-0.013,1.7326
0.072,2.883,-0.0133,1.7808
0.074,2.962,-0.0137,1.829
0.076,3.0408,-0.014,1.8771
0.078,3.1197,-0.0144,1.9252
0.08,3.1984,-0.0147,1.9732
0.082,3.2771,-0.0151,2.0213
0.084,3.3558,-0.0155,2.0693
0.086,3.4344,-0.0158,2.1172
0.088,3.5129,-0.0162,2.1651
0.09,3.5914,-0.0165,2.213
0.092,3.6699,-0.0169,2.2608
0.094,3.7482,-0.0172,2.3087
0.096,3.8266,-0.0176,2.3564
0.098,3.9048,-0.0179,2.4042
0.1,3.9831,-0.0183,2.4519
0.102,4.0612,-0.0186,2.4996
0.104,4.1393,-0.019,2.5472
0.106,4.2174,-0.0193,2.5948
0.108,4.2954,-0.0197,2.6424
0.11,4.3733,-0.02,2.6899
0.112,4.4512,-0.0204,2.7374
0.114,4.5291,-0.0207,2.7849
0.116,4.6068,-0.0211,2.8323
0.118,4.6846,-0.0214,2.8797
0.12,4.7623,-0.0218,2.9271
0.122,4.8399,-0.0221,2.9744
0.124,4.9174,-0.0225,3.0217
0.126,4.995,-0.0228,3.069
0.128,5.0724,-0.0232,3.1162
0.13,5.1498,-0.0235,3.1634
0.132,5.2272,-0.0238,3.2106
0.134,5.3045,-0.0242,3.2577
0.136,5.3817,-0.0245,3.3048
0.138,5.4589,-0.0249,3.3518
0.14,5.5361,-0.0252,3.3989
0.142,5.6132,-0.0255,3.4458
0.144,5.6902,-0.0259,3.4928
0.146,5.7672,-0.0262,3.5397
0.148,5.8441,-0.0266,3.5866
0.15,5.921,-0.0269,3.6334
0.152,5.9978,-0.0272,3.6803
0.154,6.0746,-0.0276,3.727
0.156,6.1513,-0.0279,3.7738
0.158,6.228,-0.0283,3.8205
0.16,6.3046,-0.0286,3.8672
0.162,6.3812,-0.0289,3.9138
0.164,6.4577,-0.0293,3.9604
0.166,6.5341,-0.0296,4.007
0.168,6.6106,-0.0299,4.0536
0.17,6.6869,-0.0303,4.1001
0.172,6.7632,-0.0306,4.1465
0.174,6.8395,-0.0309,4.193
0.176,6.9157,-0.0313,4.2394
0.178,6.9918,-0.0316,4.2857
0.18,7.0679,-0.0319,4.3321
0.182,7.1439,-0.0322,4.3784
0.184,7.2199,-0.0326,4.4247
0.186,7.2959,-0.0329,4.4709
0.188,7.3718,-0.0332,4.5171
0.19,7.4476,-0.0336,4.5633
0.192,7.5234,-0.0339,4.6094
0.194,7.5991,-0.0342,4.6555
0.196,7.6748,-0.0345,4.7016
0.198,7.7504,-0.0349,4.7476
0.2,7.826,-0.0352,4.7936
0.202,7.9015,-0.0355,4.8395
0.204,7.977,-0.0358,4.8855
0.206,8.0524,-0.0362,4.9314
0.208,8.1278,-0.0365,4.9772
0.21,8.2031,-0.0368,5.0231
0.212,8.2784,-0.0371,5.0689
0.214,8.3536,-0.0375,5.1146
0.216,8.4288,-0.0378,5.1603
0.218,8.5039,-0.0381,5.206
0.22,8.579,-0.0384,5.2517
0.222,8.654,-0.0387,5.2973
0.224,8.729,-0.0391,5.3429
0.226,8.8039,-0.0394,5.3885
0.228,8.8788,-0.0397,5.434
0.23,8.9536,-0.04,5.4795
0.232,9.0284,-0.0403,5.5249
0.234,9.1031,-0.0406,5.5703
0.236,9.1777,-0.041,5.6157
0.238,9.2524,-0.0413,5.6611
0.24,9.3269,-0.0416,5.7064
0.242,9.4015,-0.0419,5.7517
0.244,9.4759,-0.0422,5.7969
0.246,9.5503,-0.0425,5.8422
0.248,9.6247,-0.0429,5.8873
0.25,9.699,-0.0432,5.9325
0.252,9.7733,-0.0435,5.9776
0.254,9.8475,-0.0438,6.0227
0.256,9.9217,-0.0441,6.0677
0.258,9.9958,-0.0444,6.1128
0.26,10.0699,-0.0447,6.1577
0.262,10.1439,-0.045,6.2027
0.264,10.2179,-0.0453,6.2476
0.266,10.2918,-0.0456,6.2925
0.268,10.3657,-0.046,6.3373
0.27,10.4395,-0.0463,6.3822
0.272,10.5133,-0.0466,6.4269
0.274,10.587,-0.0469,6.4717
0.276,10.6607,-0.0472,6.5164
0.278,10.7343,-0.0475,6.5611
0.28,10.8079,-0.0478,6.6057
0.282,10.8814,-0.0481,6.6503
0.284,10.9549,-0.0484,6.6949
0.286,11.0283,-0.0487,6.7395
0.288,11.1017,-0.049,6.784
0.29,11.175,-0.0493,6.8285
0.292,11.2483,-0.0496,6.8729
0.294,11.3216,-0.0499,6.9173
0.296,11.3948,-0.0502,6.9617
0.298,11.4679,-0.0505,7.006
0.3,11.541,-0.0508,7.0503
0.302,11.614,-0.0511,7.0946
0.304,11.687,-0.0514,7.1389
0.306,11.76,-0.0517,7.1831
0.308,11.8329,-0.052,7.2273
0.31,11.9057,-0.0523,7.2714
0.312,11.9785,-0.0526,7.3155
0.314,12.0513,-0.0529,7.3596
0.316,12.124,-0.0532,7.4036
0.318,12.1967,-0.0535,7.4476
0.32,12.2693,-0.0538,7.4916
0.322,12.3419,-0.0541,7.5356
0.324,12.4144,-0.0544,7.5795
0.326,12.4868,-0.0547,7.6233
0.328,12.5593,-0.055,7.6672
0.33,12.6316,-0.0553,7.711
0.332,12.704,-0.0556,7.7548
0.334,12.7763,-0.0559,7.7985
0.336,12.8485,-0.0562,7.8422
0.338,12.9207,-0.0564,7.8859
0.34,12.9928,-0.0567,7.9296
0.342,13.0649,-0.057,7.9732
0.344,13.137,-0.0573,8.0167
0.346,13.209,-0.0576,8.0603
0.348,13.2809,-0.0579,8.1038
0.35,13.3528,-0.0582,8.1473
0.352,13.4247,-0.0585,8.1907
0.354,13.4965,-0.0588,8.2341
0.356,13.5683,-0.059,8.2775
0.358,13.64,-0.0593,8.3208
0.36,13.7116,-0.0596,8.3642
0.362,13.7833,-0.0599,8.4074
0.364,13.8548,-0.0602,8.4507
0.366,13.9264,-0.0605,8.4939
0.368,13.9979,-0.0608,8.5371
0.37,14.0693,-0.061,8.5802
0.372,14.1407,-0.0613,8.6233
0.374,14.212,-0.0616,8.6664
0.376,14.2833,-0.0619,8.7095
0.378,14.3546,-0.0622,8.7525
0.38,14.4258,-0.0625,8.7955
0.382,14.497,-0.0627,8.8384
0.384,14.5681,-0.063,8.8813
0.386,14.6392,-0.0633,8.9242
0.388,14.7102,-0.0636,8.967
0.39,14.7812,-0.0639,9.0099
0.392,14.8521,-0.0641,9.0526
0.394,14.923,-0.0644,9.0954
0.396,14.9938,-0.0647,9.1381
0.398,15.0646,-0.065,9.1808
0.4,15.1354,-0.0653,9.2234
0.402,15.2061,-0.0655,9.2661
0.404,15.2767,-0.0658,9.3086
0.406,15.3474,-0.0661,9.3512
0.408,15.4179,-0.0664,9.3937
0.41,15.4884,-0.0666,9.4362
0.412,15.5589,-0.0669,9.4786
0.414,15.6294,-0.0672,9.5211
0.416,15.6997,-0.0675,9.5634
0.418,15.7701,-0.0677,9.6058
0.42,15.8404,-0.068,9.6481
0.422,15.9106,-0.0683,9.6904
0.424,15.9809,-0.0685,9.7327
0.426,16.051,-0.0688,9.7749
0.428,16.1211,-0.0691,9.8171
0.43,16.1912,-0.0694,9.8592
0.432,16.2612,-0.0696,9.9014
0.434,16.3312,-0.0699,9.9434
0.436,16.4012,-0.0702,9.9855
0.438,16.4711,-0.0704,10.0275
0.44,16.5409,-0.0707,10.0695
0.442,16.6107,-0.071,10.1115
0.444,16.6805,-0.0712,10.1534
0.446,16.7502,-0.0715,10.1953
0.448,16.8199,-0.0718,10.2372
0.45,16.8895,-0.072,10.279
0.452,16.9591,-0.0723,10.3208
0.454,17.0286,-0.0726,10.3625
0.456,17.0981,-0.0728,10.4043
0.458,17.1676,-0.0731,10.446
0.46,17.237,-0.0734,10.4876
0.462,17.3064,-0.0736,10.5293
0.464,17.3757,-0.0739,10.5709
0.466,17.445,-0.0742,10.6124
0.468,17.5142,-0.0744,10.654
0.47,17.5834,-0.0747,10.6955
0.472,17.6525,-0.0749,10.7369
0.474,17.7216,-0.0752,10.7784
0.476,17.7907,-0.0755,10.8198
0.478,17.8597,-0.0757,10.8611
0.48,17.9287,-0.076,10.9025
0.482,17.9976,-0.0762,10.9438
0.484,18.0665,-0.0765,10.9851
0.486,18.1353,-0.0768,11.0263
0.488,18.2041,-0.077,11.0675
0.49,18.2729,-0.0773,11.1087
0.492,18.3416,-0.0775,11.1498
0.494,18.4103,-0.0778,11.1909
0.496,18.4789,-0.078,11.232
0.498,18.5475,-0.0783,11.273
0.5,18.616,-0.0786,11.3141
0.502,18.6845,-0.0788,11.355
0.504,18.753,-0.0791,11.396
0.506,18.8214,-0.0793,11.4369
0.508,18.8897,-0.0796,11.4778
0.51,18.9581,-0.0798,11.5186
0.512,19.0264,-0.0801,11.5594
0.514,19.0946,-0.0803,11.6002
0.516,19.1628,-0.0806,11.641
0.518,19.231,-0.0808,11.6817
0.52,19.2991,-0.0811,11.7224
0.522,19.3671,-0.0813,11.763
0.524,19.4352,-0.0816,11.8037
0.526,19.5032,-0.0818,11.8443
0.528,19.5711,-0.0821,11.8848
0.53,19.639,-0.0823,11.9253
0.532,19.7069,-0.0826,11.9658
0.534,19.7747,-0.0828,12.0063
0.536,19.8424,-0.0831,12.0467
0.538,19.9102,-0.0833,12.0871
0.54,19.9779,-0.0836,12.1275
0.542,20.0455,-0.0838,12.1678
0.544,20.1131,-0.0841,12.2081
0.546,20.1807,-0.0843,12.2484
0.548,20.2482,-0.0846,12.2886
0.55,20.3157,-0.0848,12.3288
0.552,20.3831,-0.085,12.369
0.554,20.4505,-0.0853,12.4091
0.556,20.5179,-0.0855,12.4492
0.558,20.5852,-0.0858,12.4893
0.56,20.6525,-0.086,12.5293
0.562,20.7197,-0.0863,12.5693
0.564,20.7869,-0.0865,12.6093
0.566,20.8541,-0.0867,12.6492
0.568,20.9212,-0.087,12.6891
0.57,20.9882,-0.0872,12.729
0.572,21.0553,-0.0875,12.7689
0.574,21.1222,-0.0877,12.8087
0.576,21.1892,-0.0879,12.8485
0.578,21.2561,-0.0882,12.8882
0.58,21.323,-0.0884,12.9279
0.582,21.3898,-0.0887,12.9676
0.584,21.4566,-0.0889,13.0073
0.586,21.5233,-0.0891,13.0469
0.588,21.59,-0.0894,13.0865
0.59,21.6566,-0.0896,13.126
0.592,21.7233,-0.0898,13.1655
0.594,21.7898,-0.0901,13.205
0.596,21.8564,-0.0903,13.2445
0.598,21.9229,-0.0906,13.2839
0.6,21.9893,-0.0908,13.3233
0.602,22.0557,-0.091,13.3627
0.604,22.1221,-0.0913,13.402
0.606,22.1884,-0.0915,13.4413
0.608,22.2547,-0.0917,13.4806
0.61,22.321,-0.092,13.5198
0.612,22.3872,-0.0922,13.559
0.614,22.4534,-0.0924,13.5982
0.616,22.5195,-0.0926,13.6373
0.618,22.5856,-0.0929,13.6764
0.62,22.6516,-0.0931,13.7155
0.622,22.7176,-0.0933,13.7545
0.624,22.7836,-0.0936,13.7935
0.626,22.8495,-0.0938,13.8325
0.628,22.9154,-0.094,13.8715
0.63,22.9813,-0.0943,13.9104
0.632,23.0471,-0.0945,13.9493
0.634,23.1129,-0.0947,13.9881
0.636,23.1786,-0.0949,14.0269
0.638,23.2443,-0.0952,14.0657
0.64,23.3099,-0.0954,14.1045
0.642,23.3756,-0.0956,14.1432
0.644,23.4411,-0.0958,14.1819
0.646,23.5067,-0.0961,14.2205
0.648,23.5722,-0.0963,14.2591
0.65,23.6376,-0.0965,14.2977
0.652,23.703,-0.0967,14.3363
0.654,23.7684,-0.097,14.3748
0.656,23.8337,-0.0972,14.4133
0.658,23.899,-0.0974,14.4518
0.66,23.9643,-0.0976,14.4902
0.662,24.0295,-0.0979,14.5286
0.664,24.0947,-0.0981,14.567
0.666,24.1598,-0.0983,14.6053
0.668,24.2249,-0.0985,14.6436
0.67,24.29,-0.0987,14.6819
0.672,24.355,-0.099,14.7202
0.674,24.42,-0.0992,14.7584
0.676,24.4849,-0.0994,14.7965
0.678,24.5498,-0.0996,14.8347
0.68,24.6147,-0.0998,14.8728
0.682,24.6795,-0.1001,14.9109
0.684,24.7443,-0.1003,14.9489
0.686,24.8091,-0.1005,14.987
0.688,24.8738,-0.1007,15.025
0.69,24.9385,-0.1009,15.0629
0.692,25.0031,-0.1012,15.1008
0.694,25.0677,-0.1014,15.1387
0.696,25.1323,-0.1016,15.1766
0.698,25.1968,-0.1018,15.2144
0.7,25.2613,-0.102,15.2522
0.702,25.3257,-0.1022,15.29
0.704,25.3901,-0.1024,15.3277
0.706,25.4545,-0.1027,15.3654
0.708,25.5188,-0.1029,15.4031
0.71,25.5831,-0.1031,15.4407
0.712,25.6474,-0.1033,15.4783
0.714,25.7116,-0.1035,15.5159
0.716,25.7758,-0.1037,15.5534
0.718,25.8399,-0.1039,15.591
0.72,25.904,-0.1041,15.6284
0.722,25.9681,-0.1044,15.6659
0.724,26.0321,-0.1046,15.7033
0.726,26.0961,-0.1048,15.7407
0.728,26.16,-0.105,15.778
0.73,26.2239,-0.1052,15.8154
0.732,26.2878,-0.1054,15.8526
0.734,26.3517,-0.1056,15.8899
0.736,26.4155,-0.1058,15.9271
0.738,26.4792,-0.106,15.9643
0.74,26.5429,-0.1062,16.0015
0.742,26.6066,-0.1064,16.0386
0.744,26.6703,-0.1067,16.0757
0.746,26.7339,-0.1069,16.1128
0.748,26.7975,-0.1071,16.1498
0.75,26.861,-0.1073,16.1868
0.752,26.9245,-0.1075,16.2238
0.754,26.988,-0.1077,16.2607
0.756,27.0514,-0.1079,16.2977
0.758,27.1148,-0.1081,16.3345
0.76,27.1781,-0.1083,16.3714
0.762,27.2415,-0.1085,16.4082
0.764,27.3047,-0.1087,16.445
0.766,27.368,-0.1089,16.4817
0.768,27.4312,-0.1091,16.5185
0.77,27.4944,-0.1093,16.5551
0.772,27.5575,-0.1095,16.5918
0.774,27.6206,-0.1097,16.6284
0.776,27.6836,-0.1099,16.665
0.778,27.7467,-0.1101,16.7016
0.78,27.8096,-0.1103,16.7381
0.782,27.8726,-0.1105,16.7746
0.784,27.9355,-0.1107,16.8111
0.786,27.9984,-0.1109,16.8475
0.788,28.0612,-0.1111,16.8839
0.79,28.124,-0.1113,16.9203
0.792,28.1868,-0.1115,16.9567
0.794,28.2495,-0.1117,16.993
0.796,28.3122,-0.1119,17.0292
0.798,28.3749,-0.1121,17.0655
0.8,28.4375,-0.1123,17.1017
0.802,28.5001,-0.1125,17.1379
0.804,28.5626,-0.1127,17.1741
0.806,28.6251,-0.1129,17.2102
0.808,28.6876,-0.1131,17.2463
0.81,28.7501,-0.1133,17.2823
0.812,28.8125,-0.1135,17.3184
0.814,28.8748,-0.1137,17.3544
0.816,28.9372,-0.1139,17.3903
0.818,28.9995,-0.1141,17.4263
0.82,29.0617,-0.1142,17.4622
0.822,29.1239,-0.1144,17.498
0.824,29.1861,-0.1146,17.5339
0.826,29.2483,-0.1148,17.5697
0.828,29.3104,-0.115,17.6055
0.83,29.3725,-0.1152,17.6412
0.832,29.4345,-0.1154,17.6769
0.834,29.4965,-0.1156,17.7126
0.836,29.5585,-0.1158,17.7483
0.838,29.6205,-0.116,17.7839
0.84,29.6824,-0.1162,17.8195
0.842,29.7442,-0.1163,17.855
0.844,29.8061,-0.1165,17.8906
0.846,29.8679,-0.1167,17.9261
0.848,29.9296,-0.1169,17.9615
0.85,29.9914,-0.1171,17.997
0.852,30.053,-0.1173,18.0324
0.854,30.1147,-0.1175,18.0677
0.856,30.1763,-0.1177,18.1031
0.858,30.2379,-0.1178,18.1384
0.86,30.2995,-0.118,18.1737
0.862,30.361,-0.1182,18.2089
0.864,30.4225,-0.1184,18.2441
0.866,30.4839,-0.1186,18.2793
0.868,30.5453,-0.1188,18.3145
0.87,30.6067,-0.119,18.3496
0.872,30.6681,-0.1191,18.3847
0.874,30.7294,-0.1193,18.4198
0.876,30.7906,-0.1195,18.4548
0.878,30.8519,-0.1197,18.4898
0.88,30.9131,-0.1199,18.5247
0.882,30.9742,-0.1201,18.5597
0.884,31.0354,-0.1202,18.5946
0.886,31.0965,-0.1204,18.6295
0.888,31.1576,-0.1206,18.6643
0.89,31.2186,-0.1208,18.6991
0.892,31.2796,-0.121,18.7339
0.8941,31.3421,-0.1212,18.7695
0.8961,31.4045,-0.1213,18.8051
0.8982,31.4669,-0.1215,18.8407
0.9002,31.5293,-0.1217,18.8762
0.9023,31.5917,-0.1219,18.9117
0.9043,31.654,-0.1221,18.9471
0.9064,31.7162,-0.1223,18.9825
0.9084,31.7785,-0.1224,19.0179
0.9105,31.8407,-0.1226,19.0533
0.9125,31.9028,-0.1228,19.0886
0.9146,31.965,-0.123,19.1239
0.9166,32.0271,-0.1232,19.1592
0.9187,32.0891,-0.1233,19.1944
0.9207,32.1511,-0.1235,19.2296
0.9228,32.2131,-0.1237,19.2647
0.9248,32.2751,-0.1239,19.2999
0.9269,32.337,-0.1241,19.335
0.9289,32.3989,-0.1242,19.37
0.931,32.4607,-0.1244,19.4051
0.933,32.5225,-0.1246,19.44
0.9351,32.5843,-0.1248,19.475
0.9371,32.646,-0.125,19.5099
0.9392,32.7077,-0.1251,19.5448
0.9412,32.7694,-0.1253,19.5797
0.9433,32.831,-0.1255,19.6146
0.9453,32.8926,-0.1257,19.6494
0.9474,32.9542,-0.1258,19.6841
0.9494,33.0157,-0.126,19.7189
0.9515,33.0772,-0.1262,19.7536
0.9535,33.1387,-0.1264,19.7882
0.9556,33.2001,-0.1265,19.8229
0.9576,33.2615,-0.1267,19.8575
0.9597,33.3228,-0.1269,19.8921
0.9617,33.3842,-0.1271,19.9266
0.9638,33.4454,-0.1272,19.9611
0.9658,33.5067,-0.1274,19.9956
0.9679,33.5679,-0.1276,20.03
0.9699,33.6291,-0.1277,20.0645
0.972,33.6902,-0.1279,20.0988
0.974,33.7514,-0.1281,20.1332
0.9761,33.8124,-0.1283,20.1675
0.9781,33.8735,-0.1284,20.2018
0.9802,33.9345,-0.1286,20.236
0.9822,33.9955,-0.1288,20.2703
0.9843,34.0564,-0.1289,20.3044
0.9863,34.1173,-0.1291,20.3386
0.9884,34.1782,-0.1293,20.3727
0.9904,34.239,-0.1294,20.4068
0.9925,34.2998,-0.1296,20.4409
0.9945,34.3606,-0.1298,20.4749
0.9966,34.4213,-0.13,20.5089
0.9986,34.482,-0.1301,20.5428
1.0007,34.5427,-0.1303,20.5768
1.0027,34.6033,-0.1305,20.6107
1.0048,34.6639,-0.1306,20.6445
1.0068,34.7245,-0.1308,20.6784
1.0089,34.785,-0.1309,20.7122
1.0109,34.8455,-0.1311,20.7459
1.013,34.906,-0.1313,20.7797
1.015,34.9664,-0.1314,20.8134
1.0171,35.0268,-0.1316,20.847
1.0191,35.0871,-0.1318,20.8807
1.0212,35.1475,-0.1319,20.9143
1.0232,35.2078,-0.1321,20.9478
1.0253,35.268,-0.1323,20.9814
1.0273,35.3283,-0.1324,21.0149
1.0294,35.3885,-0.1326,21.0484
1.0314,35.4486,-0.1327,21.0818
1.0335,35.5087,-0.1329,21.1152
1.0355,35.5688,-0.1331,21.1486
1.0376,35.6289,-0.1332,21.182
1.0396,35.6889,-0.1334,21.2153
1.0417,35.7489,-0.1336,21.2486
1.0437,35.8089,-0.1337,21.2818
1.0458,35.8688,-0.1339,21.315
1.0478,35.9287,-0.134,21.3482
1.0499,35.9886,-0.1342,21.3814
1.0519,36.0484,-0.1344,21.4145
1.054,36.1082,-0.1345,21.4476
1.056,36.168,-0.1347,21.4806
1.0581,36.2277,-0.1348,21.5137
1.0601,36.2874,-0.135,21.5466
1.0622,36.347,-0.1351,21.5796
1.0642,36.4067,-0.1353,21.6125
1.0663,36.4663,-0.1355,21.6454
1.0683,36.5258,-0.1356,21.6783
1.0704,36.5854,-0.1358,21.7111
1.0724,36.6449,-0.1359,21.7439
1.0745,36.7043,-0.1361,21.7767
1.0765,36.7638,-0.1362,21.8094
1.0786,36.8232,-0.1364,21.8421
1.0806,36.8826,-0.1365,21.8748
1.0827,36.9419,-0.1367,21.9075
1.0847,37.0012,-0.1368,21.9401
1.0868,37.0605,-0.137,21.9726
1.0888,37.1197,-0.1372,22.0052
1.0909,37.1789,-0.1373,22.0377
1.0929,37.2381,-0.1375,22.0702
1.095,37.2972,-0.1376,22.1026
1.097,37.3563,-0.1378,22.135
1.0991,37.4154,-0.1379,22.1674
1.1011,37.4745,-0.1381,22.1998
1.1032,37.5335,-0.1382,22.2321
1.1052,37.5925,-0.1384,22.2644
1.1073,37.6514,-0.1385,22.2966
1.1093,37.7103,-0.1387,22.3289
1.1114,37.7692,-0.1388,22.3611
1.1134,37.8281,-0.139,22.3932
1.1155,37.8869,-0.1391,22.4253
1.1175,37.9457,-0.1393,22.4574
1.1196,38.0045,-0.1394,22.4895
1.1216,38.0632,-0.1396,22.5215
1.1237,38.1219,-0.1397,22.5535
1.1257,38.1805,-0.1399,22.5855
1.1278,38.2392,-0.14,22.6174
1.1298,38.2978,-0.1401,22.6493
1.1319,38.3563,-0.1403,22.6812
1.1339,38.4149,-0.1404,22.713
1.136,38.4734,-0.1406,22.7449
1.138,38.5319,-0.1407,22.7766
1.1401,38.5903,-0.1409,22.8084
1.1421,38.6487,-0.141,22.8401
1.1442,38.7071,-0.1412,22.8718
1.1462,38.7655,-0.1413,22.9034
1.1483,38.8238,-0.1415,22.935
1.1503,38.8821,-0.1416,22.9666
1.1524,38.9403,-0.1417,22.9982
1.1544,38.9985,-0.1419,23.0297
1.1565,39.0567,-0.142,23.0612
1.1585,39.1149,-0.1422,23.0926
1.1606,39.173,-0.1423,23.1241
1.1626,39.2311,-0.1425,23.1555
1.1647,39.2892,-0.1426,23.1868
1.1667,39.3472,-0.1427,23.2182
1.1688,39.4052,-0.1429,23.2495
1.1708,39.4632,-0.143,23.2807
1.1729,39.5212,-0.1432,23.312
1.1749,39.5791,-0.1433,23.3432
1.177,39.637,-0.1434,23.3743
1.179,39.6948,-0.1436,23.4055
1.1811,39.7526,-0.1437,23.4366
1.1831,39.8104,-0.1439,23.4676
1.1852,39.8682,-0.144,23.4987
1.1872,39.9259,-0.1441,23.5297
1.1893,39.9836,-0.1443,23.5607
1.1913,40.0413,-0.1444,23.5916
1.1934,40.0989,-0.1445,23.6226
1.1954,40.1565,-0.1447,23.6534
1.1975,40.2141,-0.1448,23.6843
1.1995,40.2716,-0.145,23.7151
1.2016,40.3292,-0.1451,23.7459
1.2036,40.3866,-0.1452,23.7767
1.2057,40.4441,-0.1454,23.8074
1.2077,40.5015,-0.1455,23.8381
1.2098,40.5589,-0.1456,23.8687
1.2118,40.6163,-0.1458,23.8994
1.2139,40.6736,-0.1459,23.93
1.2159,40.7309,-0.146,23.9605
1.218,40.7882,-0.1462,23.9911
1.22,40.8454,-0.1463,24.0216
1.2221,40.9027,-0.1464,24.0521
1.2241,40.9598,-0.1466,24.0825
1.2262,41.017,-0.1467,24.1129
1.2282,41.0741,-0.1468,24.1433
1.2303,41.1312,-0.147,24.1736
1.2323,41.1883,-0.1471,24.2039
1.2344,41.2453,-0.1472,24.2342
1.2364,41.3023,-0.1474,24.2645
1.2385,41.3593,-0.1475,24.2947
1.2405,41.4162,-0.1476,24.3249
1.2426,41.4732,-0.1478,24.355
1.2446,41.53,-0.1479,24.3852
1.2467,41.5869,-0.148,24.4153
1.2487,41.6437,-0.1481,24.4453
1.2508,41.7005,-0.1483,24.4753
1.2528,41.7573,-0.1484,24.5053
1.2549,41.814,-0.1485,24.5353
1.2569,41.8707,-0.1487,24.5652
1.259,41.9274,-0.1488,24.5952
1.261,41.9841,-0.1489,24.625
1.2631,42.0407,-0.149,24.6549
1.2651,42.0973,-0.1492,24.6847
1.2672,42.1538,-0.1493,24.7145
1.2692,42.2104,-0.1494,24.7442
1.2713,42.2669,-0.1495,24.7739
1.2733,42.3234,-0.1497,24.8036
1.2754,42.3798,-0.1498,24.8332
1.2774,42.4362,-0.1499,24.8629
1.2795,42.4926,-0.15,24.8925
1.2815,42.549,-0.1502,24.922
1.2836,42.6053,-0.1503,24.9515
1.2856,42.6616,-0.1504,24.981
1.2877,42.7179,-0.1505,25.0105
1.2897,42.7741,-0.1507,25.0399
1.2918,42.8303,-0.1508,25.0693
1.2938,42.8865,-0.1509,25.0987
1.2959,42.9427,-0.151,25.128
1.2979,42.9988,-0.1512,25.1573
1.3,43.0549,-0.1513,25.1866
1.302,43.1109,-0.1514,25.2158
1.3041,43.167,-0.1515,25.245
1.3061,43.223,-0.1516,25.2742
1.3082,43.279,-0.1518,25.3034
1.3102,43.3349,-0.1519,25.3325
1.3123,43.3909,-0.152,25.3616
1.3143,43.4468,-0.1521,25.3906
1.3164,43.5026,-0.1522,25.4196
1.3184,43.5585,-0.1524,25.4486
1.3205,43.6143,-0.1525,25.4776
1.3225,43.6701,-0.1526,25.5065
1.3246,43.7258,-0.1527,25.5354
1.3266,43.7815,-0.1528,25.5643
1.3287,43.8372,-0.153,25.5931
1.3307,43.8929,-0.1531,25.6219
1.3328,43.9486,-0.1532,25.6507
1.3348,44.0042,-0.1533,25.6794
1.3369,44.0598,-0.1534,25.7081
1.3389,44.1153,-0.1536,25.7368
1.341,44.1708,-0.1537,25.7655
1.343,44.2263,-0.1538,25.7941
1.3451,44.2818,-0.1539,25.8226
1.3471,44.3373,-0.154,25.8512
1.3492,44.3927,-0.1541,25.8797
1.3512,44.4481,-0.1542,25.9082
1.3533,44.5034,-0.1544,25.9367
1.3553,44.5588,-0.1545,25.9651
1.3574,44.6141,-0.1546,25.9935
1.3594,44.6693,-0.1547,26.0218
1.3615,44.7246,-0.1548,26.0502
1.3635,44.7798,-0.1549,26.0785
1.3656,44.835,-0.155,26.1067
1.3676,44.8902,-0.1552,26.135
1.3697,44.9453,-0.1553,26.1632
1.3717,45.0004,-0.1554,26.1914
1.3738,45.0555,-0.1555,26.2195
1.3758,45.1106,-0.1556,26.2476
1.3779,45.1656,-0.1557,26.2757
1.3799,45.2206,-0.1558,26.3037
1.382,45.2756,-0.1559,26.3318
1.384,45.3305,-0.1561,26.3597
1.3861,45.3854,-0.1562,26.3877
1.3881,45.4403,-0.1563,26.4156
1.3902,45.4952,-0.1564,26.4435
1.3922,45.55,-0.1565,26.4714
1.3943,45.6048,-0.1566,26.4992
1.3963,45.6596,-0.1567,26.527
1.3984,45.7144,-0.1568,26.5548
1.4004,45.7691,-0.1569,26.5825
1.4025,45.8238,-0.157,26.6102
1.4045,45.8785,-0.1572,26.6379
1.4066,45.9331,-0.1573,26.6655
1.4086,45.9877,-0.1574,26.6931
1.4107,46.0423,-0.1575,26.7207
1.4127,46.0969,-0.1576,26.7483
1.4148,46.1514,-0.1577,26.7758
1.4168,46.2059,-0.1578,26.8033
1.4189,46.2604,-0.1579,26.8307
1.4209,46.3149,-0.158,26.8582
1.423,46.3693,-0.1581,26.8856
1.425,46.4237,-0.1582,26.9129
1.4271,46.4781,-0.1583,26.9403
1.4291,46.5324,-0.1584,26.9676
1.4312,46.5868,-0.1585,26.9948
1.4332,46.6411,-0.1586,27.0221
1.4353,46.6953,-0.1587,27.0493
1.4373,46.7496,-0.1589,27.0764
1.4394,46.8038,-0.159,27.1036
1.4414,46.858,-0.1591,27.1307
1.4435,46.9122,-0.1592,27.1578
1.4455,46.9663,-0.1593,27.1848
1.4476,47.0204,-0.1594,27.2119
1.4496,47.0745,-0.1595,27.2388
1.4517,47.1285,-0.1596,27.2658
1.4537,47.1826,-0.1597,27.2927
1.4558,47.2366,-0.1598,27.3196
1.4578,47.2906,-0.1599,27.3465
1.4599,47.3445,-0.16,27.3733
1.4619,47.3984,-0.1601,27.4001
1.464,47.4523,-0.1602,27.4269
1.466,47.5062,-0.1603,27.4536
1.4681,47.5601,-0.1604,27.4803
1.4701,47.6139,-0.1605,27.507
1.4722,47.6677,-0.1606,27.5337
1.4742,47.7214,-0.1607,27.5603
1.4763,47.7752,-0.1608,27.5869
1.4783,47.8289,-0.1609,27.6134
1.4804,47.8826,-0.161,27.6399
1.4824,47.9363,-0.1611,27.6664
1.4845,47.9899,-0.1612,27.6929
1.4865,48.0435,-0.1613,27.7193
1.4886,48.0971,-0.1614,27.7457
1.4906,48.1507,-0.1615,27.7721
1.4927,48.2042,-0.1616,27.7984
1.4947,48.2577,-0.1617,27.8247
1.4968,48.3112,-0.1618,27.851
1.4988,48.3646,-0.1619,27.8772
1.5009,48.4181,-0.162,27.9035
1.5029,48.4715,-0.1621,27.9296
1.505,48.5249,-0.1622,27.9558
1.507,48.5782,-0.1622,27.9819
1.5091,48.6316,-0.1623,28.008
1.5111,48.6849,-0.1624,28.0341
1.5132,48.7381,-0.1625,28.0601
1.5152,48.7914,-0.1626,28.0861
1.5173,48.8446,-0.1627,28.112
1.5193,48.8978,-0.1628,28.138
1.5214,48.951,-0.1629,28.1639
1.5234,49.0042,-0.163,28.1897
1.5255,49.0573,-0.1631,28.2156
1.5275,49.1104,-0.1632,28.2414
1.5296,49.1635,-0.1633,28.2672
1.5316,49.2165,-0.1634,28.2929
1.5337,49.2695,-0.1635,28.3186
1.5357,49.3225,-0.1636,28.3443
1.5378,49.3755,-0.1637,28.37
1.5398,49.4285,-0.1637,28.3956
1.5419,49.4814,-0.1638,28.4212
1.5439,49.5343,-0.1639,28.4468
1.546,49.5872,-0.164,28.4723
1.548,49.64,-0.1641,28.4978
1.5501,49.6928,-0.1642,28.5233
1.5521,49.7456,-0.1643,28.5487
1.5542,49.7984,-0.1644,28.5741
1.5562,49.8512,-0.1645,28.5995
1.5583,49.9039,-0.1646,28.6248
1.5603,49.9566,-0.1646,28.6502
1.5624,50.0093,-0.1647,28.6754
1.5644,50.0619,-0.1648,28.7007
1.5665,50.1145,-0.1649,28.7259
1.5685,50.1671,-0.165,28.7511
1.5706,50.2197,-0.1651,28.7763
1.5726,50.2723,-0.1652,28.8014
1.5747,50.3248,-0.1653,28.8265
1.5767,50.3773,-0.1654,28.8516
1.5788,50.4298,-0.1654,28.8766
1.5808,50.4822,-0.1655,28.9016
1.5829,50.5346,-0.1656,28.9266
1.5849,50.587,-0.1657,28.9515
1.587,50.6394,-0.1658,28.9764
1.589,50.6918,-0.1659,29.0013
1.5911,50.7441,-0.166,29.0262
1.5931,50.7964,-0.166,29.051
1.5952,50.8487,-0.1661,29.0758
1.5972,50.901,-0.1662,29.1006
1.5993,50.9532,-0.1663,29.1253
1.6013,51.0054,-0.1664,29.15
1.6034,51.0576,-0.1665,29.1747
1.6054,51.1097,-0.1666,29.1993
1.6075,51.1619,-0.1666,29.2239
1.6095,51.214,-0.1667,29.2485
1.6116,51.2661,-0.1668,29.273
1.6136,51.3181,-0.1669,29.2975
1.6157,51.3702,-0.167,29.322
1.6177,51.4222,-0.1671,29.3465
1.6198,51.4742,-0.1671,29.3709
1.6218,51.5262,-0.1672,29.3953
1.6239,51.5781,-0.1673,29.4196
1.6259,51.63,-0.1674,29.444
1.628,51.6819,-0.1675,29.4683
1.63,51.7338,-0.1675,29.4925
1.6321,51.7856,-0.1676,29.5168
1.6341,51.8375,-0.1677,29.541
1.6362,51.8893,-0.1678,29.5652
1.6382,51.941,-0.1679,29.5893
1.6403,51.9928,-0.1679,29.6134
1.6423,52.0445,-0.168,29.6375
1.6444,52.0962,-0.1681,29.6616
1.6464,52.1479,-0.1682,29.6856
1.6485,52.1996,-0.1683,29.7096
1.6505,52.2512,-0.1683,29.7335
1.6526,52.3028,-0.1684,29.7575
1.6546,52.3544,-0.1685,29.7814
1.6567,52.406,-0.1686,29.8052
1.6587,52.4575,-0.1687,29.8291
1.6608,52.509,-0.1687,29.8529
1.6628,52.5605,-0.1688,29.8767
1.6649,52.612,-0.1689,29.9004
1.6669,52.6634,-0.169,29.9241
1.669,52.7148,-0.169,29.9478
1.671,52.7662,-0.1691,29.9715
1.6731,52.8176,-0.1692,29.9951
1.6751,52.869,-0.1693,30.0187
1.6772,52.9203,-0.1694,30.0422
1.6792,52.9716,-0.1694,30.0658
1.6813,53.0229,-0.1695,30.0893
1.6833,53.0741,-0.1696,30.1127
1.6854,53.1254,-0.1697,30.1362
1.6874,53.1766,-0.1697,30.1596
1.6895,53.2278,-0.1698,30.183
1.6915,53.279,-0.1699,30.2063
1.6936,53.3301,-0.17,30.2296
1.6956,53.3812,-0.17,30.2529
1.6977,53.4323,-0.1701,30.2762
1.6997,53.4834,-0.1702,30.2994
1.7018,53.5344,-0.1703,30.3226
1.7038,53.5855,-0.1703,30.3458
1.7059,53.6365,-0.1704,30.3689
1.7079,53.6875,-0.1705,30.392
1.71,53.7384,-0.1705,30.4151
1.712,53.7894,-0.1706,30.4381
1.7141,53.8403,-0.1707,30.4611
1.7161,53.8912,-0.1708,30.4841
1.7182,53.942,-0.1708,30.5071
1.7202,53.9929,-0.1709,30.53
1.7223,54.0437,-0.171,30.5529
1.7243,54.0945,-0.171,30.5757
1.7264,54.1453,-0.1711,30.5986
1.7284,54.196,-0.1712,30.6214
1.7305,54.2468,-0.1713,30.6441
1.7325,54.2975,-0.1713,30.6669
1.7346,54.3482,-0.1714,30.6896
1.7366,54.3988,-0.1715,30.7123
1.7387,54.4495,-0.1715,30.7349
1.7407,54.5001,-0.1716,30.7575
1.7428,54.5507,-0.1717,30.7801
1.7448,54.6013,-0.1717,30.8027
1.7469,54.6518,-0.1718,30.8252
1.7489,54.7024,-0.1719,30.8477
1.751,54.7529,-0.172,30.8701
1.753,54.8034,-0.172,30.8926
1.7551,54.8538,-0.1721,30.915
1.7571,54.9043,-0.1722,30.9374
1.7592,54.9547,-0.1722,30.9597
1.7612,55.0051,-0.1723,30.982
1.7633,55.0555,-0.1724,31.0043
1.7653,55.1058,-0.1724,31.0265
1.7674,55.1562,-0.1725,31.0488
1.7694,55.2065,-0.1726,31.0709
1.7715,55.2568,-0.1726,31.0931
1.7735,55.307,-0.1727,31.1152
1.7756,55.3573,-0.1728,31.1373
1.7776,55.4075,-0.1728,31.1594
1.7797,55.4577,-0.1729,31.1814
1.7817,55.5079,-0.173,31.2034
1.7838,55.558,-0.173,31.2254
1.7858,55.6081,-0.1731,31.2474
1.7879,55.6583,-0.1731,31.2693
1.7899,55.7084,-0.1732,31.2912
1.792,55.7584,-0.1733,31.313
1.794,55.8085,-0.1733,31.3348
1.7961,55.8585,-0.1734,31.3566
1.7981,55.9085,-0.1735,31.3784
1.8002,55.9585,-0.1735,31.4001
1.8022,56.0084,-0.1736,31.4218
1.8043,56.0584,-0.1737,31.4435
1.8063,56.1083,-0.1737,31.4651
1.8084,56.1582,-0.1738,31.4867
1.8104,56.2081,-0.1738,31.5083
1.8125,56.2579,-0.1739,31.5299
1.8145,56.3077,-0.174,31.5514
1.8166,56.3576,-0.174,31.5729
1.8186,56.4073,-0.1741,31.5943
1.8207,56.4571,-0.1741,31.6158
1.8227,56.5068,-0.1742,31.6372
1.8248,56.5566,-0.1743,31.6585
1.8268,56.6063,-0.1743,31.6799
1.8289,56.656,-0.1744,31.7012
1.8309,56.7056,-0.1745,31.7225
1.833,56.7553,-0.1745,31.7437
1.835,56.8049,-0.1746,31.7649
1.8371,56.8545,-0.1746,31.7861
1.8391,56.904,-0.1747,31.8073
1.8412,56.9536,-0.1748,31.8284
1.8432,57.0031,-0.1748,31.8495
1.8453,57.0526,-0.1749,31.8706
1.8473,57.1021,-0.1749,31.8916
1.8494,57.1516,-0.175,31.9126
1.8514,57.201,-0.175,31.9336
1.8535,57.2505,-0.1751,31.9545
1.8555,57.2999,-0.1752,31.9754
1.8576,57.3493,-0.1752,31.9963
1.8596,57.3986,-0.1753,32.0172
1.8617,57.448,-0.1753,32.038
1.8637,57.4973,-0.1754,32.0588
1.8658,57.5466,-0.1754,32.0795
1.8678,57.5959,-0.1755,32.1003
1.8699,57.6451,-0.1756,32.121
1.8719,57.6944,-0.1756,32.1416
1.874,57.7436,-0.1757,32.1623
1.876,57.7928,-0.1757,32.1829
1.8781,57.8419,-0.1758,32.2035
1.8801,57.8911,-0.1758,32.224
1.8822,57.9402,-0.1759,32.2445
1.8842,57.9893,-0.1759,32.265
1.8863,58.0384,-0.176,32.2855
1.8883,58.0875,-0.1761,32.3059
1.8904,58.1366,-0.1761,32.3263
1.8924,58.1856,-0.1762,32.3467
1.8945,58.2346,-0.1762,32.367
1.8965,58.2836,-0.1763,32.3873
1.8986,58.3326,-0.1763,32.4076
1.9006,58.3815,-0.1764,32.4279
1.9027,58.4304,-0.1764,32.4481
1.9047,58.4794,-0.1765,32.4683
1.9068,58.5282,-0.1765,32.4884
1.9088,58.5771,-0.1766,32.5086
1.9109,58.626,-0.1766,32.5286
1.9129,58.6748,-0.1767,32.5487
1.915,58.7236,-0.1768,32.5688
1.917,58.7724,-0.1768,32.5888
1.9191,58.8211,-0.1769,32.6087
1.9211,58.8699,-0.1769,32.6287
1.9232,58.9186,-0.177,32.6486
1.9252,58.9673,-0.177,32.6685
1.9273,59.016,-0.1771,32.6883
1.9293,59.0647,-0.1771,32.7082
1.9314,59.1133,-0.1772,32.728
1.9334,59.1619,-0.1772,32.7477
1.9355,59.2105,-0.1773,32.7675
1.9375,59.2591,-0.1773,32.7872
1.9396,59.3077,-0.1774,32.8068
1.9416,59.3562,-0.1774,32.8265
1.9437,59.4048,-0.1775,32.8461
1.9457,59.4533,-0.1775,32.8657
1.9478,59.5017,-0.1776,32.8852
1.9498,59.5502,-0.1776,32.9048
1.9519,59.5987,-0.1777,32.9242
1.9539,59.6471,-0.1777,32.9437
1.956,59.6955,-0.1778,32.9631
1.958,59.7439,-0.1778,32.9825
1.9601,59.7922,-0.1778,33.0019
1.9621,59.8406,-0.1779,33.0213
1.9642,59.8889,-0.1779,33.0406
1.9662,59.9372,-0.178,33.0599
1.9683,59.9855,-0.178,33.0791
1.9703,60.0338,-0.1781,33.0983
1.9724,60.082,-0.1781,33.1175
1.9744,60.1302,-0.1782,33.1367
1.9765,60.1785,-0.1782,33.1558
1.9785,60.2266,-0.1783,33.1749
1.9806,60.2748,-0.1783,33.194
1.9826,60.323,-0.1784,33.213
1.9847,60.3711,-0.1784,33.232
1.9867,60.4192,-0.1785,33.251
1.9888,60.4673,-0.1785,33.27
1.9908,60.5154,-0.1785,33.2889
1.9929,60.5634,-0.1786,33.3078
1.9949,60.6114,-0.1786,33.3267
1.997,60.6595,-0.1787,33.3455
1.999,60.7075,-0.1787,33.3643
2.0011,60.7554,-0.1788,33.3831
2.0031,60.8034,-0.1788,33.4018
2.0052,60.8513,-0.1789,33.4205
2.0072,60.8992,-0.1789,33.4392
2.0093,60.9471,-0.1789,33.4578
2.0113,60.995,-0.179,33.4765
2.0134,61.0429,-0.179,33.4951
2.0154,61.0907,-0.1791,33.5136
2.0175,61.1385,-0.1791,33.5322
2.0195,61.1863,-0.1792,33.5507
2.0216,61.2341,-0.1792,33.5691
2.0236,61.2819,-0.1792,33.5876
2.0257,61.3296,-0.1793,33.606
2.0277,61.3774,-0.1793,33.6244
2.0298,61.4251,-0.1794,33.6427
2.0318,61.4727,-0.1794,33.661
2.0339,61.5204,-0.1795,33.6793
2.0359,61.5681,-0.1795,33.6976
2.038,61.6157,-0.1795,33.7158
2.04,61.6633,-0.1796,33.734
2.0421,61.7109,-0.1796,33.7522
2.0441,61.7585,-0.1797,33.7703
2.0462,61.806,-0.1797,33.7884
2.0482,61.8536,-0.1797,33.8065
2.0503,61.9011,-0.1798,33.8246
2.0523,61.9486,-0.1798,33.8426
2.0544,61.9961,-0.1799,33.8606
2.0564,62.0435,-0.1799,33.8785
2.0585,62.091,-0.1799,33.8965
2.0605,62.1384,-0.18,33.9144
2.0626,62.1858,-0.18,33.9322
2.0646,62.2332,-0.1801,33.9501
2.0667,62.2806,-0.1801,33.9679
2.0687,62.3279,-0.1801,33.9857
2.0708,62.3752,-0.1802,34.0034
2.0728,62.4226,-0.1802,34.0212
2.0749,62.4698,-0.1802,34.0388
2.0769,62.5171,-0.1803,34.0565
2.079,62.5644,-0.1803,34.0741
2.081,62.6116,-0.1804,34.0917
2.0831,62.6588,-0.1804,34.1093
2.0851,62.706,-0.1804,34.1269
2.0872,62.7532,-0.1805,34.1444
2.0892,62.8004,-0.1805,34.1619
2.0913,62.8475,-0.1805,34.1793
2.0933,62.8947,-0.1806,34.1967
2.0954,62.9418,-0.1806,34.2141
2.0974,62.9889,-0.1807,34.2315
2.0995,63.0359,-0.1807,34.2488
2.1015,63.083,-0.1807,34.2661
2.1036,63.13,-0.1808,34.2834
2.1056,63.1771,-0.1808,34.3006
2.1077,63.2241,-0.1808,34.3178
2.1097,63.271,-0.1809,34.335
2.1118,63.318,-0.1809,34.3522
2.1138,63.365,-0.1809,34.3693
2.1159,63.4119,-0.181,34.3864
2.1179,63.4588,-0.181,34.4035
2.12,63.5057,-0.181,34.4205
2.122,63.5526,-0.1811,34.4375
2.1241,63.5994,-0.1811,34.4545
2.1261,63.6463,-0.1811,34.4714
2.1282,63.6931,-0.1812,34.4883
2.1302,63.7399,-0.1812,34.5052
2.1323,63.7867,-0.1812,34.5221
2.1343,63.8334,-0.1813,34.5389
2.1364,63.8802,-0.1813,34.5557
2.1384,63.9269,-0.1813,34.5725
2.1405,63.9736,-0.1814,34.5892
2.1425,64.0203,-0.1814,34.6059
2.1446,64.067,-0.1814,34.6226
2.1466,64.1137,-0.1815,34.6392
2.1487,64.1603,-0.1815,34.6558
2.1507,64.2069,-0.1815,34.6724
2.1528,64.2535,-0.1816,34.689
2.1548,64.3001,-0.1816,34.7055
2.1569,64.3467,-0.1816,34.722
2.1589,64.3933,-0.1817,34.7385
2.161,64.4398,-0.1817,34.7549
2.163,64.4863,-0.1817,34.7713
2.1651,64.5328,-0.1817,34.7877
2.1671,64.5793,-0.1818,34.804
2.1692,64.6258,-0.1818,34.8204
2.1712,64.6722,-0.1818,34.8367
2.1733,64.7186,-0.1819,34.8529
2.1753,64.7651,-0.1819,34.8691
2.1774,64.8115,-0.1819,34.8853
2.1794,64.8578,-0.182,34.9015
2.1815,64.9042,-0.182,34.9177
2.1835,64.9505,-0.182,34.9338
2.1856,64.9969,-0.182,34.9498
2.1876,65.0432,-0.1821,34.9659
2.1897,65.0895,-0.1821,34.9819
2.1917,65.1358,-0.1821,34.9979
2.1938,65.182,-0.1822,35.0139
2.1958,65.2283,-0.1822,35.0298
2.1979,65.2745,-0.1822,35.0457
2.1999,65.3207,-0.1822,35.0616
2.202,65.3669,-0.1823,35.0774
2.204,65.413,-0.1823,35.0932
2.2061,65.4592,-0.1823,35.109
2.2081,65.5053,-0.1824,35.1248
2.2102,65.5515,-0.1824,35.1405
2.2122,65.5976,-0.1824,35.1562
2.2143,65.6437,-0.1824,35.1718
2.2163,65.6897,-0.1825,35.1875
2.2184,65.7358,-0.1825,35.2031
2.2204,65.7818,-0.1825,35.2187
2.2225,65.8278,-0.1825,35.2342
2.2245,65.8738,-0.1826,35.2497
2.2266,65.9198,-0.1826,35.2652
2.2286,65.9658,-0.1826,35.2807
2.2307,66.0117,-0.1826,35.2961
2.2327,66.0577,-0.1827,35.3115
2.2348,66.1036,-0.1827,35.3268
2.2368,66.1495,-0.1827,35.3422
2.2389,66.1954,-0.1827,35.3575
2.2409,66.2413,-0.1828,35.3728
2.243,66.2871,-0.1828,35.388
2.245,66.3329,-0.1828,35.4032
2.2471,66.3788,-0.1828,35.4184
2.2491,66.4246,-0.1829,35.4336
2.2512,66.4703,-0.1829,35.4487
2.2532,66.5161,-0.1829,35.4638
2.2553,66.5619,-0.1829,35.4789
2.2573,66.6076,-0.183,35.4939
2.2594,66.6533,-0.183,35.5089
2.2614,66.699,-0.183,35.5239
2.2635,66.7447,-0.183,35.5389
2.2655,66.7904,-0.1831,35.5538
2.2676,66.836,-0.1831,35.5687
2.2696,66.8817,-0.1831,35.5835
2.2717,66.9273,-0.1831,35.5984
2.2737,66.9729,-0.1831,35.6132
2.2758,67.0185,-0.1832,35.6279
2.2778,67.064,-0.1832,35.6427
2.2799,67.1096,-0.1832,35.6574
2.2819,67.1551,-0.1832,35.6721
2.284,67.2006,-0.1833,35.6867
2.286,67.2461,-0.1833,35.7014
2.2881,67.2916,-0.1833,35.716
2.2901,67.3371,-0.1833,35.7305
2.2922,67.3826,-0.1833,35.7451
2.2942,67.428,-0.1834,35.7596
2.2963,67.4734,-0.1834,35.774
2.2983,67.5188,-0.1834,35.7885
2.3004,67.5642,-0.1834,35.8029
2.3024,67.6096,-0.1834,35.8173
2.3045,67.6549,-0.1835,35.8317
2.3065,67.7003,-0.1835,35.846
2.3086,67.7456,-0.1835,35.8603
2.3106,67.7909,-0.1835,35.8745
2.3127,67.8362,-0.1835,35.8888
2.3147,67.8815,-0.1836,35.903
2.3168,67.9268,-0.1836,35.9172
2.3188,67.972,-0.1836,35.9313
2.3209,68.0172,-0.1836,35.9455
2.3229,68.0624,-0.1836,35.9595
2.325,68.1076,-0.1836,35.9736
2.327,68.1528,-0.1837,35.9876
2.3291,68.198,-0.1837,36.0016
2.3311,68.2431,-0.1837,36.0156
2.3332,68.2883,-0.1837,36.0296
2.3352,68.3334,-0.1837,36.0435
2.3373,68.3785,-0.1838,36.0574
2.3393,68.4236,-0.1838,36.0712
2.3414,68.4687,-0.1838,36.085
2.3434,68.5137,-0.1838,36.0988
2.3455,68.5588,-0.1838,36.1126
2.3475,68.6038,-0.1838,36.1263
2.3496,68.6488,-0.1839,36.1401
2.3516,68.6938,-0.1839,36.1537
2.3537,68.7388,-0.1839,36.1674
2.3557,68.7837,-0.1839,36.181
2.3578,68.8287,-0.1839,36.1946
2.3598,68.8736,-0.1839,36.2082
2.3619,68.9185,-0.184,36.2217
2.3639,68.9634,-0.184,36.2352
2.366,69.0083,-0.184,36.2487
2.368,69.0532,-0.184,36.2621
2.3701,69.098,-0.184,36.2755
2.3721,69.1428,-0.184,36.2889
2.3742,69.1877,-0.1841,36.3022
2.3762,69.2325,-0.1841,36.3156
2.3783,69.2773,-0.1841,36.3289
2.3803,69.322,-0.1841,36.3421
2.3824,69.3668,-0.1841,36.3554
2.3844,69.4115,-0.1841,36.3686
2.3865,69.4563,-0.1841,36.3817
2.3885,69.501,-0.1842,36.3949
2.3906,69.5457,-0.1842,36.408
2.3926,69.5904,-0.1842,36.4211
2.3947,69.635,-0.1842,36.4342
2.3967,69.6797,-0.1842,36.4472
2.3988,69.7243,-0.1842,36.4602
2.4008,69.769,-0.1842,36.4732
2.4029,69.8136,-0.1842,36.4861
2.4049,69.8582,-0.1843,36.499
2.407,69.9027,-0.1843,36.5119
2.409,69.9473,-0.1843,36.5247
2.4111,69.9918,-0.1843,36.5376
2.4131,70.0364,-0.1843,36.5504
2.4152,70.0809,-0.1843,36.5631
2.4172,70.1254,-0.1843,36.5759
2.4193,70.1699,-0.1844,36.5886
2.4213,70.2143,-0.1844,36.6012
2.4234,70.2588,-0.1844,36.6139
2.4254,70.3032,-0.1844,36.6265
2.4275,70.3477,-0.1844,36.6391
2.4295,70.3921,-0.1844,36.6516
2.4316,70.4365,-0.1844,36.6642
2.4336,70.4809,-0.1844,36.6767
2.4357,70.5252,-0.1844,36.6891
2.4377,70.5696,-0.1845,36.7016
2.4398,70.6139,-0.1845,36.714
2.4418,70.6582,-0.1845,36.7264
2.4439,70.7025,-0.1845,36.7387
2.4459,70.7468,-0.1845,36.7511
2.448,70.7911,-0.1845,36.7633
2.45,70.8354,-0.1845,36.7756
2.4521,70.8796,-0.1845,36.7878
2.4541,70.9239,-0.1845,36.8
2.4562,70.9681,-0.1845,36.8122
2.4582,71.0123,-0.1846,36.8244
2.4603,71.0565,-0.1846,36.8365
2.4623,71.1006,-0.1846,36.8486
2.4644,71.1448,-0.1846,36.8606
2.4664,71.1889,-0.1846,36.8727
2.4685,71.2331,-0.1846,36.8847
2.4705,71.2772,-0.1846,36.8966
2.4726,71.3213,-0.1846,36.9086
2.4746,71.3654,-0.1846,36.9205
2.4767,71.4095,-0.1846,36.9324
2.4787,71.4535,-0.1846,36.9442
2.4808,71.4976,-0.1847,36.956
2.4828,71.5416,-0.1847,36.9678
2.4849,71.5856,-0.1847,36.9796
2.4869,71.6296,-0.1847,36.9913
2.489,71.6736,-0.1847,37.003
2.491,71.7176,-0.1847,37.0147
2.4931,71.7615,-0.1847,37.0264
2.4951,71.8055,-0.1847,37.038
2.4972,71.8494,-0.1847,37.0496
2.4992,71.8933,-0.1847,37.0611
2.5013,71.9372,-0.1847,37.0726
2.5033,71.9811,-0.1847,37.0841
2.5054,72.025,-0.1847,37.0956
2.5074,72.0688,-0.1847,37.1071
2.5095,72.1127,-0.1848,37.1185
2.5115,72.1565,-0.1848,37.1299
2.5136,72.2003,-0.1848,37.1412
2.5156,72.2441,-0.1848,37.1525
2.5177,72.2879,-0.1848,37.1638
2.5197,72.3317,-0.1848,37.1751
2.5218,72.3754,-0.1848,37.1863
2.5238,72.4192,-0.1848,37.1975
2.5259,72.4629,-0.1848,37.2087
2.5279,72.5066,-0.1848,37.2199
2.53,72.5503,-0.1848,37.231
2.532,72.594,-0.1848,37.2421
2.5341,72.6377,-0.1848,37.2531
2.5361,72.6813,-0.1848,37.2642
2.5382,72.725,-0.1848,37.2752
2.5402,72.7686,-0.1848,37.2861
2.5423,72.8122,-0.1848,37.2971
2.5443,72.8558,-0.1848,37.308
2.5464,72.8994,-0.1848,37.3189
2.5484,72.943,-0.1848,37.3297
2.5505,72.9866,-0.1849,37.3405
2.5525,73.0301,-0.1849,37.3513
2.5546,73.0736,-0.1849,37.3621
2.5566,73.1172,-0.1849,37.3728
2.5587,73.1607,-0.1849,37.3836
2.5607,73.2042,-0.1849,37.3942
2.5628,73.2476,-0.1849,37.4049
2.5648,73.2911,-0.1849,37.4155
2.5669,73.3346,-0.1849,37.4261
2.5689,73.378,-0.1849,37.4367
2.571,73.4214,-0.1849,37.4472
2.573,73.4648,-0.1849,37.4577
2.5751,73.5082,-0.1849,37.4682
2.5771,73.5516,-0.1849,37.4786
2.5792,73.595,-0.1849,37.489
2.5812,73.6383,-0.1849,37.4994
2.5833,73.6817,-0.1849,37.5098
2.5853,73.725,-0.1849,37.5201
2.5874,73.7683,-0.1849,37.5304
2.5894,73.8116,-0.1849,37.5407
2.5915,73.8549,-0.1849,37.5509
2.5935,73.8982,-0.1849,37.5611
2.5956,73.9415,-0.1849,37.5713
2.5976,73.9847,-0.1849,37.5815
2.5997,74.0279,-0.1849,37.5916
2.6017,74.0712,-0.1849,37.6017
2.6038,74.1144,-0.1849,37.6117
2.6058,74.1576,-0.1849,37.6218
2.6079,74.2008,-0.1849,37.6318
2.6099,74.2439,-0.1849,37.6418
2.612,74.2871,-0.1849,37.6517
2.614,74.3302,-0.1849,37.6616
2.6161,74.3733,-0.1849,37.6715
2.6181,74.4165,-0.1849,37.6814
2.6202,74.4596,-0.1849,37.6912
2.6222,74.5027,-0.1849,37.701
2.6243,74.5457,-0.1849,37.7108
2.6263,74.5888,-0.1849,37.7205
2.6284,74.6318,-0.1849,37.7302
2.6304,74.6749,-0.1849,37.7399
2.6325,74.7179,-0.1849,37.7496
2.6345,74.7609,-0.1849,37.7592
2.6366,74.8039,-0.1849,37.7688
2.6386,74.8469,-0.1849,37.7784
2.6407,74.8899,-0.1849,37.7879
2.6427,74.9328,-0.1849,37.7974
2.6448,74.9758,-0.1849,37.8069
2.6468,75.0187,-0.1849,37.8164
2.6489,75.0616,-0.1849,37.8258
2.6509,75.1045,-0.1849,37.8352
2.653,75.1474,-0.1849,37.8445
2.655,75.1903,-0.1849,37.8539
2.6571,75.2331,-0.1849,37.8632
2.6591,75.276,-0.1849,37.8725
2.6612,75.3188,-0.1849,37.8817
2.6632,75.3617,-0.1849,37.8909
2.6653,75.4045,-0.1849,37.9001
2.6673,75.4473,-0.1849,37.9093
2.6694,75.4901,-0.1849,37.9184
2.6714,75.5328,-0.1849,37.9275
2.6735,75.5756,-0.1849,37.9366
2.6755,75.6184,-0.1849,37.9456
2.6776,75.6611,-0.1849,37.9546
2.6796,75.7038,-0.1849,37.9636
2.6817,75.7465,-0.1849,37.9726
2.6837,75.7892,-0.1849,37.9815
2.6858,75.8319,-0.1848,37.9904
2.6878,75.8746,-0.1848,37.9993
2.6899,75.9173,-0.1848,38.0081
2.6919,75.9599,-0.1848,38.0169
2.694,76.0025,-0.1848,38.0257
2.696,76.0452,-0.1848,38.0344
2.6981,76.0878,-0.1848,38.0432
2.7001,76.1304,-0.1848,38.0519
2.7022,76.173,-0.1848,38.0605
2.7042,76.2155,-0.1848,38.0692
2.7063,76.2581,-0.1848,38.0778
2.7083,76.3006,-0.1848,38.0864
2.7104,76.3432,-0.1848,38.0949
2.7124,76.3857,-0.1848,38.1034
2.7145,76.4282,-0.1848,38.1119
2.7165,76.4707,-0.1848,38.1204
2.7186,76.5132,-0.1848,38.1288
2.7206,76.5557,-0.1848,38.1372
2.7227,76.5981,-0.1848,38.1456
2.7247,76.6406,-0.1848,38.1539
2.7268,76.683,-0.1848,38.1622
2.7288,76.7254,-0.1847,38.1705
2.7309,76.7678,-0.1847,38.1788
2.7329,76.8102,-0.1847,38.187
2.735,76.8526,-0.1847,38.1952
2.737,76.895,-0.1847,38.2034
2.7391,76.9374,-0.1847,38.2115
2.7411,76.9797,-0.1847,38.2196
2.7432,77.0221,-0.1847,38.2277
2.7452,77.0644,-0.1847,38.2358
2.7473,77.1067,-0.1847,38.2438
2.7493,77.149,-0.1847,38.2518
2.7514,77.1913,-0.1847,38.2598
2.7534,77.2336,-0.1847,38.2677
2.7555,77.2758,-0.1847,38.2756
2.7575,77.3181,-0.1846,38.2835
2.7596,77.3603,-0.1846,38.2913
2.7616,77.4025,-0.1846,38.2992
2.7637,77.4448,-0.1846,38.307
2.7657,77.487,-0.1846,38.3147
2.7678,77.5292,-0.1846,38.3224
2.7698,77.5713,-0.1846,38.3302
2.7719,77.6135,-0.1846,38.3378
2.7739,77.6557,-0.1846,38.3455
2.776,77.6978,-0.1846,38.3531
2.778,77.7399,-0.1846,38.3607
2.7801,77.7821,-0.1846,38.3682
2.7821,77.8242,-0.1846,38.3758
2.7842,77.8663,-0.1845,38.3833
2.7862,77.9083,-0.1845,38.3908
2.7883,77.9504,-0.1845,38.3982
2.7903,77.9925,-0.1845,38.4056
2.7924,78.0345,-0.1845,38.413
2.7944,78.0766,-0.1845,38.4204
2.7965,78.1186,-0.1845,38.4277
2.7985,78.1606,-0.1845,38.435
2.8006,78.2026,-0.1845,38.4423
2.8026,78.2446,-0.1845,38.4495
2.8047,78.2866,-0.1844,38.4567
2.8067,78.3285,-0.1844,38.4639
2.8088,78.3705,-0.1844,38.471
2.8108,78.4124,-0.1844,38.4782
2.8129,78.4544,-0.1844,38.4853
2.8149,78.4963,-0.1844,38.4923
2.817,78.5382,-0.1844,38.4994
2.819,78.5801,-0.1844,38.5064
2.8211,78.622,-0.1844,38.5134
2.8231,78.6638,-0.1844,38.5203
2.8252,78.7057,-0.1843,38.5272
2.8272,78.7475,-0.1843,38.5341
2.8293,78.7894,-0.1843,38.541
2.8313,78.8312,-0.1843,38.5478
2.8334,78.873,-0.1843,38.5546
2.8354,78.9148,-0.1843,38.5614
2.8375,78.9566,-0.1843,38.5682
2.8395,78.9984,-0.1843,38.5749
2.8416,79.0402,-0.1843,38.5816
2.8436,79.0819,-0.1842,38.5882
2.8457,79.1237,-0.1842,38.5949
2.8477,79.1654,-0.1842,38.6015
2.8498,79.2071,-0.1842,38.608
2.8518,79.2488,-0.1842,38.6146
2.8539,79.2905,-0.1842,38.6211
2.8559,79.3322,-0.1842,38.6276
2.858,79.3739,-0.1842,38.6341
2.86,79.4156,-0.1841,38.6405
2.8621,79.4572,-0.1841,38.6469
2.8641,79.4989,-0.1841,38.6533
2.8662,79.5405,-0.1841,38.6596
2.8682,79.5821,-0.1841,38.6659
2.8703,79.6237,-0.1841,38.6722
2.8723,79.6653,-0.1841,38.6785
2.8744,79.7069,-0.1841,38.6847
2.8764,79.7485,-0.184,38.6909
2.8785,79.7901,-0.184,38.6971
2.8805,79.8316,-0.184,38.7032
2.8826,79.8732,-0.184,38.7093
2.8846,79.9147,-0.184,38.7154
2.8867,79.9562,-0.184,38.7214
2.8887,79.9977,-0.184,38.7275
2.8908,80.0392,-0.184,38.7335
2.8928,80.0807,-0.1839,38.7394
2.8949,80.1222,-0.1839,38.7454
2.8969,80.1636,-0.1839,38.7513
2.899,80.2051,-0.1839,38.7572
2.901,80.2465,-0.1839,38.763
2.9031,80.288,-0.1839,38.7688
2.9051,80.3294,-0.1839,38.7746
2.9072,80.3708,-0.1838,38.7804
2.9092,80.4122,-0.1838,38.7861
2.9113,80.4536,-0.1838,38.7918
2.9133,80.495,-0.1838,38.7975
2.9154,80.5363,-0.1838,38.8032
2.9174,80.5777,-0.1838,38.8088
2.9195,80.619,-0.1837,38.8144
2.9215,80.6604,-0.1837,38.82
2.9236,80.7017,-0.1837,38.8255
2.9256,80.743,-0.1837,38.831
2.9277,80.7843,-0.1837,38.8365
2.9297,80.8256,-0.1837,38.8419
2.9318,80.8669,-0.1837,38.8473
2.9338,80.9081,-0.1836,38.8527
2.9359,80.9494,-0.1836,38.8581
2.9379,80.9906,-0.1836,38.8634
2.94,81.0319,-0.1836,38.8687
2.942,81.0731,-0.1836,38.874
2.9441,81.1143,-0.1836,38.8792
2.9461,81.1555,-0.1835,38.8845
2.9482,81.1967,-0.1835,38.8896
2.9502,81.2379,-0.1835,38.8948
2.9523,81.2791,-0.1835,38.8999
2.9543,81.3202,-0.1835,38.905
2.9564,81.3614,-0.1835,38.9101
2.9584,81.4025,-0.1834,38.9152
2.9605,81.4437,-0.1834,38.9202
2.9625,81.4848,-0.1834,38.9252
2.9646,81.5259,-0.1834,38.9301
2.9666,81.567,-0.1834,38.935
2.9687,81.6081,-0.1834,38.9399
2.9707,81.6492,-0.1833,38.9448
2.9728,81.6902,-0.1833,38.9497
2.9748,81.7313,-0.1833,38.9545
2.9769,81.7723,-0.1833,38.9593
2.9789,81.8134,-0.1833,38.964
2.981,81.8544,-0.1833,38.9687
2.983,81.8954,-0.1832,38.9734
2.9851,81.9364,-0.1832,38.9781
2.9871,81.9774,-0.1832,38.9827
2.9892,82.0184,-0.1832,38.9874
2.9912,82.0593,-0.1832,38.9919
2.9933,82.1003,-0.1831,38.9965
2.9953,82.1413,-0.1831,39.001
2.9974,82.1822,-0.1831,39.0055
2.9994,82.2231,-0.1831,39.01
3.0015,82.2641,-0.1831,39.0144
3.0035,82.305,-0.1831,39.0188
3.0056,82.3459,-0.183,39.0232
3.0076,82.3868,-0.183,39.0276
3.0097,82.4276,-0.183,39.0319
3.0117,82.4685,-0.183,39.0362
3.0138,82.5094,-0.183,39.0405
3.0158,82.5502,-0.1829,39.0447
3.0179,82.5911,-0.1829,39.0489
3.0199,82.6319,-0.1829,39.0531
3.022,82.6727,-0.1829,39.0572
3.024,82.7135,-0.1829,39.0614
3.0261,82.7543,-0.1828,39.0655
3.0281,82.7951,-0.1828,39.0695
3.0302,82.8359,-0.1828,39.0736
3.0322,82.8766,-0.1828,39.0776
3.0343,82.9174,-0.1828,39.0815
3.0363,82.9582,-0.1827,39.0855
3.0384,82.9989,-0.1827,39.0894
3.0404,83.0396,-0.1827,39.0933
3.0425,83.0803,-0.1827,39.0972
3.0445,83.121,-0.1827,39.101
3.0466,83.1617,-0.1826,39.1048
3.0486,83.2024,-0.1826,39.1086
3.0507,83.2431,-0.1826,39.1123
3.0527,83.2838,-0.1826,39.1161
3.0548,83.3244,-0.1826,39.1198
3.0568,83.3651,-0.1825,39.1234
3.0589,83.4057,-0.1825,39.1271
3.0609,83.4464,-0.1825,39.1307
3.063,83.487,-0.1825,39.1342
3.065,83.5276,-0.1825,39.1378
3.0671,83.5682,-0.1824,39.1413
3.0691,83.6088,-0.1824,39.1448
3.0712,83.6494,-0.1824,39.1483
3.0732,83.6899,-0.1824,39.1517
3.0753,83.7305,-0.1824,39.1551
3.0773,83.771,-0.1823,39.1585
3.0794,83.8116,-0.1823,39.1618
3.0814,83.8521,-0.1823,39.1651
3.0835,83.8926,-0.1823,39.1684
3.0855,83.9331,-0.1823,39.1717
3.0876,83.9736,-0.1822,39.1749
3.0896,84.0141,-0.1822,39.1781
3.0917,84.0546,-0.1822,39.1813
3.0937,84.0951,-0.1822,39.1844
3.0958,84.1355,-0.1821,39.1876
3.0978,84.176,-0.1821,39.1907
3.0999,84.2164,-0.1821,39.1937
3.1019,84.2569,-0.1821,39.1967
3.104,84.2973,-0.1821,39.1998
3.106,84.3377,-0.182,39.2027
3.1081,84.3781,-0.182,39.2057
3.1101,84.4185,-0.182,39.2086
3.1122,84.4589,-0.182,39.2115
3.1142,84.4993,-0.1819,39.2143
3.1163,84.5397,-0.1819,39.2172
3.1183,84.58,-0.1819,39.22
3.1204,84.6204,-0.1819,39.2227
3.1224,84.6607,-0.1818,39.2255
3.1245,84.701,-0.1818,39.2282
3.1265,84.7413,-0.1818,39.2309
3.1286,84.7817,-0.1818,39.2336
3.1306,84.822,-0.1818,39.2362
3.1327,84.8623,-0.1817,39.2388
3.1347,84.9025,-0.1817,39.2414
3.1368,84.9428,-0.1817,39.2439
3.1388,84.9831,-0.1817,39.2464
3.1409,85.0233,-0.1816,39.2489
3.1429,85.0636,-0.1816,39.2514
3.145,85.1038,-0.1816,39.2538
3.147,85.144,-0.1816,39.2562
3.1491,85.1843,-0.1815,39.2586
3.1511,85.2245,-0.1815,39.2609
3.1532,85.2647,-0.1815,39.2632
3.1552,85.3049,-0.1815,39.2655
3.1573,85.345,-0.1814,39.2678
3.1593,85.3852,-0.1814,39.27
3.1614,85.4254,-0.1814,39.2722
3.1634,85.4655,-0.1814,39.2744
3.1655,85.5057,-0.1814,39.2765
3.1675,85.5458,-0.1813,39.2786
3.1696,85.5859,-0.1813,39.2807
3.1716,85.626,-0.1813,39.2828
3.1737,85.6661,-0.1813,39.2848
3.1757,85.7062,-0.1812,39.2868
3.1778,85.7463,-0.1812,39.2888
3.1798,85.7864,-0.1812,39.2907
3.1819,85.8265,-0.1812,39.2927
3.1839,85.8665,-0.1811,39.2945
3.186,85.9066,-0.1811,39.2964
3.188,85.9466,-0.1811,39.2982
3.1901,85.9867,-0.1811,39.3
3.1921,86.0267,-0.181,39.3018
3.1942,86.0667,-0.181,39.3036
3.1962,86.1067,-0.181,39.3053
3.1983,86.1467,-0.181,39.307
3.2003,86.1867,-0.1809,39.3086
3.2024,86.2267,-0.1809,39.3102
3.2044,86.2667,-0.1809,39.3118
3.2065,86.3066,-0.1808,39.3134
3.2085,86.3466,-0.1808,39.315
3.2106,86.3865,-0.1808,39.3165
3.2126,86.4265,-0.1808,39.318
3.2147,86.4664,-0.1807,39.3194
3.2167,86.5063,-0.1807,39.3209
3.2188,86.5462,-0.1807,39.3223
3.2208,86.5861,-0.1807,39.3236
3.2229,86.626,-0.1806,39.325
3.2249,86.6659,-0.1806,39.3263
3.227,86.7058,-0.1806,39.3276
3.229,86.7457,-0.1806,39.3288
3.2311,86.7855,-0.1805,39.3301
3.2331,86.8254,-0.1805,39.3313
3.2352,86.8652,-0.1805,39.3324
3.2372,86.905,-0.1805,39.3336
3.2393,86.9449,-0.1804,39.3347
3.2413,86.9847,-0.1804,39.3358
3.2434,87.0245,-0.1804,39.3369
3.2454,87.0643,-0.1803,39.3379
3.2475,87.1041,-0.1803,39.3389
3.2495,87.1438,-0.1803,39.3399
3.2516,87.1836,-0.1803,39.3408
3.2536,87.2234,-0.1802,39.3417
3.2557,87.2631,-0.1802,39.3426
3.2577,87.3029,-0.1802,39.3435
3.2598,87.3426,-0.1802,39.3443
3.2618,87.3823,-0.1801,39.3451
3.2639,87.4221,-0.1801,39.3459
3.2659,87.4618,-0.1801,39.3466
3.268,87.5015,-0.18,39.3473
3.27,87.5412,-0.18,39.348
3.2721,87.5808,-0.18,39.3487
3.2741,87.6205,-0.18,39.3493
3.2762,87.6602,-0.1799,39.3499
3.2782,87.6999,-0.1799,39.3505
3.2803,87.7395,-0.1799,39.351
3.2823,87.7792,-0.1799,39.3516
3.2844,87.8188,-0.1798,39.3521
3.2864,87.8584,-0.1798,39.3525
3.2885,87.898,-0.1798,39.353
3.2905,87.9376,-0.1797,39.3534
3.2926,87.9772,-0.1797,39.3537
3.2946,88.0168,-0.1797,39.3541
3.2967,88.0564,-0.1797,39.3544
3.2987,88.096,-0.1796,39.3547
3.3008,88.1356,-0.1796,39.355
3.3028,88.1751,-0.1796,39.3552
3.3049,88.2147,-0.1795,39.3554
3.3069,88.2542,-0.1795,39.3556
3.309,88.2938,-0.1795,39.3557
3.311,88.3333,-0.1795,39.3558
3.3131,88.3728,-0.1794,39.3559
3.3151,88.4123,-0.1794,39.356
3.3172,88.4518,-0.1794,39.356
3.3192,88.4913,-0.1793,39.356
3.3213,88.5308,-0.1793,39.356
3.3233,88.5703,-0.1793,39.356
3.3254,88.6097,-0.1793,39.3559
3.3274,88.6492,-0.1792,39.3558
3.3295,88.6887,-0.1792,39.3556
3.3315,88.7281,-0.1792,39.3555
3.3336,88.7675,-0.1791,39.3553
3.3356,88.807,-0.1791,39.3551
3.3377,88.8464,-0.1791,39.3548
3.3397,88.8858,-0.179,39.3545
3.3418,88.9252,-0.179,39.3542
3.3438,88.9646,-0.179,39.3539
3.3459,89.004,-0.179,39.3535
3.3479,89.0434,-0.1789,39.3531
3.35,89.0827,-0.1789,39.3527
3.352,89.1221,-0.1789,39.3523
3.3541,89.1615,-0.1788,39.3518
3.3561,89.2008,-0.1788,39.3513
3.3582,89.2402,-0.1788,39.3508
3.3602,89.2795,-0.1787,39.3502
3.3623,89.3188,-0.1787,39.3496
3.3643,89.3581,-0.1787,39.349
3.3664,89.3974,-0.1787,39.3483
3.3684,89.4367,-0.1786,39.3477
3.3705,89.476,-0.1786,39.347
3.3725,89.5153,-0.1786,39.3462
3.3746,89.5546,-0.1785,39.3455
3.3766,89.5939,-0.1785,39.3447
3.3787,89.6331,-0.1785,39.3439
3.3807,89.6724,-0.1784,39.343
3.3828,89.7116,-0.1784,39.3421
3.3848,89.7509,-0.1784,39.3412
3.3869,89.7901,-0.1783,39.3403
3.3889,89.8293,-0.1783,39.3394
3.391,89.8685,-0.1783,39.3384
3.393,89.9078,-0.1783,39.3373
3.3951,89.947,-0.1782,39.3363
3.3971,89.9861,-0.1782,39.3352
3.3992,90.0253,-0.1782,39.3341
3.4012,90.0645,-0.1781,39.333
3.4033,90.1037,-0.1781,39.3318
3.4053,90.1428,-0.1781,39.3307
3.4074,90.182,-0.178,39.3294
3.4094,90.2211,-0.178,39.3282
3.4115,90.2603,-0.178,39.3269
3.4135,90.2994,-0.1779,39.3256
3.4156,90.3385,-0.1779,39.3243
3.4176,90.3776,-0.1779,39.323
3.4197,90.4168,-0.1779,39.3216
3.4217,90.4559,-0.1778,39.3202
3.4238,90.4949,-0.1778,39.3187
3.4258,90.534,-0.1778,39.3173
3.4279,90.5731,-0.1777,39.3158
3.4299,90.6122,-0.1777,39.3142
3.432,90.6512,-0.1777,39.3127
3.434,90.6903,-0.1776,39.3111
3.4361,90.7293,-0.1776,39.3095
3.4381,90.7684,-0.1776,39.3078
3.4402,90.8074,-0.1775,39.3062
3.4422,90.8464,-0.1775,39.3045
3.4443,90.8855,-0.1775,39.3028
3.4463,90.9245,-0.1774,39.301
3.4484,90.9635,-0.1774,39.2992
3.4504,91.0025,-0.1774,39.2974
3.4525,91.0415,-0.1773,39.2956
3.4545,91.0804,-0.1773,39.2937
3.4566,91.1194,-0.1773,39.2918
3.4586,91.1584,-0.1772,39.2899
3.4607,91.1973,-0.1772,39.288
3.4627,91.2363,-0.1772,39.286
3.4648,91.2752,-0.1771,39.284
3.4668,91.3142,-0.1771,39.282
3.4689,91.3531,-0.1771,39.2799
3.4709,91.392,-0.177,39.2778
3.473,91.4309,-0.177,39.2757
3.475,91.4699,-0.177,39.2735
3.4771,91.5088,-0.1769,39.2714
3.4791,91.5476,-0.1769,39.2692
3.4812,91.5865,-0.1769,39.2669
3.4832,91.6254,-0.1768,39.2647
3.4853,91.6643,-0.1768,39.2624
3.4873,91.7031,-0.1768,39.2601
3.4894,91.742,-0.1767,39.2577
3.4914,91.7809,-0.1767,39.2553
3.4935,91.8197,-0.1767,39.2529
3.4955,91.8585,-0.1766,39.2505
3.4976,91.8974,-0.1766,39.2481
3.4996,91.9362,-0.1766,39.2456
3.5017,91.975,-0.1765,39.2431
3.5037,92.0138,-0.1765,39.2405
3.5058,92.0526,-0.1765,39.2379
3.5078,92.0914,-0.1764,39.2353
3.5099,92.1302,-0.1764,39.2327
3.5119,92.169,-0.1764,39.2301
3.514,92.2077,-0.1763,39.2274
3.516,92.2465,-0.1763,39.2247
3.5181,92.2853,-0.1763,39.2219
3.5201,92.324,-0.1762,39.2192
3.5222,92.3628,-0.1762,39.2164
3.5242,92.4015,-0.1762,39.2136
3.5263,92.4402,-0.1761,39.2107
3.5283,92.479,-0.1761,39.2078
3.5304,92.5177,-0.1761,39.2049
3.5324,92.5564,-0.176,39.202
3.5345,92.5951,-0.176,39.199
3.5365,92.6338,-0.176,39.196
3.5386,92.6725,-0.1759,39.193
3.5406,92.7111,-0.1759,39.1899
3.5427,92.7498,-0.1759,39.1869
3.5447,92.7885,-0.1758,39.1838
3.5468,92.8272,-0.1758,39.1806
3.5488,92.8658,-0.1758,39.1775
3.5509,92.9045,-0.1757,39.1743
3.5529,92.9431,-0.1757,39.1711
3.555,92.9817,-0.1757,39.1678
3.557,93.0204,-0.1756,39.1645
3.5591,93.059,-0.1756,39.1612
3.5611,93.0976,-0.1756,39.1579
3.5632,93.1362,-0.1755,39.1546
3.5652,93.1748,-0.1755,39.1512
3.5673,93.2134,-0.1755,39.1478
3.5693,93.252,-0.1754,39.1443
3.5714,93.2906,-0.1754,39.1408
3.5734,93.3291,-0.1754,39.1373
3.5755,93.3677,-0.1753,39.1338
3.5775,93.4063,-0.1753,39.1303
3.5796,93.4448,-0.1753,39.1267
3.5816,93.4834,-0.1752,39.1231
3.5837,93.5219,-0.1752,39.1194
3.5857,93.5604,-0.1751,39.1158
3.5878,93.599,-0.1751,39.1121
3.5898,93.6375,-0.1751,39.1083
3.5919,93.676,-0.175,39.1046
3.5939,93.7145,-0.175,39.1008
3.596,93.753,-0.175,39.097
3.598,93.7915,-0.1749,39.0932
3.6001,93.83,-0.1749,39.0893
3.6021,93.8685,-0.1749,39.0854
3.6042,93.9069,-0.1748,39.0815
3.6062,93.9454,-0.1748,39.0775
3.6083,93.9839,-0.1748,39.0736
3.6103,94.0223,-0.1747,39.0696
3.6124,94.0608,-0.1747,39.0655
3.6144,94.0992,-0.1747,39.0615
3.6165,94.1376,-0.1746,39.0574
3.6185,94.1761,-0.1746,39.0533
3.6206,94.2145,-0.1745,39.0491
3.6226,94.2529,-0.1745,39.0449
3.6247,94.2913,-0.1745,39.0407
3.6267,94.3297,-0.1744,39.0365
3.6288,94.3681,-0.1744,39.0323
3.6308,94.4065,-0.1744,39.028
3.6329,94.4449,-0.1743,39.0237
3.6349,94.4833,-0.1743,39.0193
3.637,94.5216,-0.1743,39.015
3.639,94.56,-0.1742,39.0106
3.6411,94.5983,-0.1742,39.0061
3.6431,94.6367,-0.1742,39.0017
3.6452,94.675,-0.1741,38.9972
3.6472,94.7134,-0.1741,38.9927
3.6493,94.7517,-0.174,38.9882
3.6513,94.79,-0.174,38.9836
3.6534,94.8284,-0.174,38.979
3.6554,94.8667,-0.1739,38.9744
3.6575,94.905,-0.1739,38.9697
3.6595,94.9433,-0.1739,38.965
3.6616,94.9816,-0.1738,38.9603
3.6636,95.0199,-0.1738,38.9556
3.6657,95.0581,-0.1738,38.9508
3.6677,95.0964,-0.1737,38.9461
3.6698,95.1347,-0.1737,38.9412
3.6718,95.173,-0.1736,38.9364
3.6739,95.2112,-0.1736,38.9315
3.6759,95.2495,-0.1736,38.9266
3.678,95.2877,-0.1735,38.9217
3.68,95.3259,-0.1735,38.9167
3.6821,95.3642,-0.1735,38.9118
3.6841,95.4024,-0.1734,38.9067
3.6862,95.4406,-0.1734,38.9017
3.6882,95.4788,-0.1734,38.8966
3.6903,95.5171,-0.1733,38.8915
3.6923,95.5553,-0.1733,38.8864
3.6944,95.5934,-0.1732,38.8813
3.6964,95.6316,-0.1732,38.8761
3.6985,95.6698,-0.1732,38.8709
3.7005,95.708,-0.1731,38.8656
3.7026,95.7462,-0.1731,38.8604
3.7046,95.7843,-0.1731,38.8551
3.7067,95.8225,-0.173,38.8498
3.7087,95.8607,-0.173,38.8444
3.7108,95.8988,-0.173,38.839
3.7128,95.9369,-0.1729,38.8336
3.7149,95.9751,-0.1729,38.8282
3.7169,96.0132,-0.1728,38.8227
3.719,96.0513,-0.1728,38.8172
3.721,96.0895,-0.1728,38.8117
3.7231,96.1276,-0.1727,38.8062
3.7251,96.1657,-0.1727,38.8006
3.7272,96.2038,-0.1727,38.795
3.7292,96.2419,-0.1726,38.7894
3.7313,96.28,-0.1726,38.7837
3.7333,96.318,-0.1725,38.7781
3.7354,96.3561,-0.1725,38.7723
3.7374,96.3942,-0.1725,38.7666
3.7395,96.4323,-0.1724,38.7608
3.7415,96.4703,-0.1724,38.755
3.7436,96.5084,-0.1724,38.7492
3.7456,96.5464,-0.1723,38.7434
3.7477,96.5845,-0.1723,38.7375
3.7497,96.6225,-0.1722,38.7316
3.7518,96.6605,-0.1722,38.7257
3.7538,96.6986,-0.1722,38.7197
3.7559,96.7366,-0.1721,38.7137
3.7579,96.7746,-0.1721,38.7077
3.76,96.8126,-0.1721,38.7016
3.762,96.8506,-0.172,38.6956
3.7641,96.8886,-0.172,38.6895
3.7661,96.9266,-0.1719,38.6833
3.7682,96.9646,-0.1719,38.6772
3.7702,97.0025,-0.1719,38.671
3.7723,97.0405,-0.1718,38.6648
3.7743,97.0785,-0.1718,38.6585
3.7764,97.1164,-0.1718,38.6523
3.7784,97.1544,-0.1717,38.646
3.7805,97.1924,-0.1717,38.6397
3.7825,97.2303,-0.1716,38.6333
3.7846,97.2682,-0.1716,38.6269
3.7866,97.3062,-0.1716,38.6205
3.7887,97.3441,-0.1715,38.6141
3.7907,97.382,-0.1715,38.6076
3.7928,97.4199,-0.1715,38.6011
3.7948,97.4579,-0.1714,38.5946
3.7969,97.4958,-0.1714,38.5881
3.7989,97.5337,-0.1713,38.5815
3.801,97.5716,-0.1713,38.5749
3.803,97.6094,-0.1713,38.5683
3.8051,97.6473,-0.1712,38.5616
3.8071,97.6852,-0.1712,38.5549
3.8092,97.7231,-0.1712,38.5482
3.8112,97.7609,-0.1711,38.5415
3.8133,97.7988,-0.1711,38.5347
3.8153,97.8367,-0.171,38.5279
3.8174,97.8745,-0.171,38.5211
3.8194,97.9124,-0.171,38.5142
3.8215,97.9502,-0.1709,38.5073
3.8235,97.988,-0.1709,38.5004
3.8256,98.0259,-0.1708,38.4935
3.8276,98.0637,-0.1708,38.4865
3.8297,98.1015,-0.1708,38.4795
3.8317,98.1393,-0.1707,38.4725
3.8338,98.1771,-0.1707,38.4655
3.8358,98.2149,-0.1707,38.4584
3.8379,98.2527,-0.1706,38.4513
3.8399,98.2905,-0.1706,38.4442
3.842,98.3283,-0.1705,38.437
3.844,98.3661,-0.1705,38.4298
3.8461,98.4039,-0.1705,38.4226
3.8481,98.4416,-0.1704,38.4154
3.8502,98.4794,-0.1704,38.4081
3.8522,98.5172,-0.1704,38.4008
3.8543,98.5549,-0.1703,38.3935
3.8563,98.5927,-0.1703,38.3861
3.8584,98.6304,-0.1702,38.3788
3.8604,98.6681,-0.1702,38.3714
3.8625,98.7059,-0.1702,38.3639
3.8645,98.7436,-0.1701,38.3565
3.8666,98.7813,-0.1701,38.349
3.8686,98.819,-0.17,38.3415
3.8707,98.8568,-0.17,38.3339
3.8727,98.8945,-0.17,38.3263
3.8748,98.9322,-0.1699,38.3187
3.8768,98.9699,-0.1699,38.3111
3.8789,99.0075,-0.1699,38.3035
3.8809,99.0452,-0.1698,38.2958
3.883,99.0829,-0.1698,38.2881
3.885,99.1206,-0.1697,38.2803
3.8871,99.1583,-0.1697,38.2726
3.8891,99.1959,-0.1697,38.2648
3.8912,99.2336,-0.1696,38.2569
3.8932,99.2712,-0.1696,38.2491
3.8953,99.3089,-0.1695,38.2412
3.8973,99.3465,-0.1695,38.2333
3.8994,99.3842,-0.1695,38.2254
3.9014,99.4218,-0.1694,38.2174
3.9035,99.4595,-0.1694,38.2094
3.9055,99.4971,-0.1693,38.2014
3.9076,99.5347,-0.1693,38.1934
3.9096,99.5723,-0.1693,38.1853
3.9117,99.6099,-0.1692,38.1772
3.9137,99.6475,-0.1692,38.1691
3.9158,99.6851,-0.1692,38.1609
3.9178,99.7227,-0.1691,38.1527
3.9199,99.7603,-0.1691,38.1445
3.9219,99.7979,-0.169,38.1363
3.924,99.8355,-0.169,38.128
3.926,99.8731,-0.169,38.1197
3.9281,99.9106,-0.1689,38.1114
3.9301,99.9482,-0.1689,38.1031
3.9322,99.9858,-0.1688,38.0947
3.9342,100.0233,-0.1688,38.0863
3.9363,100.0609,-0.1688,38.0779
3.9383,100.0984,-0.1687,38.0694
3.9404,100.1359,-0.1687,38.0609
3.9424,100.1735,-0.1686,38.0524
3.9445,100.211,-0.1686,38.0439
3.9465,100.2485,-0.1686,38.0353
3.9486,100.2861,-0.1685,38.0267
3.9506,100.3236,-0.1685,38.0181
3.9527,100.3611,-0.1685,38.0094
3.9547,100.3986,-0.1684,38.0008
3.9568,100.4361,-0.1684,37.9921
3.9588,100.4736,-0.1683,37.9833
3.9609,100.5111,-0.1683,37.9746
3.9629,100.5486,-0.1683,37.9658
3.965,100.5861,-0.1682,37.957
3.967,100.6235,-0.1682,37.9481
3.9691,100.661,-0.1681,37.9393
3.9711,100.6985,-0.1681,37.9304
3.9732,100.7359,-0.1681,37.9214
3.9752,100.7734,-0.168,37.9125
3.9773,100.8109,-0.168,37.9035
3.9793,100.8483,-0.1679,37.8945
3.9814,100.8858,-0.1679,37.8855
3.9834,100.9232,-0.1679,37.8764
3.9855,100.9606,-0.1678,37.8673
3.9875,100.9981,-0.1678,37.8582
3.9896,101.0355,-0.1677,37.849
3.9916,101.0729,-0.1677,37.8399
3.9937,101.1103,-0.1677,37.8307
3.9957,101.1477,-0.1676,37.8214
3.9978,101.1852,-0.1676,37.8122
3.9998,101.2226,-0.1676,37.8029
4.0019,101.26,-0.1675,37.7936
4.0039,101.2974,-0.1675,37.7843
4.006,101.3347,-0.1674,37.7749
4.008,101.3721,-0.1674,37.7655
4.0101,101.4095,-0.1674,37.7561
4.0121,101.4469,-0.1673,37.7466
4.0142,101.4843,-0.1673,37.7371
4.0162,101.5216,-0.1672,37.7276
4.0183,101.559,-0.1672,37.7181
4.0203,101.5963,-0.1672,37.7086
4.0224,101.6337,-0.1671,37.699
4.0244,101.671,-0.1671,37.6894
4.0265,101.7084,-0.167,37.6797
4.0285,101.7457,-0.167,37.6701
4.0306,101.7831,-0.167,37.6604
4.0326,101.8204,-0.1669,37.6506
4.0347,101.8577,-0.1669,37.6409
4.0367,101.895,-0.1668,37.6311
4.0388,101.9324,-0.1668,37.6213
4.0408,101.9697,-0.1668,37.6115
4.0429,102.007,-0.1667,37.6016
4.0449,102.0443,-0.1667,37.5917
4.047,102.0816,-0.1666,37.5818
4.049,102.1189,-0.1666,37.5719
4.0511,102.1562,-0.1666,37.5619
4.0531,102.1935,-0.1665,37.5519
4.0552,102.2307,-0.1665,37.5419
4.0572,102.268,-0.1665,37.5318
4.0593,102.3053,-0.1664,37.5218
4.0613,102.3426,-0.1664,37.5117
4.0634,102.3798,-0.1663,37.5015
4.0654,102.4171,-0.1663,37.4914
4.0675,102.4543,-0.1663,37.4812
4.0695,102.4916,-0.1662,37.471
4.0716,102.5288,-0.1662,37.4607
4.0736,102.5661,-0.1661,37.4504
4.0757,102.6033,-0.1661,37.4401
4.0777,102.6406,-0.1661,37.4298
4.0798,102.6778,-0.166,37.4195
4.0818,102.715,-0.166,37.4091
4.0839,102.7522,-0.1659,37.3987
4.0859,102.7895,-0.1659,37.3882
4.088,102.8267,-0.1659,37.3778
4.09,102.8639,-0.1658,37.3673
4.0921,102.9011,-0.1658,37.3568
4.0941,102.9383,-0.1657,37.3462
4.0962,102.9755,-0.1657,37.3357
4.0982,103.0127,-0.1657,37.3251
4.1003,103.0499,-0.1656,37.3144
4.1023,103.087,-0.1656,37.3038
4.1044,103.1242,-0.1655,37.2931
4.1064,103.1614,-0.1655,37.2824
4.1085,103.1986,-0.1655,37.2717
4.1105,103.2357,-0.1654,37.2609
4.1126,103.2729,-0.1654,37.2501
4.1146,103.3101,-0.1653,37.2393
4.1167,103.3472,-0.1653,37.2285
4.1187,103.3844,-0.1653,37.2176
4.1208,103.4215,-0.1652,37.2067
4.1228,103.4587,-0.1652,37.1958
4.1249,103.4958,-0.1652,37.1848
4.1269,103.5329,-0.1651,37.1738
4.129,103.5701,-0.1651,37.1628
4.131,103.6072,-0.165,37.1518
4.1331,103.6443,-0.165,37.1407
4.1351,103.6814,-0.165,37.1296
4.1372,103.7185,-0.1649,37.1185
4.1392,103.7557,-0.1649,37.1074
4.1413,103.7928,-0.1648,37.0962
4.1433,103.8299,-0.1648,37.085
4.1454,103.867,-0.1648,37.0738
4.1474,103.9041,-0.1647,37.0625
4.1495,103.9411,-0.1647,37.0513
4.1515,103.9782,-0.1646,37.0399
4.1536,104.0153,-0.1646,37.0286
4.1556,104.0524,-0.1646,37.0173
4.1577,104.0895,-0.1645,37.0059
4.1597,104.1265,-0.1645,36.9944
4.1618,104.1636,-0.1644,36.983
4.1638,104.2007,-0.1644,36.9715
4.1659,104.2377,-0.1644,36.96
4.1679,104.2748,-0.1643,36.9485
4.17,104.3118,-0.1643,36.937
4.172,104.3489,-0.1642,36.9254
4.1741,104.3859,-0.1642,36.9138
4.1761,104.423,-0.1642,36.9021
4.1782,104.46,-0.1641,36.8905
4.1802,104.497,-0.1641,36.8788
4.1823,104.5341,-0.164,36.8671
4.1843,104.5711,-0.164,36.8553
4.1864,104.6081,-0.164,36.8436
4.1884,104.6451,-0.1639,36.8318
4.1905,104.6821,-0.1639,36.82
4.1925,104.7191,-0.1639,36.8081
4.1946,104.7561,-0.1638,36.7962
4.1966,104.7932,-0.1638,36.7843
4.1987,104.8301,-0.1637,36.7724
4.2007,104.8671,-0.1637,36.7604
4.2028,104.9041,-0.1637,36.7484
4.2048,104.9411,-0.1636,36.7364
4.2069,104.9781,-0.1636,36.7244
4.2089,105.0151,-0.1635,36.7123
4.211,105.0521,-0.1635,36.7002
4.213,105.089,-0.1635,36.6881
4.2151,105.126,-0.1634,36.676
4.2171,105.163,-0.1634,36.6638
4.2192,105.1999,-0.1633,36.6516
4.2212,105.2369,-0.1633,36.6394
4.2233,105.2738,-0.1633,36.6271
4.2253,105.3108,-0.1632,36.6148
4.2274,105.3477,-0.1632,36.6025
4.2294,105.3847,-0.1631,36.5902
4.2315,105.4216,-0.1631,36.5778
4.2335,105.4585,-0.1631,36.5654
4.2356,105.4955,-0.163,36.553
4.2376,105.5324,-0.163,36.5405
4.2397,105.5693,-0.163,36.5281
4.2417,105.6062,-0.1629,36.5156
4.2438,105.6432,-0.1629,36.503
4.2458,105.6801,-0.1628,36.4905
4.2479,105.717,-0.1628,36.4779
4.2499,105.7539,-0.1628,36.4653
4.252,105.7908,-0.1627,36.4527
4.254,105.8277,-0.1627,36.44
4.2561,105.8646,-0.1626,36.4273
4.2581,105.9015,-0.1626,36.4146
4.2602,105.9384,-0.1626,36.4018
4.2622,105.9752,-0.1625,36.3891
4.2643,106.0121,-0.1625,36.3763
4.2663,106.049,-0.1624,36.3634
4.2684,106.0859,-0.1624,36.3506
4.2704,106.1227,-0.1624,36.3377
4.2725,106.1596,-0.1623,36.3248
4.2745,106.1965,-0.1623,36.3119
4.2766,106.2333,-0.1622,36.2989
4.2786,106.2702,-0.1622,36.2859
4.2807,106.307,-0.1622,36.2729
4.2827,106.3439,-0.1621,36.2599
4.2848,106.3807,-0.1621,36.2468
4.2868,106.4176,-0.1621,36.2337
4.2889,106.4544,-0.162,36.2206
4.2909,106.4912,-0.162,36.2074
4.293,106.5281,-0.1619,36.1943
4.295,106.5649,-0.1619,36.1811
4.2971,106.6017,-0.1619,36.1678
4.2991,106.6386,-0.1618,36.1546
4.3012,106.6754,-0.1618,36.1413
4.3032,106.7122,-0.1617,36.128
4.3053,106.749,-0.1617,36.1147
4.3073,106.7858,-0.1617,36.1013
4.3094,106.8226,-0.1616,36.0879
4.3114,106.8594,-0.1616,36.0745
4.3135,106.8962,-0.1615,36.061
4.3155,106.933,-0.1615,36.0476
4.3176,106.9698,-0.1615,36.0341
4.3196,107.0066,-0.1614,36.0205
4.3217,107.0434,-0.1614,36.007
4.3237,107.0802,-0.1614,35.9934
4.3258,107.1169,-0.1613,35.9798
4.3278,107.1537,-0.1613,35.9662
4.3299,107.1905,-0.1612,35.9525
4.3319,107.2273,-0.1612,35.9388
4.334,107.264,-0.1612,35.9251
4.336,107.3008,-0.1611,35.9114
4.3381,107.3375,-0.1611,35.8976
4.3401,107.3743,-0.161,35.8838
4.3422,107.411,-0.161,35.87
4.3442,107.4478,-0.161,35.8561
4.3463,107.4845,-0.1609,35.8423
4.3483,107.5213,-0.1609,35.8284
4.3504,107.558,-0.1609,35.8144
4.3524,107.5948,-0.1608,35.8005
4.3545,107.6315,-0.1608,35.7865
4.3565,107.6682,-0.1607,35.7725
4.3586,107.705,-0.1607,35.7585
4.3606,107.7417,-0.1607,35.7444
4.3627,107.7784,-0.1606,35.7303
4.3647,107.8151,-0.1606,35.7162
4.3668,107.8518,-0.1605,35.702
4.3688,107.8885,-0.1605,35.6879
4.3709,107.9252,-0.1605,35.6737
4.3729,107.962,-0.1604,35.6595
4.375,107.9987,-0.1604,35.6452
4.377,108.0354,-0.1604,35.6309
4.3791,108.0721,-0.1603,35.6166
4.3811,108.1087,-0.1603,35.6023
4.3832,108.1454,-0.1602,35.5879
4.3852,108.1821,-0.1602,35.5736
4.3873,108.2188,-0.1602,35.5592
4.3893,108.2555,-0.1601,35.5447
4.3914,108.2922,-0.1601,35.5302
4.3934,108.3288,-0.16,35.5158
4.3955,108.3655,-0.16,35.5012
4.3975,108.4022,-0.16,35.4867
4.3996,108.4388,-0.1599,35.4721
4.4016,108.4755,-0.1599,35.4575
4.4037,108.5122,-0.1599,35.4429
4.4057,108.5488,-0.1598,35.4283
4.4078,108.5855,-0.1598,35.4136
4.4098,108.6221,-0.1597,35.3989
4.4119,108.6588,-0.1597,35.3841
4.4139,108.6954,-0.1597,35.3694
4.416,108.7321,-0.1596,35.3546
4.418,108.7687,-0.1596,35.3398
4.4201,108.8053,-0.1596,35.325
4.4221,108.842,-0.1595,35.3101
4.4242,108.8786,-0.1595,35.2952
4.4262,108.9152,-0.1594,35.2803
4.4283,108.9518,-0.1594,35.2653
4.4303,108.9885,-0.1594,35.2504
4.4324,109.0251,-0.1593,35.2354
4.4344,109.0617,-0.1593,35.2203
4.4365,109.0983,-0.1592,35.2053
4.4385,109.1349,-0.1592,35.1902
4.4406,109.1715,-0.1592,35.1751
4.4426,109.2081,-0.1591,35.16
4.4447,109.2447,-0.1591,35.1448
4.4467,109.2813,-0.1591,35.1296
4.4488,109.3179,-0.159,35.1144
4.4508,109.3545,-0.159,35.0992
4.4529,109.3911,-0.1589,35.0839
4.4549,109.4277,-0.1589,35.0686
4.457,109.4643,-0.1589,35.0533
4.459,109.5008,-0.1588,35.038
4.4611,109.5374,-0.1588,35.0226
4.4631,109.574,-0.1588,35.0072
4.4652,109.6106,-0.1587,34.9918
4.4672,109.6471,-0.1587,34.9763
4.4693,109.6837,-0.1586,34.9609
4.4713,109.7203,-0.1586,34.9454
4.4734,109.7568,-0.1586,34.9298
4.4754,109.7934,-0.1585,34.9143
4.4775,109.8299,-0.1585,34.8987
4.4795,109.8665,-0.1585,34.8831
4.4816,109.9031,-0.1584,34.8674
4.4836,109.9396,-0.1584,34.8518
4.4857,109.9761,-0.1583,34.8361
4.4877,110.0127,-0.1583,34.8204
4.4898,110.0492,-0.1583,34.8046
4.4918,110.0858,-0.1582,34.7889
4.4939,110.1223,-0.1582,34.7731
4.4959,110.1588,-0.1582,34.7572
4.498,110.1954,-0.1581,34.7414
4.5,110.2319,-0.1581,34.7255
4.5021,110.2684,-0.1581,34.7096
4.5041,110.3049,-0.158,34.6937
4.5062,110.3414,-0.158,34.6777
4.5082,110.378,-0.1579,34.6618
4.5103,110.4145,-0.1579,34.6457
4.5123,110.451,-0.1579,34.6297
4.5144,110.4875,-0.1578,34.6137
4.5164,110.524,-0.1578,34.5976
4.5185,110.5605,-0.1578,34.5815
4.5205,110.597,-0.1577,34.5653
4.5226,110.6335,-0.1577,34.5491
4.5246,110.67,-0.1576,34.533
4.5267,110.7065,-0.1576,34.5167
4.5287,110.743,-0.1576,34.5005
4.5308,110.7795,-0.1575,34.4842
4.5328,110.8159,-0.1575,34.4679
4.5349,110.8524,-0.1575,34.4516
4.5369,110.8889,-0.1574,34.4352
4.539,110.9254,-0.1574,34.4189
4.541,110.9619,-0.1574,34.4025
4.5431,110.9983,-0.1573,34.386
4.5451,111.0348,-0.1573,34.3696
4.5472,111.0713,-0.1572,34.3531
4.5492,111.1077,-0.1572,34.3366
4.5513,111.1442,-0.1572,34.3201
4.5533,111.1806,-0.1571,34.3035
4.5554,111.2171,-0.1571,34.2869
4.5574,111.2536,-0.1571,34.2703
4.5595,111.29,-0.157,34.2536
4.5615,111.3265,-0.157,34.237
4.5636,111.3629,-0.157,34.2203
4.5656,111.3993,-0.1569,34.2036
4.5677,111.4358,-0.1569,34.1868
4.5697,111.4722,-0.1568,34.17
4.5718,111.5087,-0.1568,34.1532
4.5738,111.5451,-0.1568,34.1364
4.5759,111.5815,-0.1567,34.1196
4.5779,111.618,-0.1567,34.1027
4.58,111.6544,-0.1567,34.0858
4.582,111.6908,-0.1566,34.0689
4.5841,111.7272,-0.1566,34.0519
4.5861,111.7637,-0.1566,34.0349
4.5882,111.8001,-0.1565,34.0179
4.5902,111.8365,-0.1565,34.0009
4.5923,111.8729,-0.1564,33.9838
4.5943,111.9093,-0.1564,33.9667
4.5964,111.9457,-0.1564,33.9496
4.5984,111.9821,-0.1563,33.9325
4.6005,112.0185,-0.1563,33.9153
4.6025,112.0549,-0.1563,33.8981
4.6046,112.0913,-0.1562,33.8809
4.6066,112.1277,-0.1562,33.8636
4.6087,112.1641,-0.1562,33.8464
4.6107,112.2005,-0.1561,33.8291
4.6128,112.2369,-0.1561,33.8117
4.6148,112.2733,-0.1561,33.7944
4.6169,112.3097,-0.156,33.777
4.6189,112.3461,-0.156,33.7596
4.621,112.3824,-0.1559,33.7422
4.623,112.4188,-0.1559,33.7247
4.6251,112.4552,-0.1559,33.7072
4.6271,112.4916,-0.1558,33.6897
4.6292,112.5279,-0.1558,33.6722
4.6312,112.5643,-0.1558,33.6546
4.6333,112.6007,-0.1557,33.637
4.6353,112.637,-0.1557,33.6194
4.6374,112.6734,-0.1557,33.6018
4.6394,112.7098,-0.1556,33.5841
4.6415,112.7461,-0.1556,33.5664
4.6435,112.7825,-0.1556,33.5487
4.6456,112.8188,-0.1555,33.531
4.6476,112.8552,-0.1555,33.5132
4.6497,112.8915,-0.1555,33.4954
4.6517,112.9279,-0.1554,33.4776
4.6538,112.9642,-0.1554,33.4597
4.6558,113.0006,-0.1554,33.4419
4.6579,113.0369,-0.1553,33.424
4.6599,113.0732,-0.1553,33.406
4.662,113.1096,-0.1552,33.3881
4.664,113.1459,-0.1552,33.3701
4.6661,113.1822,-0.1552,33.3521
4.6681,113.2186,-0.1551,33.3341
4.6702,113.2549,-0.1551,33.316
4.6722,113.2912,-0.1551,33.2979
4.6743,113.3276,-0.155,33.2798
4.6763,113.3639,-0.155,33.2617
4.6784,113.4002,-0.155,33.2435
4.6804,113.4365,-0.1549,33.2253
4.6825,113.4728,-0.1549,33.2071
4.6845,113.5091,-0.1549,33.1889
4.6866,113.5455,-0.1548,33.1706
4.6886,113.5818,-0.1548,33.1523
4.6907,113.6181,-0.1548,33.134
4.6927,113.6544,-0.1547,33.1156
4.6948,113.6907,-0.1547,33.0973
4.6968,113.727,-0.1547,33.0789
4.6989,113.7633,-0.1546,33.0605
4.7009,113.7996,-0.1546,33.042
4.703,113.8359,-0.1546,33.0235
4.705,113.8722,-0.1545,33.005
4.7071,113.9085,-0.1545,32.9865
4.7091,113.9447,-0.1545,32.968
4.7112,113.981,-0.1544,32.9494
4.7132,114.0173,-0.1544,32.9308
4.7153,114.0536,-0.1544,32.9121
4.7173,114.0899,-0.1543,32.8935
4.7194,114.1262,-0.1543,32.8748
4.7214,114.1624,-0.1543,32.8561
4.7235,114.1987,-0.1542,32.8374
4.7255,114.235,-0.1542,32.8186
4.7276,114.2713,-0.1541,32.7998
4.7296,114.3075,-0.1541,32.781
4.7317,114.3438,-0.1541,32.7622
4.7337,114.3801,-0.154,32.7433
4.7358,114.4163,-0.154,32.7244
4.7378,114.4526,-0.154,32.7055
4.7399,114.4888,-0.1539,32.6865
4.7419,114.5251,-0.1539,32.6676
4.744,114.5614,-0.1539,32.6486
4.746,114.5976,-0.1538,32.6296
4.7481,114.6339,-0.1538,32.6105
4.7501,114.6701,-0.1538,32.5914
4.7522,114.7064,-0.1537,32.5723
4.7542,114.7426,-0.1537,32.5532
4.7563,114.7788,-0.1537,32.5341
4.7583,114.8151,-0.1536,32.5149
4.7604,114.8513,-0.1536,32.4957
4.7624,114.8876,-0.1536,32.4765
4.7645,114.9238,-0.1535,32.4572
4.7665,114.96,-0.1535,32.4379
4.7686,114.9963,-0.1535,32.4186
4.7706,115.0325,-0.1534,32.3993
4.7727,115.0687,-0.1534,32.38
4.7747,115.105,-0.1534,32.3606
4.7768,115.1412,-0.1534,32.3412
4.7788,115.1774,-0.1533,32.3217
4.7809,115.2136,-0.1533,32.3023
4.7829,115.2499,-0.1533,32.2828
4.785,115.2861,-0.1532,32.2633
4.787,115.3223,-0.1532,32.2437
4.7891,115.3585,-0.1532,32.2242
4.7911,115.3947,-0.1531,32.2046
4.7932,115.4309,-0.1531,32.185
4.7952,115.4672,-0.1531,32.1653
4.7973,115.5034,-0.153,32.1457
4.7993,115.5396,-0.153,32.126
4.8014,115.5758,-0.153,32.1063
4.8034,115.612,-0.1529,32.0865
4.8055,115.6482,-0.1529,32.0667
4.8075,115.6844,-0.1529,32.047
4.8096,115.7206,-0.1528,32.0271
4.8116,115.7568,-0.1528,32.0073
4.8137,115.793,-0.1528,31.9874
4.8157,115.8292,-0.1527,31.9675
4.8178,115.8654,-0.1527,31.9476
4.8198,115.9015,-0.1527,31.9276
4.8219,115.9377,-0.1526,31.9077
4.8239,115.9739,-0.1526,31.8877
4.826,116.0101,-0.1526,31.8676
4.828,116.0463,-0.1525,31.8476
4.8301,116.0825,-0.1525,31.8275
4.8321,116.1187,-0.1525,31.8074
4.8342,116.1548,-0.1524,31.7873
4.8362,116.191,-0.1524,31.7671
4.8383,116.2272,-0.1524,31.7469
4.8403,116.2634,-0.1524,31.7267
4.8424,116.2995,-0.1523,31.7065
4.8444,116.3357,-0.1523,31.6863
4.8465,116.3719,-0.1523,31.666
4.8485,116.408,-0.1522,31.6457
4.8506,116.4442,-0.1522,31.6253
4.8526,116.4804,-0.1522,31.605
4.8547,116.5165,-0.1521,31.5846
4.8567,116.5527,-0.1521,31.5642
4.8588,116.5888,-0.1521,31.5437
4.8608,116.625,-0.152,31.5233
4.8629,116.6612,-0.152,31.5028
4.8649,116.6973,-0.152,31.4823
4.867,116.7335,-0.1519,31.4617
4.869,116.7696,-0.1519,31.4412
4.8711,116.8058,-0.1519,31.4206
4.8731,116.8419,-0.1519,31.4
4.8752,116.8781,-0.1518,31.3793
4.8772,116.9142,-0.1518,31.3587
4.8793,116.9504,-0.1518,31.338
4.8813,116.9865,-0.1517,31.3173
4.8834,117.0226,-0.1517,31.2965
4.8854,117.0588,-0.1517,31.2757
4.8875,117.0949,-0.1516,31.2549
4.8895,117.1311,-0.1516,31.2341
4.8916,117.1672,-0.1516,31.2133
4.8936,117.2033,-0.1515,31.1924
4.8957,117.2395,-0.1515,31.1715
4.8977,117.2756,-0.1515,31.1506
4.8998,117.3117,-0.1515,31.1296
4.9018,117.3478,-0.1514,31.1087
4.9039,117.384,-0.1514,31.0877
4.9059,117.4201,-0.1514,31.0667
4.908,117.4562,-0.1513,31.0456
4.91,117.4923,-0.1513,31.0245
4.9121,117.5285,-0.1513,31.0034
4.9141,117.5646,-0.1512,30.9823
4.9162,117.6007,-0.1512,30.9612
4.9182,117.6368,-0.1512,30.94
4.9203,117.6729,-0.1512,30.9188
4.9223,117.709,-0.1511,30.8975
4.9244,117.7452,-0.1511,30.8763
4.9264,117.7813,-0.1511,30.855
4.9285,117.8174,-0.151,30.8337
4.9305,117.8535,-0.151,30.8124
4.9326,117.8896,-0.151,30.791
4.9346,117.9257,-0.151,30.7696
4.9367,117.9618,-0.1509,30.7482
4.9387,117.9979,-0.1509,30.7268
4.9408,118.034,-0.1509,30.7054
4.9428,118.0701,-0.1508,30.6839
4.9449,118.1062,-0.1508,30.6624
4.9469,118.1423,-0.1508,30.6408
4.949,118.1784,-0.1507,30.6193
4.951,118.2145,-0.1507,30.5977
4.9531,118.2506,-0.1507,30.5761
4.9551,118.2867,-0.1507,30.5545
4.9572,118.3228,-0.1506,30.5328
4.9592,118.3589,-0.1506,30.5111
4.9613,118.395,-0.1506,30.4894
4.9633,118.431,-0.1505,30.4677
4.9654,118.4671,-0.1505,30.4459
4.9674,118.5032,-0.1505,30.4241
4.9695,118.5393,-0.1505,30.4023
4.9715,118.5754,-0.1504,30.3805
4.9736,118.6115,-0.1504,30.3586
4.9756,118.6475,-0.1504,30.3367
4.9777,118.6836,-0.1503,30.3148
4.9797,118.7197,-0.1503,30.2929
4.9818,118.7558,-0.1503,30.2709
4.9838,118.7918,-0.1503,30.2489
4.9859,118.8279,-0.1502,30.2269
4.9879,118.864,-0.1502,30.2049
4.99,118.9001,-0.1502,30.1828
4.992,118.9361,-0.1501,30.1607
4.9941,118.9722,-0.1501,30.1386
4.9961,119.0083,-0.1501,30.1165
4.9982,119.0443,-0.1501,30.0943
5.0002,119.0804,-0.15,30.0721
5.0023,119.1165,-0.15,30.0499
5.0043,119.1525,-0.15,30.0277
5.0064,119.1886,-0.15,30.0054
5.0084,119.2247,-0.1499,29.9831
5.0105,119.2607,-0.1499,29.9608
5.0125,119.2968,-0.1499,29.9385
5.0146,119.3328,-0.1498,29.9161
5.0166,119.3689,-0.1498,29.8937
5.0187,119.4049,-0.1498,29.8713
5.0207,119.441,-0.1498,29.8488
5.0228,119.477,-0.1497,29.8264
5.0248,119.5131,-0.1497,29.8039
5.0269,119.5491,-0.1497,29.7814
5.0289,119.5852,-0.1496,29.7588
5.031,119.6212,-0.1496,29.7363
5.033,119.6573,-0.1496,29.7137
5.0351,119.6933,-0.1496,29.6911
5.0371,119.7294,-0.1495,29.6684
5.0392,119.7654,-0.1495,29.6457
5.0412,119.8015,-0.1495,29.623
5.0433,119.8375,-0.1495,29.6003
5.0453,119.8735,-0.1494,29.5776
5.0474,119.9096,-0.1494,29.5548
5.0494,119.9456,-0.1494,29.532
5.0515,119.9817,-0.1494,29.5092
5.0535,120.0177,-0.1493,29.4864
5.0556,120.0537,-0.1493,29.4635
5.0576,120.0898,-0.1493,29.4406
5.0597,120.1258,-0.1492,29.4177
5.0617,120.1618,-0.1492,29.3947
5.0638,120.1979,-0.1492,29.3718
5.0658,120.2339,-0.1492,29.3488
5.0679,120.2699,-0.1491,29.3258
5.0699,120.306,-0.1491,29.3027
5.072,120.342,-0.1491,29.2797
5.074,120.378,-0.1491,29.2566
5.0761,120.414,-0.149,29.2334
5.0781,120.4501,-0.149,29.2103
5.0802,120.4861,-0.149,29.1871
5.0822,120.5221,-0.149,29.1639
5.0843,120.5581,-0.1489,29.1407
5.0863,120.5941,-0.1489,29.1175
5.0884,120.6302,-0.1489,29.0942
5.0904,120.6662,-0.1489,29.0709
5.0925,120.7022,-0.1488,29.0476
5.0945,120.7382,-0.1488,29.0243
5.0966,120.7742,-0.1488,29.0009
5.0986,120.8102,-0.1488,28.9775
5.1007,120.8463,-0.1487,28.9541
5.1027,120.8823,-0.1487,28.9306
5.1048,120.9183,-0.1487,28.9072
5.1068,120.9543,-0.1487,28.8837
5.1089,120.9903,-0.1486,28.8602
5.1109,121.0263,-0.1486,28.8366
5.113,121.0623,-0.1486,28.8131
5.115,121.0983,-0.1486,28.7895
5.1171,121.1343,-0.1485,28.7659
5.1191,121.1703,-0.1485,28.7422
5.1212,121.2063,-0.1485,28.7185
5.1232,121.2424,-0.1485,28.6949
5.1253,121.2784,-0.1484,28.6711
5.1273,121.3144,-0.1484,28.6474
5.1294,121.3504,-0.1484,28.6236
5.1314,121.3864,-0.1484,28.5998
5.1335,121.4224,-0.1483,28.576
5.1355,121.4584,-0.1483,28.5522
5.1376,121.4944,-0.1483,28.5283
5.1396,121.5304,-0.1483,28.5044
5.1417,121.5663,-0.1482,28.4805
5.1437,121.6023,-0.1482,28.4566
5.1458,121.6383,-0.1482,28.4326
5.1478,121.6743,-0.1482,28.4086
5.1499,121.7103,-0.1481,28.3846
5.1519,121.7463,-0.1481,28.3606
5.154,121.7823,-0.1481,28.3365
5.156,121.8183,-0.1481,28.3124
5.1581,121.8543,-0.148,28.2883
5.1601,121.8903,-0.148,28.2642
5.1622,121.9263,-0.148,28.24
5.1642,121.9623,-0.148,28.2158
5.1663,121.9982,-0.148,28.1916
5.1683,122.0342,-0.1479,28.1674
5.1704,122.0702,-0.1479,28.1431
5.1724,122.1062,-0.1479,28.1188
5.1745,122.1422,-0.1479,28.0945
5.1765,122.1782,-0.1478,28.0702
5.1786,122.2141,-0.1478,28.0458
5.1806,122.2501,-0.1478,28.0215
5.1827,122.2861,-0.1478,27.997
5.1847,122.3221,-0.1477,27.9726
5.1868,122.3581,-0.1477,27.9482
5.1888,122.394,-0.1477,27.9237
5.1909,122.43,-0.1477,27.8992
5.1929,122.466,-0.1477,27.8746
5.195,122.502,-0.1476,27.8501
5.197,122.5379,-0.1476,27.8255
5.1991,122.5739,-0.1476,27.8009
5.2011,122.6099,-0.1476,27.7763
5.2032,122.6459,-0.1475,27.7516
5.2052,122.6818,-0.1475,27.7269
5.2073,122.7178,-0.1475,27.7022
5.2093,122.7538,-0.1475,27.6775
5.2114,122.7898,-0.1475,27.6527
5.2134,122.8257,-0.1474,27.628
5.2155,122.8617,-0.1474,27.6032
5.2175,122.8977,-0.1474,27.5783
5.2196,122.9336,-0.1474,27.5535
5.2216,122.9696,-0.1473,27.5286
5.2237,123.0056,-0.1473,27.5037
5.2257,123.0415,-0.1473,27.4788
5.2278,123.0775,-0.1473,27.4538
5.2298,123.1135,-0.1473,27.4289
5.2319,123.1494,-0.1472,27.4039
5.2339,123.1854,-0.1472,27.3788
5.236,123.2214,-0.1472,27.3538
5.238,123.2573,-0.1472,27.3287
5.2401,123.2933,-0.1471,27.3036
5.2421,123.3292,-0.1471,27.2785
5.2442,123.3652,-0.1471,27.2534
5.2462,123.4012,-0.1471,27.2282
5.2483,123.4371,-0.1471,27.203
5.2503,123.4731,-0.147,27.1778
5.2524,123.509,-0.147,27.1525
5.2544,123.545,-0.147,27.1273
5.2565,123.581,-0.147,27.102
5.2585,123.6169,-0.147,27.0767
5.2606,123.6529,-0.1469,27.0513
5.2626,123.6888,-0.1469,27.0259
5.2647,123.7248,-0.1469,27.0006
5.2667,123.7607,-0.1469,26.9751
5.2688,123.7967,-0.1469,26.9497
5.2708,123.8326,-0.1468,26.9242
5.2729,123.8686,-0.1468,26.8988
5.2749,123.9045,-0.1468,26.8732
5.277,123.9405,-0.1468,26.8477
5.279,123.9764,-0.1468,26.8221
5.2811,124.0124,-0.1467,26.7966
5.2831,124.0483,-0.1467,26.771
5.2852,124.0843,-0.1467,26.7453
5.2872,124.1202,-0.1467,26.7197
5.2893,124.1562,-0.1467,26.694
5.2913,124.1921,-0.1466,26.6683
5.2934,124.2281,-0.1466,26.6425
5.2954,124.264,-0.1466,26.6168
5.2975,124.3,-0.1466,26.591
5.2995,124.3359,-0.1466,26.5652
5.3016,124.3719,-0.1465,26.5394
5.3036,124.4078,-0.1465,26.5135
5.3057,124.4438,-0.1465,26.4877
5.3077,124.4797,-0.1465,26.4618
5.3098,124.5157,-0.1465,26.4358
5.3118,124.5516,-0.1464,26.4099
5.3139,124.5875,-0.1464,26.3839
5.3159,124.6235,-0.1464,26.3579
5.318,124.6594,-0.1464,26.3319
5.32,124.6954,-0.1464,26.3058
5.3221,124.7313,-0.1463,26.2798
5.3241,124.7673,-0.1463,26.2537
5.3262,124.8032,-0.1463,26.2276
5.3282,124.8391,-0.1463,26.2014
5.3303,124.8751,-0.1463,26.1753
5.3323,124.911,-0.1463,26.1491
5.3344,124.947,-0.1462,26.1228
5.3364,124.9829,-0.1462,26.0966
5.3385,125.0188,-0.1462,26.0703
5.3405,125.0548,-0.1462,26.0441
5.3426,125.0907,-0.1462,26.0177
5.3446,125.1266,-0.1461,25.9914
5.3467,125.1626,-0.1461,25.965
5.3487,125.1985,-0.1461,25.9387
5.3508,125.2344,-0.1461,25.9123
5.3528,125.2704,-0.1461,25.8858
5.3549,125.3063,-0.1461,25.8594
5.3569,125.3423,-0.146,25.8329
5.359,125.3782,-0.146,25.8064
5.361,125.4141,-0.146,25.7799
5.3631,125.4501,-0.146,25.7533
5.3651,125.486,-0.146,25.7267
5.3672,125.5219,-0.146,25.7001
5.3692,125.5579,-0.1459,25.6735
5.3713,125.5938,-0.1459,25.6468
5.3733,125.6297,-0.1459,25.6202
5.3754,125.6657,-0.1459,25.5935
5.3774,125.7016,-0.1459,25.5668
5.3795,125.7375,-0.1458,25.54
5.3815,125.7734,-0.1458,25.5132
5.3836,125.8094,-0.1458,25.4864
5.3856,125.8453,-0.1458,25.4596
5.3877,125.8812,-0.1458,25.4328
5.3897,125.9172,-0.1458,25.4059
5.3918,125.9531,-0.1457,25.379
5.3938,125.989,-0.1457,25.3521
5.3959,126.025,-0.1457,25.3252
5.3979,126.0609,-0.1457,25.2982
5.4,126.0968,-0.1457,25.2712
5.402,126.1327,-0.1457,25.2442
5.4041,126.1687,-0.1457,25.2172
5.4061,126.2046,-0.1456,25.1901
5.4082,126.2405,-0.1456,25.1631
5.4102,126.2765,-0.1456,25.136
5.4123,126.3124,-0.1456,25.1088
5.4143,126.3483,-0.1456,25.0817
5.4164,126.3842,-0.1456,25.0545
5.4184,126.4202,-0.1455,25.0273
5.4205,126.4561,-0.1455,25.0001
5.4225,126.492,-0.1455,24.9728
5.4246,126.5279,-0.1455,24.9456
5.4266,126.5639,-0.1455,24.9183
5.4287,126.5998,-0.1455,24.8909
5.4307,126.6357,-0.1454,24.8636
5.4328,126.6716,-0.1454,24.8362
5.4348,126.7076,-0.1454,24.8088
5.4369,126.7435,-0.1454,24.7814
5.4389,126.7794,-0.1454,24.754
5.441,126.8153,-0.1454,24.7265
5.443,126.8513,-0.1454,24.699
5.4451,126.8872,-0.1453,24.6715
5.4471,126.9231,-0.1453,24.644
5.4492,126.959,-0.1453,24.6164
5.4512,126.995,-0.1453,24.5888
5.4533,127.0309,-0.1453,24.5612
5.4553,127.0668,-0.1453,24.5336
5.4574,127.1027,-0.1453,24.506
5.4594,127.1386,-0.1452,24.4783
5.4615,127.1746,-0.1452,24.4506
5.4635,127.2105,-0.1452,24.4229
5.4656,127.2464,-0.1452,24.3951
5.4676,127.2823,-0.1452,24.3673
5.4697,127.3183,-0.1452,24.3395
5.4717,127.3542,-0.1452,24.3117
5.4738,127.3901,-0.1451,24.2839
5.4758,127.426,-0.1451,24.256
5.4779,127.4619,-0.1451,24.2281
5.4799,127.4979,-0.1451,24.2002
5.482,127.5338,-0.1451,24.1723
5.484,127.5697,-0.1451,24.1443
5.4861,127.6056,-0.1451,24.1163
5.4881,127.6416,-0.1451,24.0883
5.4902,127.6775,-0.145,24.0603
5.4922,127.7134,-0.145,24.0322
5.4943,127.7493,-0.145,24.0041
5.4963,127.7852,-0.145,23.976
5.4984,127.8212,-0.145,23.9479
5.5004,127.8571,-0.145,23.9198
5.5025,127.893,-0.145,23.8916
5.5045,127.9289,-0.145,23.8634
5.5066,127.9648,-0.1449,23.8352
5.5086,128.0008,-0.1449,23.8069
5.5107,128.0367,-0.1449,23.7787
5.5127,128.0726,-0.1449,23.7504
5.5148,128.1085,-0.1449,23.7221
5.5168,128.1444,-0.1449,23.6937
5.5189,128.1804,-0.1449,23.6654
5.5209,128.2163,-0.1449,23.637
5.523,128.2522,-0.1448,23.6086
5.525,128.2881,-0.1448,23.5801
5.5271,128.324,-0.1448,23.5517
5.5291,128.36,-0.1448,23.5232
5.5312,128.3959,-0.1448,23.4947
5.5332,128.4318,-0.1448,23.4662
5.5353,128.4677,-0.1448,23.4376
5.5373,128.5036,-0.1448,23.409
5.5394,128.5396,-0.1447,23.3804
5.5414,128.5755,-0.1447,23.3518
5.5435,128.6114,-0.1447,23.3232
5.5455,128.6473,-0.1447,23.2945
5.5476,128.6832,-0.1447,23.2658
5.5496,128.7192,-0.1447,23.2371
5.5517,128.7551,-0.1447,23.2084
5.5537,128.791,-0.1447,23.1796
5.5558,128.8269,-0.1447,23.1508
5.5578,128.8628,-0.1447,23.122
5.5599,128.8988,-0.1446,23.0932
5.5619,128.9347,-0.1446,23.0643
5.564,128.9706,-0.1446,23.0354
5.566,129.0065,-0.1446,23.0065
5.5681,129.0424,-0.1446,22.9776
5.5701,129.0784,-0.1446,22.9487
5.5722,129.1143,-0.1446,22.9197
5.5742,129.1502,-0.1446,22.8907
5.5763,129.1861,-0.1446,22.8617
5.5783,129.2221,-0.1445,22.8326
5.5804,129.258,-0.1445,22.8036
5.5824,129.2939,-0.1445,22.7745
5.5845,129.3298,-0.1445,22.7454
5.5865,129.3657,-0.1445,22.7162
5.5886,129.4017,-0.1445,22.6871
5.5906,129.4376,-0.1445,22.6579
5.5927,129.4735,-0.1445,22.6287
5.5947,129.5094,-0.1445,22.5995
5.5968,129.5453,-0.1445,22.5702
5.5988,129.5813,-0.1445,22.5409
5.6009,129.6172,-0.1444,22.5116
5.6029,129.6531,-0.1444,22.4823
5.605,129.689,-0.1444,22.453
5.607,129.725,-0.1444,22.4236
5.6091,129.7609,-0.1444,22.3942
5.6111,129.7968,-0.1444,22.3648
5.6132,129.8327,-0.1444,22.3353
5.6152,129.8687,-0.1444,22.3059
5.6173,129.9046,-0.1444,22.2764
5.6193,129.9405,-0.1444,22.2469
5.6214,129.9764,-0.1444,22.2174
5.6234,130.0123,-0.1444,22.1878
5.6255,130.0483,-0.1443,22.1582
5.6275,130.0842,-0.1443,22.1286
5.6296,130.1201,-0.1443,22.099
5.6316,130.156,-0.1443,22.0694
5.6337,130.192,-0.1443,22.0397
5.6357,130.2279,-0.1443,22.01
5.6378,130.2638,-0.1443,21.9803
5.6398,130.2997,-0.1443,21.9505
5.6419,130.3357,-0.1443,21.9208
5.6439,130.3716,-0.1443,21.891
5.646,130.4075,-0.1443,21.8612
5.648,130.4434,-0.1443,21.8314
5.6501,130.4794,-0.1443,21.8015
5.6521,130.5153,-0.1442,21.7716
5.6542,130.5512,-0.1442,21.7417
5.6562,130.5872,-0.1442,21.7118
5.6583,130.6231,-0.1442,21.6819
5.6603,130.659,-0.1442,21.6519
5.6624,130.6949,-0.1442,21.6219
5.6644,130.7309,-0.1442,21.5919
5.6665,130.7668,-0.1442,21.5618
5.6685,130.8027,-0.1442,21.5318
5.6706,130.8386,-0.1442,21.5017
5.6726,130.8746,-0.1442,21.4716
5.6747,130.9105,-0.1442,21.4415
5.6767,130.9464,-0.1442,21.4113
5.6788,130.9824,-0.1442,21.3811
5.6808,131.0183,-0.1442,21.3509
5.6829,131.0542,-0.1441,21.3207
5.6849,131.0902,-0.1441,21.2905
5.687,131.1261,-0.1441,21.2602
5.689,131.162,-0.1441,21.2299
5.6911,131.1979,-0.1441,21.1996
5.6931,131.2339,-0.1441,21.1692
5.6952,131.2698,-0.1441,21.1389
5.6972,131.3057,-0.1441,21.1085
5.6993,131.3417,-0.1441,21.0781
5.7013,131.3776,-0.1441,21.0477
5.7034,131.4135,-0.1441,21.0172
5.7054,131.4495,-0.1441,20.9867
5.7075,131.4854,-0.1441,20.9562
5.7095,131.5213,-0.1441,20.9257
5.7116,131.5573,-0.1441,20.8952
5.7136,131.5932,-0.1441,20.8646
5.7157,131.6291,-0.1441,20.834
5.7177,131.6651,-0.1441,20.8034
5.7198,131.701,-0.1441,20.7728
5.7218,131.737,-0.1441,20.7421
5.7239,131.7729,-0.144,20.7114
5.7259,131.8088,-0.144,20.6807
5.728,131.8448,-0.144,20.65
5.73,131.8807,-0.144,20.6193
5.7321,131.9166,-0.144,20.5885
5.7341,131.9526,-0.144,20.5577
5.7362,131.9885,-0.144,20.5269
5.7382,132.0244,-0.144,20.496
5.7403,132.0604,-0.144,20.4652
5.7423,132.0963,-0.144,20.4343
5.7444,132.1323,-0.144,20.4034
5.7464,132.1682,-0.144,20.3724
5.7485,132.2041,-0.144,20.3415
5.7505,132.2401,-0.144,20.3105
5.7526,132.276,-0.144,20.2795
5.7546,132.312,-0.144,20.2485
5.7567,132.3479,-0.144,20.2174
5.7587,132.3839,-0.144,20.1864
5.7608,132.4198,-0.144,20.1553
5.7628,132.4557,-0.144,20.1242
5.7649,132.4917,-0.144,20.093
5.7669,132.5276,-0.144,20.0619
5.769,132.5636,-0.144,20.0307
5.771,132.5995,-0.144,19.9995
5.7731,132.6355,-0.144,19.9683
5.7751,132.6714,-0.144,19.937
5.7772,132.7074,-0.144,19.9057
5.7792,132.7433,-0.144,19.8745
5.7813,132.7792,-0.144,19.8431
5.7833,132.8152,-0.144,19.8118
5.7854,132.8511,-0.144,19.7804
5.7874,132.8871,-0.144,19.7491
5.7895,132.923,-0.144,19.7176
5.7915,132.959,-0.144,19.6862
5.7936,132.9949,-0.1439,19.6548
5.7956,133.0309,-0.1439,19.6233
5.7977,133.0668,-0.1439,19.5918
5.7997,133.1028,-0.1439,19.5603
5.8018,133.1387,-0.1439,19.5287
5.8038,133.1747,-0.1439,19.4972
5.8059,133.2106,-0.1439,19.4656
5.8079,133.2466,-0.1439,19.434
5.81,133.2825,-0.1439,19.4023
5.812,133.3185,-0.1439,19.3707
5.8141,133.3545,-0.1439,19.339
5.8161,133.3904,-0.1439,19.3073
5.8182,133.4264,-0.1439,19.2756
5.8202,133.4623,-0.1439,19.2438
5.8223,133.4983,-0.1439,19.2121
5.8243,133.5342,-0.1439,19.1803
5.8264,133.5702,-0.1439,19.1485
5.8284,133.6061,-0.1439,19.1166
5.8305,133.6421,-0.1439,19.0848
5.8325,133.6781,-0.1439,19.0529
5.8346,133.714,-0.1439,19.021
5.8366,133.75,-0.1439,18.9891
5.8387,133.7859,-0.1439,18.9571
5.8407,133.8219,-0.1439,18.9252
5.8428,133.8579,-0.1439,18.8932
5.8448,133.8938,-0.1439,18.8612
5.8469,133.9298,-0.1439,18.8291
5.8489,133.9658,-0.1439,18.7971
5.851,134.0017,-0.1439,18.765
5.853,134.0377,-0.1439,18.7329
5.8551,134.0736,-0.1439,18.7008
5.8571,134.1096,-0.1439,18.6686
5.8592,134.1456,-0.1439,18.6364
5.8612,134.1815,-0.1439,18.6043
5.8633,134.2175,-0.1439,18.572
5.8653,134.2535,-0.144,18.5398
5.8674,134.2894,-0.144,18.5075
5.8694,134.3254,-0.144,18.4753
5.8715,134.3614,-0.144,18.443
5.8735,134.3973,-0.144,18.4106
5.8756,134.4333,-0.144,18.3783
5.8776,134.4693,-0.144,18.3459
5.8797,134.5053,-0.144,18.3135
5.8817,134.5412,-0.144,18.2811
5.8838,134.5772,-0.144,18.2487
5.8858,134.6132,-0.144,18.2162
5.8879,134.6491,-0.144,18.1837
5.8899,134.6851,-0.144,18.1512
5.892,134.7211,-0.144,18.1187
5.894,134.7571,-0.144,18.0862
5.8961,134.793,-0.144,18.0536
5.8981,134.829,-0.144,18.021
5.9002,134.865,-0.144,17.9884
5.9022,134.901,-0.144,17.9557
5.9043,134.937,-0.144,17.9231
5.9063,134.9729,-0.144,17.8904
5.9084,135.0089,-0.144,17.8577
5.9104,135.0449,-0.144,17.825
5.9125,135.0809,-0.144,17.7922
5.9145,135.1169,-0.144,17.7595
5.9166,135.1528,-0.144,17.7267
5.9186,135.1888,-0.144,17.6939
5.9207,135.2248,-0.144,17.661
5.9227,135.2608,-0.144,17.6282
5.9248,135.2968,-0.144,17.5953
5.9268,135.3328,-0.144,17.5624
5.9289,135.3687,-0.144,17.5295
5.9309,135.4047,-0.144,17.4965
5.933,135.4407,-0.144,17.4635
5.935,135.4767,-0.1441,17.4305
5.9371,135.5127,-0.1441,17.3975
5.9391,135.5487,-0.1441,17.3645
5.9412,135.5847,-0.1441,17.3314
5.9432,135.6207,-0.1441,17.2984
5.9453,135.6567,-0.1441,17.2653
5.9473,135.6926,-0.1441,17.2321
5.9494,135.7286,-0.1441,17.199
5.9514,135.7646,-0.1441,17.1658
5.9535,135.8006,-0.1441,17.1327
5.9555,135.8366,-0.1441,17.0994
5.9576,135.8726,-0.1441,17.0662
5.9596,135.9086,-0.1441,17.033
5.9617,135.9446,-0.1441,16.9997
5.9637,135.9806,-0.1441,16.9664
5.9658,136.0166,-0.1441,16.9331
5.9678,136.0526,-0.1441,16.8997
5.9699,136.0886,-0.1441,16.8664
5.9719,136.1246,-0.1441,16.833
5.974,136.1606,-0.1442,16.7996
5.976,136.1966,-0.1442,16.7661
5.9781,136.2326,-0.1442,16.7327
5.9801,136.2686,-0.1442,16.6992
5.9822,136.3046,-0.1442,16.6657
5.9842,136.3406,-0.1442,16.6322
5.9863,136.3766,-0.1442,16.5987
5.9883,136.4126,-0.1442,16.5651
5.9904,136.4486,-0.1442,16.5315
5.9924,136.4846,-0.1442,16.4979
5.9945,136.5207,-0.1442,16.4643
5.9965,136.5567,-0.1442,16.4307
5.9986,136.5927,-0.1442,16.397
6.0006,136.6287,-0.1442,16.3633
6.0027,136.6647,-0.1443,16.3296
6.0047,136.7007,-0.1443,16.2958
6.0068,136.7367,-0.1443,16.2621
6.0088,136.7727,-0.1443,16.2283
6.0109,136.8087,-0.1443,16.1945
6.0129,136.8448,-0.1443,16.1607
6.015,136.8808,-0.1443,16.1269
6.017,136.9168,-0.1443,16.093
6.0191,136.9528,-0.1443,16.0591
6.0211,136.9888,-0.1443,16.0252
6.0232,137.0248,-0.1443,15.9913
6.0252,137.0609,-0.1443,15.9573
6.0273,137.0969,-0.1443,15.9233
6.0293,137.1329,-0.1444,15.8893
6.0314,137.1689,-0.1444,15.8553
6.0334,137.2049,-0.1444,15.8213
6.0355,137.241,-0.1444,15.7872
6.0375,137.277,-0.1444,15.7532
6.0396,137.313,-0.1444,15.719
6.0416,137.349,-0.1444,15.6849
6.0437,137.3851,-0.1444,15.6508
6.0457,137.4211,-0.1444,15.6166
6.0478,137.4571,-0.1444,15.5824
6.0498,137.4932,-0.1444,15.5482
6.0519,137.5292,-0.1445,15.514
6.0539,137.5652,-0.1445,15.4797
6.056,137.6013,-0.1445,15.4455
6.058,137.6373,-0.1445,15.4112
6.0601,137.6733,-0.1445,15.3768
6.0621,137.7094,-0.1445,15.3425
6.0642,137.7454,-0.1445,15.3081
6.0662,137.7814,-0.1445,15.2738
6.0683,137.8175,-0.1445,15.2393
6.0703,137.8535,-0.1445,15.2049
6.0724,137.8895,-0.1446,15.1705
6.0744,137.9256,-0.1446,15.136
6.0765,137.9616,-0.1446,15.1015
6.0785,137.9977,-0.1446,15.067
6.0806,138.0337,-0.1446,15.0325
6.0826,138.0697,-0.1446,14.9979
6.0847,138.1058,-0.1446,14.9633
6.0867,138.1418,-0.1446,14.9287
6.0888,138.1779,-0.1446,14.8941
6.0908,138.2139,-0.1447,14.8595
6.0929,138.25,-0.1447,14.8248
6.0949,138.286,-0.1447,14.7901
6.097,138.3221,-0.1447,14.7554
6.099,138.3581,-0.1447,14.7207
6.1011,138.3942,-0.1447,14.686
6.1031,138.4302,-0.1447,14.6512
6.1052,138.4663,-0.1447,14.6164
6.1072,138.5023,-0.1448,14.5816
6.1093,138.5384,-0.1448,14.5468
6.1113,138.5744,-0.1448,14.5119
6.1134,138.6105,-0.1448,14.477
6.1154,138.6465,-0.1448,14.4421
6.1175,138.6826,-0.1448,14.4072
6.1195,138.7187,-0.1448,14.3723
6.1216,138.7547,-0.1448,14.3373
6.1236,138.7908,-0.1449,14.3023
6.1257,138.8268,-0.1449,14.2673
6.1277,138.8629,-0.1449,14.2323
6.1298,138.899,-0.1449,14.1972
6.1318,138.935,-0.1449,14.1622
6.1339,138.9711,-0.1449,14.1271
6.1359,139.0072,-0.1449,14.092
6.138,139.0432,-0.1449,14.0569
6.14,139.0793,-0.145,14.0217
6.1421,139.1154,-0.145,13.9865
6.1441,139.1514,-0.145,13.9513
6.1462,139.1875,-0.145,13.9161
6.1482,139.2236,-0.145,13.8809
6.1503,139.2596,-0.145,13.8456
6.1523,139.2957,-0.145,13.8103
6.1544,139.3318,-0.1451,13.775
6.1564,139.3679,-0.1451,13.7397
6.1585,139.4039,-0.1451,13.7044
6.1605,139.44,-0.1451,13.669
6.1626,139.4761,-0.1451,13.6336
6.1646,139.5122,-0.1451,13.5982
6.1667,139.5483,-0.1451,13.5628
6.1687,139.5843,-0.1452,13.5273
6.1708,139.6204,-0.1452,13.4919
6.1728,139.6565,-0.1452,13.4564
6.1749,139.6926,-0.1452,13.4209
6.1769,139.7287,-0.1452,13.3853
6.179,139.7648,-0.1452,13.3498
6.181,139.8008,-0.1453,13.3142
6.1831,139.8369,-0.1453,13.2786
6.1851,139.873,-0.1453,13.243
6.1872,139.9091,-0.1453,13.2074
6.1892,139.9452,-0.1453,13.1717
6.1913,139.9813,-0.1453,13.136
6.1933,140.0174,-0.1453,13.1003
6.1954,140.0535,-0.1454,13.0646
6.1974,140.0896,-0.1454,13.0288
6.1995,140.1257,-0.1454,12.9931
6.2015,140.1618,-0.1454,12.9573
6.2036,140.1979,-0.1454,12.9215
6.2056,140.234,-0.1454,12.8857
6.2077,140.2701,-0.1455,12.8498
6.2097,140.3062,-0.1455,12.8139
6.2118,140.3423,-0.1455,12.7781
6.2138,140.3784,-0.1455,12.7421
6.2159,140.4145,-0.1455,12.7062
6.2179,140.4506,-0.1455,12.6703
6.22,140.4867,-0.1456,12.6343
6.222,140.5228,-0.1456,12.5983
6.2241,140.5589,-0.1456,12.5623
6.2261,140.595,-0.1456,12.5262
6.2282,140.6311,-0.1456,12.4902
6.2302,140.6672,-0.1457,12.4541
6.2323,140.7033,-0.1457,12.418
6.2343,140.7395,-0.1457,12.3819
6.2364,140.7756,-0.1457,12.3457
6.2384,140.8117,-0.1457,12.3096
6.2405,140.8478,-0.1457,12.2734
6.2425,140.8839,-0.1458,12.2372
6.2446,140.92,-0.1458,12.201
6.2466,140.9562,-0.1458,12.1647
6.2487,140.9923,-0.1458,12.1285
6.2507,141.0284,-0.1458,12.0922
6.2528,141.0645,-0.1459,12.0559
6.2548,141.1006,-0.1459,12.0195
6.2569,141.1368,-0.1459,11.9832
6.2589,141.1729,-0.1459,11.9468
6.261,141.209,-0.1459,11.9104
6.263,141.2451,-0.146,11.874
6.2651,141.2813,-0.146,11.8376
6.2671,141.3174,-0.146,11.8011
6.2692,141.3535,-0.146,11.7647
6.2712,141.3897,-0.146,11.7282
6.2733,141.4258,-0.1461,11.6916
6.2753,141.4619,-0.1461,11.6551
6.2774,141.4981,-0.1461,11.6186
6.2794,141.5342,-0.1461,11.582
6.2815,141.5703,-0.1461,11.5454
6.2835,141.6065,-0.1462,11.5088
6.2856,141.6426,-0.1462,11.4721
6.2876,141.6788,-0.1462,11.4355
6.2897,141.7149,-0.1462,11.3988
6.2917,141.7511,-0.1462,11.3621
6.2938,141.7872,-0.1463,11.3254
6.2958,141.8233,-0.1463,11.2886
6.2979,141.8595,-0.1463,11.2519
6.2999,141.8956,-0.1463,11.2151
6.302,141.9318,-0.1463,11.1783
6.304,141.9679,-0.1464,11.1414
6.3061,142.0041,-0.1464,11.1046
6.3081,142.0402,-0.1464,11.0677
6.3102,142.0764,-0.1464,11.0309
6.3122,142.1125,-0.1464,10.9939
6.3143,142.1487,-0.1465,10.957
6.3163,142.1849,-0.1465,10.9201
6.3184,142.221,-0.1465,10.8831
6.3204,142.2572,-0.1465,10.8461
6.3225,142.2933,-0.1466,10.8091
6.3245,142.3295,-0.1466,10.7721
6.3266,142.3657,-0.1466,10.735
6.3286,142.4018,-0.1466,10.698
6.3307,142.438,-0.1466,10.6609
6.3327,142.4742,-0.1467,10.6238
6.3348,142.5103,-0.1467,10.5866
6.3368,142.5465,-0.1467,10.5495
6.3389,142.5827,-0.1467,10.5123
6.3409,142.6188,-0.1468,10.4751
6.343,142.655,-0.1468,10.4379
6.345,142.6912,-0.1468,10.4007
6.3471,142.7273,-0.1468,10.3634
6.3491,142.7635,-0.1469,10.3261
6.3512,142.7997,-0.1469,10.2888
6.3532,142.8359,-0.1469,10.2515
6.3553,142.8721,-0.1469,10.2142
6.3573,142.9082,-0.147,10.1768
6.3594,142.9444,-0.147,10.1394
6.3614,142.9806,-0.147,10.102
6.3635,143.0168,-0.147,10.0646
6.3655,143.053,-0.147,10.0272
6.3676,143.0891,-0.1471,9.9897
6.3696,143.1253,-0.1471,9.9523
6.3717,143.1615,-0.1471,9.9148
6.3737,143.1977,-0.1471,9.8772
6.3758,143.2339,-0.1472,9.8397
6.3778,143.2701,-0.1472,9.8021
6.3799,143.3063,-0.1472,9.7646
6.3819,143.3425,-0.1472,9.727
6.384,143.3787,-0.1473,9.6893
6.386,143.4149,-0.1473,9.6517
6.3881,143.4511,-0.1473,9.614
6.3901,143.4873,-0.1473,9.5764
6.3922,143.5235,-0.1474,9.5387
6.3942,143.5597,-0.1474,9.5009
6.3963,143.5959,-0.1474,9.4632
6.3983,143.6321,-0.1475,9.4254
6.4004,143.6683,-0.1475,9.3876
6.4024,143.7045,-0.1475,9.3498
6.4045,143.7407,-0.1475,9.312
6.4065,143.7769,-0.1476,9.2742
6.4086,143.8131,-0.1476,9.2363
6.4106,143.8493,-0.1476,9.1984
6.4127,143.8855,-0.1476,9.1605
6.4147,143.9217,-0.1477,9.1226
6.4168,143.958,-0.1477,9.0847
6.4188,143.9942,-0.1477,9.0467
6.4209,144.0304,-0.1477,9.0087
6.4229,144.0666,-0.1478,8.9707
6.425,144.1028,-0.1478,8.9327
6.427,144.1391,-0.1478,8.8946
6.4291,144.1753,-0.1479,8.8566
6.4311,144.2115,-0.1479,8.8185
6.4332,144.2477,-0.1479,8.7804
6.4352,144.2839,-0.1479,8.7423
6.4373,144.3202,-0.148,8.7041
6.4393,144.3564,-0.148,8.666
6.4414,144.3926,-0.148,8.6278
6.4434,144.4289,-0.1481,8.5896
6.4455,144.4651,-0.1481,8.5513
6.4475,144.5013,-0.1481,8.5131
6.4496,144.5376,-0.1481,8.4748
6.4516,144.5738,-0.1482,8.4366
6.4537,144.61,-0.1482,8.3983
6.4557,144.6463,-0.1482,8.3599
6.4578,144.6825,-0.1483,8.3216
6.4598,144.7188,-0.1483,8.2832
6.4619,144.755,-0.1483,8.2448
6.4639,144.7912,-0.1483,8.2064
6.466,144.8275,-0.1484,8.168
6.468,144.8637,-0.1484,8.1296
6.4701,144.9,-0.1484,8.0911
6.4721,144.9362,-0.1485,8.0526
6.4742,144.9725,-0.1485,8.0141
6.4762,145.0087,-0.1485,7.9756
6.4783,145.045,-0.1485,7.937
6.4803,145.0812,-0.1486,7.8985
6.4824,145.1175,-0.1486,7.8599
6.4844,145.1538,-0.1486,7.8213
6.4865,145.19,-0.1487,7.7827
6.4885,145.2263,-0.1487,7.744
6.4906,145.2625,-0.1487,7.7054
6.4926,145.2988,-0.1488,7.6667
6.4947,145.3351,-0.1488,7.628
6.4967,145.3713,-0.1488,7.5893
6.4988,145.4076,-0.1489,7.5505
6.5008,145.4438,-0.1489,7.5118
6.5029,145.4801,-0.1489,7.473
6.5049,145.5164,-0.1489,7.4342
6.507,145.5527,-0.149,7.3954
6.509,145.5889,-0.149,7.3565
6.5111,145.6252,-0.149,7.3177
6.5131,145.6615,-0.1491,7.2788
6.5152,145.6978,-0.1491,7.2399
6.5172,145.734,-0.1491,7.201
6.5193,145.7703,-0.1492,7.162
6.5213,145.8066,-0.1492,7.1231
6.5234,145.8429,-0.1492,7.0841
6.5254,145.8792,-0.1493,7.0451
6.5275,145.9154,-0.1493,7.0061
6.5295,145.9517,-0.1493,6.967
6.5316,145.988,-0.1494,6.928
6.5336,146.0243,-0.1494,6.8889
6.5357,146.0606,-0.1494,6.8498
6.5377,146.0969,-0.1495,6.8107
6.5398,146.1332,-0.1495,6.7716
6.5418,146.1695,-0.1495,6.7324
6.5439,146.2058,-0.1496,6.6932
6.5459,146.2421,-0.1496,6.654
6.548,146.2784,-0.1496,6.6148
6.55,146.3147,-0.1497,6.5756
6.5521,146.351,-0.1497,6.5363
6.5541,146.3873,-0.1497,6.4971
6.5562,146.4236,-0.1498,6.4578
6.5582,146.4599,-0.1498,6.4185
6.5603,146.4962,-0.1498,6.3791
6.5623,146.5325,-0.1499,6.3398
6.5644,146.5688,-0.1499,6.3004
6.5664,146.6051,-0.1499,6.261
6.5685,146.6414,-0.15,6.2216
6.5705,146.6777,-0.15,6.1822
6.5726,146.714,-0.15,6.1427
6.5746,146.7503,-0.1501,6.1033
6.5767,146.7867,-0.1501,6.0638
6.5787,146.823,-0.1501,6.0243
6.5808,146.8593,-0.1502,5.9847
6.5828,146.8956,-0.1502,5.9452
6.5849,146.9319,-0.1502,5.9056
6.5869,146.9683,-0.1503,5.866
6.589,147.0046,-0.1503,5.8264
6.591,147.0409,-0.1504,5.7868
6.5931,147.0773,-0.1504,5.7472
6.5951,147.1136,-0.1504,5.7075
6.5972,147.1499,-0.1505,5.6678
6.5992,147.1862,-0.1505,5.6281
6.6013,147.2226,-0.1505,5.5884
6.6033,147.2589,-0.1506,5.5487
6.6054,147.2952,-0.1506,5.5089
6.6074,147.3316,-0.1506,5.4691
6.6095,147.3679,-0.1507,5.4293
6.6115,147.4043,-0.1507,5.3895
6.6136,147.4406,-0.1508,5.3497
6.6156,147.4769,-0.1508,5.3098
6.6177,147.5133,-0.1508,5.27
6.6197,147.5496,-0.1509,5.2301
6.6218,147.586,-0.1509,5.1901
6.6238,147.6223,-0.1509,5.1502
6.6259,147.6587,-0.151,5.1103
6.6279,147.695,-0.151,5.0703
6.63,147.7314,-0.1511,5.0303
6.632,147.7677,-0.1511,4.9903
6.6341,147.8041,-0.1511,4.9503
6.6361,147.8405,-0.1512,4.9102
6.6382,147.8768,-0.1512,4.8701
6.6402,147.9132,-0.1512,4.8301
6.6423,147.9495,-0.1513,4.79
6.6443,147.9859,-0.1513,4.7498
6.6464,148.0223,-0.1514,4.7097
6.6484,148.0586,-0.1514,4.6695
6.6505,148.095,-0.1514,4.6293
6.6525,148.1314,-0.1515,4.5891
6.6546,148.1677,-0.1515,4.5489
6.6566,148.2041,-0.1516,4.5087
6.6587,148.2405,-0.1516,4.4684
6.6607,148.2769,-0.1516,4.4281
6.6628,148.3132,-0.1517,4.3878
6.6648,148.3496,-0.1517,4.3475
6.6669,148.386,-0.1518,4.3072
6.6689,148.4224,-0.1518,4.2668
6.671,148.4588,-0.1518,4.2265
6.673,148.4951,-0.1519,4.1861
6.6751,148.5315,-0.1519,4.1457
6.6771,148.5679,-0.152,4.1052
6.6792,148.6043,-0.152,4.0648
6.6812,148.6407,-0.152,4.0243
6.6833,148.6771,-0.1521,3.9838
6.6853,148.7135,-0.1521,3.9433
6.6874,148.7499,-0.1522,3.9028
6.6894,148.7863,-0.1522,3.8622
6.6915,148.8227,-0.1522,3.8217
6.6935,148.8591,-0.1523,3.7811
6.6956,148.8955,-0.1523,3.7405
6.6976,148.9319,-0.1524,3.6999
6.6997,148.9683,-0.1524,3.6592
6.7017,149.0047,-0.1524,3.6186
6.7038,149.0411,-0.1525,3.5779
6.7058,149.0775,-0.1525,3.5372
6.7079,149.1139,-0.1526,3.4965
6.7099,149.1503,-0.1526,3.4557
6.712,149.1867,-0.1526,3.415
6.714,149.2231,-0.1527,3.3742
6.7161,149.2595,-0.1527,3.3334
6.7181,149.296,-0.1528,3.2926
6.7202,149.3324,-0.1528,3.2518
6.7222,149.3688,-0.1529,3.2109
6.7243,149.4052,-0.1529,3.1701
6.7263,149.4416,-0.1529,3.1292
6.7284,149.4781,-0.153,3.0883
6.7304,149.5145,-0.153,3.0474
6.7325,149.5509,-0.1531,3.0064
6.7345,149.5873,-0.1531,2.9655
6.7366,149.6238,-0.1532,2.9245
6.7386,149.6602,-0.1532,2.8835
6.7407,149.6966,-0.1532,2.8425
6.7427,149.7331,-0.1533,2.8014
6.7448,149.7695,-0.1533,2.7604
6.7468,149.8059,-0.1534,2.7193
6.7489,149.8424,-0.1534,2.6782
6.7509,149.8788,-0.1535,2.6371
6.753,149.9153,-0.1535,2.596
6.755,149.9517,-0.1536,2.5548
6.7571,149.9881,-0.1536,2.5136
6.7591,150.0246,-0.1536,2.4725
6.7612,150.061,-0.1537,2.4313
6.7632,150.0975,-0.1537,2.39
6.7653,150.1339,-0.1538,2.3488
6.7673,150.1704,-0.1538,2.3075
6.7694,150.2068,-0.1539,2.2662
6.7714,150.2433,-0.1539,2.225
6.7735,150.2798,-0.154,2.1836
6.7755,150.3162,-0.154,2.1423
6.7776,150.3527,-0.1541,2.1009
6.7796,150.3891,-0.1541,2.0596
6.7817,150.4256,-0.1541,2.0182
6.7837,150.4621,-0.1542,1.9768
6.7858,150.4985,-0.1542,1.9353
6.7878,150.535,-0.1543,1.8939
6.7899,150.5715,-0.1543,1.8524
6.7919,150.6079,-0.1544,1.8109
6.794,150.6444,-0.1544,1.7694
6.796,150.6809,-0.1545,1.7279
6.7981,150.7174,-0.1545,1.6864
6.8001,150.7538,-0.1546,1.6448
6.8022,150.7903,-0.1546,1.6032
6.8042,150.8268,-0.1547,1.5616
6.8063,150.8633,-0.1547,1.52
6.8083,150.8998,-0.1547,1.4784
6.8104,150.9362,-0.1548,1.4367
6.8124,150.9727,-0.1548,1.3951
6.8145,151.0092,-0.1549,1.3534
6.8165,151.0457,-0.1549,1.3117
6.8186,151.0822,-0.155,1.27
6.8206,151.1187,-0.155,1.2282
6.8227,151.1552,-0.1551,1.1864
6.8247,151.1917,-0.1551,1.1447
6.8268,151.2282,-0.1552,1.1029
6.8288,151.2647,-0.1552,1.0611
6.8309,151.3012,-0.1553,1.0192
6.8329,151.3377,-0.1553,0.9774
6.835,151.3742,-0.1554,0.9355
6.837,151.4107,-0.1554,0.8936
6.8391,151.4472,-0.1555,0.8517
6.8411,151.4837,-0.1555,0.8098
6.8432,151.5202,-0.1556,0.7678
6.8452,151.5567,-0.1556,0.7258
6.8473,151.5932,-0.1557,0.6839
6.8493,151.6297,-0.1557,0.6419
6.8514,151.6663,-0.1558,0.5998
6.8534,151.7028,-0.1558,0.5578
6.8555,151.7393,-0.1559,0.5157
6.8575,151.7758,-0.1559,0.4737
6.8596,151.8123,-0.156,0.4316
6.8616,151.8489,-0.156,0.3895
6.8637,151.8854,-0.1561,0.3473
6.8657,151.9219,-0.1561,0.3052
6.8678,151.9584,-0.1562,0.263
6.8698,151.995,-0.1562,0.2208
6.8719,152.0315,-0.1563,0.1786
6.8739,152.068,-0.1563,0.1364
6.876,152.1046,-0.1564,0.0942
6.878,152.1411,-0.1564,0.0519
