t_s,x_m,y_m,z_m
0.0,0.0045,0.0,0.0242
0.002,0.084,0.0002,0.0745
0.004,0.1635,0.0003,0.1248
0.006,0.241,0.0005,0.1739
0.008,0.3204,0.0006,0.2242
0.01,0.3996,0.0008,0.2744
0.012,0.4788,0.0009,0.3245
0.014,0.558,0.0011,0.3746
0.016,0.6371,0.0012,0.4247
0.018,0.7161,0.0014,0.4747
0.02,0.7951,0.0016,0.5248
0.022,0.874,0.0017,0.5747
0.024,0.9528,0.0019,0.6247
0.026,1.0316,0.002,0.6746
0.028,1.1104,0.0022,0.7244
0.03,1.1891,0.0024,0.7743
0.032,1.2677,0.0025,0.8241
0.034,1.3463,0.0027,0.8738
0.036,1.4248,0.0028,0.9236
0.038,1.5033,0.003,0.9733
0.04,1.5817,0.0032,1.0229
0.042,1.6601,0.0033,1.0725
0.044,1.7384,0.0035,1.1221
0.046,1.8166,0.0036,1.1717
0.048,1.8948,0.0038,1.2212
0.05,1.9729,0.004,1.2707
0.052,2.051,0.0041,1.3201
0.054,2.129,0.0043,1.3695
0.056,2.207,0.0045,1.4189
0.058,2.2849,0.0046,1.4682
0.06,2.3628,0.0048,1.5175
0.062,2.4406,0.0049,1.5668
0.064,2.5183,0.0051,1.616
0.066,2.596,0.0053,1.6652
0.068,2.6736,0.0054,1.7144
0.07,2.7512,0.0056,1.7635
0.072,2.8288,0.0058,1.8126
0.074,2.9062,0.0059,1.8617
0.076,2.9836,0.0061,1.9107
0.078,3.061,0.0063,1.9597
0.08,3.1383,0.0064,2.0086
0.082,3.2156,0.0066,2.0576
0.084,3.2928,0.0068,2.1064
0.086,3.3699,0.007,2.1553
0.088,3.447,0.0071,2.2041
0.09,3.524,0.0073,2.2529
0.092,3.601,0.0075,2.3016
0.094,3.6779,0.0076,2.3503
0.096,3.7548,0.0078,2.399
0.098,3.8316,0.008,2.4477
0.1,3.9084,0.0082,2.4963
0.102,3.9851,0.0083,2.5448
0.104,4.0618,0.0085,2.5934
0.106,4.1384,0.0087,2.6419
0.108,4.2149,0.0088,2.6903
0.11,4.2914,0.009,2.7387
0.112,4.3679,0.0092,2.7871
0.114,4.4442,0.0094,2.8355
0.116,4.5206,0.0095,2.8838
0.118,4.5969,0.0097,2.9321
0.12,4.6731,0.0099,2.9804
0.122,4.7493,0.0101,3.0286
0.124,4.8254,0.0102,3.0768
0.126,4.9015,0.0104,3.1249
0.128,4.9775,0.0106,3.173
0.13,5.0534,0.0108,3.2211
0.132,5.1294,0.0109,3.2692
0.134,5.2052,0.0111,3.3172
0.136,5.281,0.0113,3.3652
0.138,5.3568,0.0115,3.4131
0.14,5.4325,0.0117,3.461
0.142,5.5081,0.0118,3.5089
0.144,5.5837,0.012,3.5567
0.146,5.6592,0.0122,3.6045
0.148,5.7347,0.0124,3.6523
0.15,5.8102,0.0126,3.7
0.152,5.8856,0.0127,3.7477
0.154,5.9609,0.0129,3.7954
0.156,6.0362,0.0131,3.843
0.158,6.1114,0.0133,3.8906
0.16,6.1866,0.0135,3.9382
0.162,6.2617,0.0137,3.9857
0.164,6.3368,0.0138,4.0332
0.166,6.4118,0.014,4.0807
0.168,6.4868,0.0142,4.1281
0.17,6.5617,0.0144,4.1755
0.172,6.6365,0.0146,4.2228
0.174,6.7114,0.0148,4.2701
0.176,6.7861,0.0149,4.3174
0.178,6.8608,0.0151,4.3647
0.18,6.9355,0.0153,4.4119
0.182,7.0101,0.0155,4.4591
0.184,7.0847,0.0157,4.5062
0.186,7.1592,0.0159,4.5533
0.188,7.2336,0.0161,4.6004
0.19,7.308,0.0162,4.6474
0.192,7.3824,0.0164,4.6945
0.194,7.4567,0.0166,4.7414
0.196,7.5309,0.0168,4.7884
0.198,7.6051,0.017,4.8353
0.2,7.6793,0.0172,4.8822
0.202,7.7534,0.0174,4.929
0.204,7.8274,0.0176,4.9758
0.206,7.9014,0.0178,5.0226
0.208,7.9754,0.018,5.0693
0.21,8.0493,0.0181,5.116
0.212,8.1231,0.0183,5.1627
0.214,8.1969,0.0185,5.2093
0.216,8.2706,0.0187,5.2559
0.218,8.3443,0.0189,5.3025
0.22,8.418,0.0191,5.349
0.222,8.4916,0.0193,5.3955
0.224,8.5651,0.0195,5.4419
0.226,8.6386,0.0197,5.4884
0.228,8.7121,0.0199,5.5348
0.23,8.7855,0.0201,5.5811
0.232,8.8588,0.0203,5.6274
0.234,8.9321,0.0205,5.6737
0.236,9.0053,0.0207,5.72
0.238,9.0785,0.0208,5.7662
0.24,9.1517,0.021,5.8124
0.242,9.2248,0.0212,5.8585
0.244,9.2978,0.0214,5.9047
0.246,9.3708,0.0216,5.9507
0.248,9.4438,0.0218,5.9968
0.25,9.5167,0.022,6.0428
0.252,9.5895,0.0222,6.0888
0.254,9.6623,0.0224,6.1347
0.256,9.7351,0.0226,6.1807
0.258,9.8078,0.0228,6.2265
0.26,9.8804,0.023,6.2724
0.262,9.953,0.0232,6.3182
0.264,10.0256,0.0234,6.364
0.266,10.0981,0.0236,6.4097
0.268,10.1705,0.0238,6.4554
0.27,10.2429,0.024,6.5011
0.272,10.3153,0.0242,6.5467
0.274,10.3876,0.0244,6.5923
0.276,10.4599,0.0246,6.6379
0.278,10.5321,0.0248,6.6835
0.28,10.6043,0.025,6.729
0.282,10.6764,0.0252,6.7744
0.284,10.7484,0.0254,6.8199
0.286,10.8205,0.0256,6.8653
0.288,10.8924,0.0258,6.9106
0.29,10.9644,0.026,6.956
0.292,11.0362,0.0262,7.0013
0.294,11.1081,0.0265,7.0466
0.296,11.1798,0.0267,7.0918
0.298,11.2516,0.0269,7.137
0.3,11.3233,0.0271,7.1822
0.302,11.3949,0.0273,7.2273
0.304,11.4665,0.0275,7.2724
0.306,11.538,0.0277,7.3175
0.308,11.6095,0.0279,7.3625
0.31,11.681,0.0281,7.4075
0.312,11.7524,0.0283,7.4525
0.314,11.8237,0.0285,7.4974
0.316,11.895,0.0287,7.5423
0.318,11.9663,0.0289,7.5871
0.32,12.0375,0.0291,7.632
0.322,12.1086,0.0293,7.6768
0.324,12.1798,0.0296,7.7215
0.326,12.2508,0.0298,7.7663
0.328,12.3218,0.03,7.8109
0.33,12.3928,0.0302,7.8556
0.332,12.4637,0.0304,7.9002
0.334,12.5346,0.0306,7.9448
0.336,12.6055,0.0308,7.9894
0.338,12.6762,0.031,8.0339
0.34,12.747,0.0312,8.0784
0.342,12.8177,0.0315,8.1229
0.344,12.8883,0.0317,8.1673
0.346,12.9589,0.0319,8.2117
0.348,13.0295,0.0321,8.256
0.35,13.1,0.0323,8.3004
0.352,13.1704,0.0325,8.3447
0.354,13.2408,0.0327,8.3889
0.356,13.3112,0.0329,8.4331
0.358,13.3815,0.0332,8.4773
0.36,13.4518,0.0334,8.5215
0.362,13.522,0.0336,8.5656
0.364,13.5922,0.0338,8.6097
0.366,13.6623,0.034,8.6538
0.368,13.7324,0.0342,8.6978
0.37,13.8025,0.0345,8.7418
0.372,13.8725,0.0347,8.7857
0.374,13.9424,0.0349,8.8296
0.376,14.0123,0.0351,8.8735
0.378,14.0822,0.0353,8.9174
0.38,14.152,0.0355,8.9612
0.382,14.2218,0.0358,9.005
0.384,14.2915,0.036,9.0487
0.386,14.3612,0.0362,9.0925
0.388,14.4308,0.0364,9.1362
0.39,14.5004,0.0366,9.1798
0.392,14.5699,0.0369,9.2234
0.394,14.6394,0.0371,9.267
0.396,14.7089,0.0373,9.3106
0.398,14.7783,0.0375,9.3541
0.4,14.8477,0.0377,9.3976
0.402,14.917,0.038,9.441
0.404,14.9862,0.0382,9.4845
0.406,15.0555,0.0384,9.5278
0.408,15.1246,0.0386,9.5712
0.41,15.1938,0.0388,9.6145
0.412,15.2629,0.0391,9.6578
0.414,15.3319,0.0393,9.7011
0.416,15.4009,0.0395,9.7443
0.418,15.4699,0.0397,9.7875
0.42,15.5388,0.04,9.8306
0.422,15.6077,0.0402,9.8737
0.424,15.6765,0.0404,9.9168
0.426,15.7453,0.0406,9.9599
0.428,15.814,0.0409,10.0029
0.43,15.8827,0.0411,10.0459
0.432,15.9513,0.0413,10.0889
0.434,16.0199,0.0415,10.1318
0.436,16.0885,0.0418,10.1747
0.438,16.157,0.042,10.2175
0.44,16.2255,0.0422,10.2603
0.442,16.2939,0.0424,10.3031
0.444,16.3623,0.0427,10.3459
0.446,16.4306,0.0429,10.3886
0.448,16.4989,0.0431,10.4313
0.45,16.5671,0.0434,10.474
0.452,16.6354,0.0436,10.5166
0.454,16.7035,0.0438,10.5592
0.456,16.7716,0.044,10.6017
0.458,16.8397,0.0443,10.6442
0.46,16.9077,0.0445,10.6867
0.462,16.9757,0.0447,10.7292
0.464,17.0437,0.045,10.7716
0.466,17.1116,0.0452,10.814
0.468,17.1794,0.0454,10.8564
0.47,17.2472,0.0457,10.8987
0.472,17.315,0.0459,10.941
0.474,17.3827,0.0461,10.9832
0.476,17.4504,0.0463,11.0255
0.478,17.518,0.0466,11.0677
0.48,17.5856,0.0468,11.1098
0.482,17.6532,0.047,11.152
0.484,17.7207,0.0473,11.1941
0.486,17.7882,0.0475,11.2361
0.488,17.8556,0.0477,11.2781
0.49,17.923,0.048,11.3201
0.492,17.9903,0.0482,11.3621
0.494,18.0576,0.0484,11.404
0.496,18.1249,0.0487,11.4459
0.498,18.1921,0.0489,11.4878
0.5,18.2593,0.0491,11.5296
0.502,18.3264,0.0494,11.5714
0.504,18.3935,0.0496,11.6132
0.506,18.4605,0.0499,11.6549
0.508,18.5275,0.0501,11.6966
0.51,18.5945,0.0503,11.7383
0.512,18.6614,0.0506,11.7799
0.514,18.7282,0.0508,11.8215
0.516,18.7951,0.051,11.8631
0.518,18.8619,0.0513,11.9046
0.52,18.9286,0.0515,11.9461
0.522,18.9953,0.0518,11.9876
0.524,19.062,0.052,12.029
0.526,19.1286,0.0522,12.0704
0.528,19.1952,0.0525,12.1118
0.53,19.2617,0.0527,12.1531
0.532,19.3282,0.053,12.1945
0.534,19.3946,0.0532,12.2357
0.536,19.4611,0.0534,12.277
0.538,19.5274,0.0537,12.3182
0.54,19.5937,0.0539,12.3594
0.542,19.66,0.0542,12.4005
0.544,19.7263,0.0544,12.4416
0.546,19.7925,0.0546,12.4827
0.548,19.8586,0.0549,12.5237
0.55,19.9248,0.0551,12.5647
0.552,19.9908,0.0554,12.6057
0.554,20.0569,0.0556,12.6467
0.556,20.1229,0.0559,12.6876
0.558,20.1888,0.0561,12.7285
0.56,20.2547,0.0563,12.7693
0.562,20.3206,0.0566,12.8101
0.564,20.3864,0.0568,12.8509
0.566,20.4522,0.0571,12.8916
0.568,20.518,0.0573,12.9324
0.57,20.5837,0.0576,12.973
0.572,20.6493,0.0578,13.0137
0.574,20.715,0.058,13.0543
0.576,20.7806,0.0583,13.0949
0.578,20.8461,0.0585,13.1355
0.58,20.9116,0.0588,13.176
0.582,20.9771,0.059,13.2165
0.584,21.0425,0.0593,13.2569
0.586,21.1079,0.0595,13.2974
0.588,21.1732,0.0598,13.3377
0.59,21.2385,0.06,13.3781
0.592,21.3038,0.0603,13.4184
0.594,21.369,0.0605,13.4587
0.596,21.4342,0.0608,13.499
0.598,21.4993,0.061,13.5392
0.6,21.5644,0.0613,13.5794
0.602,21.6295,0.0615,13.6196
0.604,21.6945,0.0618,13.6597
0.606,21.7595,0.062,13.6998
0.608,21.8244,0.0623,13.7399
0.61,21.8893,0.0625,13.7799
0.612,21.9542,0.0628,13.8199
0.614,22.019,0.063,13.8599
0.616,22.0838,0.0633,13.8998
0.618,22.1485,0.0635,13.9397
0.62,22.2132,0.0638,13.9796
0.622,22.2779,0.064,14.0194
0.624,22.3425,0.0643,14.0592
0.626,22.4071,0.0645,14.099
0.628,22.4716,0.0648,14.1388
0.63,22.5361,0.065,14.1785
0.632,22.6006,0.0653,14.2181
0.634,22.665,0.0655,14.2578
0.636,22.7294,0.0658,14.2974
0.638,22.7937,0.066,14.337
0.64,22.858,0.0663,14.3765
0.642,22.9223,0.0666,14.416
0.644,22.9865,0.0668,14.4555
0.646,23.0507,0.0671,14.495
0.648,23.1148,0.0673,14.5344
0.65,23.1789,0.0676,14.5738
0.652,23.243,0.0678,14.6131
0.654,23.307,0.0681,14.6525
0.656,23.371,0.0683,14.6918
0.658,23.435,0.0686,14.731
0.66,23.4989,0.0689,14.7702
0.662,23.5628,0.0691,14.8094
0.664,23.6266,0.0694,14.8486
0.666,23.6904,0.0696,14.8877
0.668,23.7542,0.0699,14.9268
0.67,23.8179,0.0701,14.9659
0.672,23.8816,0.0704,15.0049
0.674,23.9452,0.0707,15.0439
0.676,24.0088,0.0709,15.0829
0.678,24.0724,0.0712,15.1218
0.68,24.1359,0.0714,15.1607
0.682,24.1994,0.0717,15.1996
0.684,24.2628,0.072,15.2384
0.686,24.3263,0.0722,15.2772
0.688,24.3896,0.0725,15.316
0.69,24.453,0.0727,15.3548
0.692,24.5163,0.073,15.3935
0.694,24.5795,0.0733,15.4321
0.696,24.6427,0.0735,15.4708
0.698,24.7059,0.0738,15.5094
0.7,24.7691,0.074,15.548
0.702,24.8322,0.0743,15.5865
0.704,24.8952,0.0746,15.6251
0.706,24.9583,0.0748,15.6635
0.708,25.0213,0.0751,15.702
0.71,25.0842,0.0754,15.7404
0.712,25.1471,0.0756,15.7788
0.714,25.21,0.0759,15.8172
0.716,25.2729,0.0761,15.8555
0.718,25.3357,0.0764,15.8938
0.72,25.3984,0.0767,15.932
0.722,25.4612,0.0769,15.9703
0.724,25.5239,0.0772,16.0085
0.726,25.5865,0.0775,16.0466
0.728,25.6491,0.0777,16.0848
0.73,25.7117,0.078,16.1229
0.732,25.7743,0.0783,16.1609
0.734,25.8368,0.0785,16.199
0.736,25.8992,0.0788,16.237
0.738,25.9617,0.0791,16.275
0.74,26.024,0.0793,16.3129
0.742,26.0864,0.0796,16.3508
0.744,26.1487,0.0799,16.3887
0.746,26.211,0.0801,16.4265
0.748,26.2733,0.0804,16.4643
0.75,26.3355,0.0807,16.5021
0.752,26.3976,0.0809,16.5399
0.754,26.4598,0.0812,16.5776
0.756,26.5219,0.0815,16.6153
0.758,26.5839,0.0817,16.6529
0.76,26.646,0.082,16.6906
0.762,26.7079,0.0823,16.7281
0.764,26.7699,0.0826,16.7657
0.766,26.8318,0.0828,16.8032
0.768,26.8937,0.0831,16.8407
0.77,26.9555,0.0834,16.8782
0.772,27.0173,0.0836,16.9156
0.774,27.0791,0.0839,16.953
0.776,27.1408,0.0842,16.9904
0.778,27.2025,0.0844,17.0277
0.78,27.2642,0.0847,17.065
0.782,27.3258,0.085,17.1023
0.784,27.3874,0.0853,17.1395
0.786,27.4489,0.0855,17.1768
0.788,27.5105,0.0858,17.2139
0.79,27.5719,0.0861,17.2511
0.792,27.6334,0.0864,17.2882
0.794,27.6948,0.0866,17.3253
0.796,27.7562,0.0869,17.3623
0.798,27.8175,0.0872,17.3993
0.8,27.8788,0.0874,17.4363
0.802,27.9401,0.0877,17.4733
0.804,28.0013,0.088,17.5102
0.806,28.0625,0.0883,17.5471
0.808,28.1236,0.0885,17.584
0.81,28.1847,0.0888,17.6208
0.812,28.2458,0.0891,17.6576
0.814,28.3069,0.0894,17.6943
0.816,28.3679,0.0896,17.7311
0.818,28.4289,0.0899,17.7678
0.82,28.4898,0.0902,17.8044
0.822,28.5507,0.0905,17.8411
0.824,28.6116,0.0908,17.8777
0.826,28.6724,0.091,17.9143
0.828,28.7332,0.0913,17.9508
0.83,28.794,0.0916,17.9873
0.832,28.8547,0.0919,18.0238
0.834,28.9154,0.0921,18.0602
0.836,28.9761,0.0924,18.0967
0.838,29.0367,0.0927,18.133
0.84,29.0973,0.093,18.1694
0.842,29.1578,0.0933,18.2057
0.844,29.2184,0.0935,18.242
0.846,29.2788,0.0938,18.2783
0.848,29.3393,0.0941,18.3145
0.85,29.3997,0.0944,18.3507
0.852,29.4601,0.0947,18.3869
0.854,29.5204,0.0949,18.423
0.856,29.5807,0.0952,18.4591
0.858,29.641,0.0955,18.4952
0.86,29.7013,0.0958,18.5312
0.862,29.7615,0.0961,18.5672
0.864,29.8216,0.0963,18.6032
0.866,29.8818,0.0966,18.6391
0.868,29.9419,0.0969,18.675
0.87,30.0019,0.0972,18.7109
0.872,30.062,0.0975,18.7468
0.874,30.122,0.0978,18.7826
0.876,30.1819,0.098,18.8184
0.878,30.2419,0.0983,18.8541
0.88,30.3018,0.0986,18.8898
0.882,30.3616,0.0989,18.9255
0.884,30.4214,0.0992,18.9612
0.886,30.4812,0.0995,18.9968
0.888,30.541,0.0997,19.0324
0.89,30.6007,0.1,19.068
0.892,30.6604,0.1003,19.1035
0.8941,30.7215,0.1006,19.1399
0.8961,30.7827,0.1009,19.1763
0.8982,30.8437,0.1012,19.2126
0.9002,30.9048,0.1015,19.2489
0.9023,30.9658,0.1018,19.2851
0.9043,31.0267,0.1021,19.3213
0.9064,31.0877,0.1024,19.3575
0.9084,31.1486,0.1027,19.3937
0.9105,31.2094,0.1029,19.4298
0.9125,31.2703,0.1032,19.4659
0.9146,31.3311,0.1035,19.502
0.9166,31.3918,0.1038,19.538
0.9187,31.4525,0.1041,19.574
0.9207,31.5132,0.1044,19.61
0.9228,31.5739,0.1047,19.6459
0.9248,31.6345,0.105,19.6818
0.9269,31.6951,0.1053,19.7176
0.9289,31.7556,0.1056,19.7535
0.931,31.8161,0.1059,19.7893
0.933,31.8766,0.1062,19.825
0.9351,31.937,0.1065,19.8608
0.9371,31.9974,0.1068,19.8965
0.9392,32.0578,0.1071,19.9321
0.9412,32.1181,0.1074,19.9678
0.9433,32.1784,0.1077,20.0034
0.9453,32.2387,0.108,20.0389
0.9474,32.2989,0.1083,20.0745
0.9494,32.3591,0.1086,20.11
0.9515,32.4193,0.1089,20.1454
0.9535,32.4794,0.1092,20.1809
0.9556,32.5395,0.1095,20.2163
0.9576,32.5996,0.1098,20.2516
0.9597,32.6596,0.1101,20.287
0.9617,32.7196,0.1104,20.3223
0.9638,32.7795,0.1107,20.3575
0.9658,32.8395,0.111,20.3928
0.9679,32.8993,0.1113,20.428
0.9699,32.9592,0.1116,20.4632
0.972,33.019,0.1119,20.4983
0.974,33.0788,0.1122,20.5334
0.9761,33.1385,0.1125,20.5685
0.9781,33.1983,0.1128,20.6035
0.9802,33.2579,0.1131,20.6385
0.9822,33.3176,0.1134,20.6735
0.9843,33.3772,0.1137,20.7085
0.9863,33.4368,0.114,20.7434
0.9884,33.4963,0.1143,20.7782
0.9904,33.5558,0.1146,20.8131
0.9925,33.6153,0.1149,20.8479
0.9945,33.6748,0.1152,20.8827
0.9966,33.7342,0.1155,20.9174
0.9986,33.7935,0.1158,20.9521
1.0007,33.8529,0.1161,20.9868
1.0027,33.9122,0.1164,21.0215
1.0048,33.9715,0.1167,21.0561
1.0068,34.0307,0.117,21.0907
1.0089,34.0899,0.1173,21.1252
1.0109,34.1491,0.1176,21.1598
1.013,34.2082,0.1179,21.1942
1.015,34.2673,0.1182,21.2287
1.0171,34.3264,0.1186,21.2631
1.0191,34.3854,0.1189,21.2975
1.0212,34.4444,0.1192,21.3319
1.0232,34.5034,0.1195,21.3662
1.0253,34.5624,0.1198,21.4005
1.0273,34.6213,0.1201,21.4347
1.0294,34.6801,0.1204,21.469
1.0314,34.739,0.1207,21.5032
1.0335,34.7978,0.121,21.5373
1.0355,34.8566,0.1213,21.5714
1.0376,34.9153,0.1216,21.6055
1.0396,34.974,0.1219,21.6396
1.0417,35.0327,0.1222,21.6736
1.0437,35.0913,0.1225,21.7076
1.0458,35.1499,0.1229,21.7416
1.0478,35.2085,0.1232,21.7755
1.0499,35.2671,0.1235,21.8094
1.0519,35.3256,0.1238,21.8433
1.054,35.3841,0.1241,21.8771
1.056,35.4425,0.1244,21.9109
1.0581,35.5009,0.1247,21.9447
1.0601,35.5593,0.125,21.9784
1.0622,35.6176,0.1253,22.0121
1.0642,35.676,0.1256,22.0458
1.0663,35.7342,0.126,22.0795
1.0683,35.7925,0.1263,22.1131
1.0704,35.8507,0.1266,22.1466
1.0724,35.9089,0.1269,22.1802
1.0745,35.9671,0.1272,22.2137
1.0765,36.0252,0.1275,22.2472
1.0786,36.0833,0.1278,22.2806
1.0806,36.1413,0.1281,22.314
1.0827,36.1994,0.1285,22.3474
1.0847,36.2573,0.1288,22.3808
1.0868,36.3153,0.1291,22.4141
1.0888,36.3732,0.1294,22.4474
1.0909,36.4311,0.1297,22.4806
1.0929,36.489,0.13,22.5138
1.095,36.5468,0.1303,22.547
1.097,36.6046,0.1307,22.5802
1.0991,36.6624,0.131,22.6133
1.1011,36.7201,0.1313,22.6464
1.1032,36.7778,0.1316,22.6795
1.1052,36.8355,0.1319,22.7125
1.1073,36.8932,0.1322,22.7455
1.1093,36.9508,0.1325,22.7784
1.1114,37.0083,0.1329,22.8114
1.1134,37.0659,0.1332,22.8443
1.1155,37.1234,0.1335,22.8771
1.1175,37.1809,0.1338,22.91
1.1196,37.2383,0.1341,22.9428
1.1216,37.2958,0.1344,22.9755
1.1237,37.3532,0.1348,23.0083
1.1257,37.4105,0.1351,23.041
1.1278,37.4678,0.1354,23.0736
1.1298,37.5251,0.1357,23.1063
1.1319,37.5824,0.136,23.1389
1.1339,37.6396,0.1363,23.1714
1.136,37.6968,0.1367,23.204
1.138,37.754,0.137,23.2365
1.1401,37.8111,0.1373,23.269
1.1421,37.8682,0.1376,23.3014
1.1442,37.9253,0.1379,23.3338
1.1462,37.9824,0.1383,23.3662
1.1483,38.0394,0.1386,23.3986
1.1503,38.0964,0.1389,23.4309
1.1524,38.1533,0.1392,23.4632
1.1544,38.2102,0.1395,23.4954
1.1565,38.2671,0.1399,23.5276
1.1585,38.324,0.1402,23.5598
1.1606,38.3808,0.1405,23.592
1.1626,38.4376,0.1408,23.6241
1.1647,38.4944,0.1411,23.6562
1.1667,38.5511,0.1415,23.6882
1.1688,38.6078,0.1418,23.7203
1.1708,38.6645,0.1421,23.7523
1.1729,38.7211,0.1424,23.7842
1.1749,38.7778,0.1428,23.8161
1.177,38.8343,0.1431,23.848
1.179,38.8909,0.1434,23.8799
1.1811,38.9474,0.1437,23.9117
1.1831,39.0039,0.1441,23.9435
1.1852,39.0604,0.1444,23.9753
1.1872,39.1168,0.1447,24.0071
1.1893,39.1732,0.145,24.0388
1.1913,39.2296,0.1453,24.0704
1.1934,39.2859,0.1457,24.1021
1.1954,39.3422,0.146,24.1337
1.1975,39.3985,0.1463,24.1653
1.1995,39.4548,0.1466,24.1968
1.2016,39.511,0.147,24.2283
1.2036,39.5672,0.1473,24.2598
1.2057,39.6233,0.1476,24.2912
1.2077,39.6795,0.1479,24.3227
1.2098,39.7356,0.1483,24.354
1.2118,39.7916,0.1486,24.3854
1.2139,39.8477,0.1489,24.4167
1.2159,39.9037,0.1493,24.448
1.218,39.9597,0.1496,24.4793
1.22,40.0156,0.1499,24.5105
1.2221,40.0715,0.1502,24.5417
1.2241,40.1274,0.1506,24.5728
1.2262,40.1833,0.1509,24.604
1.2282,40.2391,0.1512,24.6351
1.2303,40.2949,0.1515,24.6661
1.2323,40.3507,0.1519,24.6972
1.2344,40.4064,0.1522,24.7282
1.2364,40.4622,0.1525,24.7591
1.2385,40.5178,0.1529,24.7901
1.2405,40.5735,0.1532,24.821
1.2426,40.6291,0.1535,24.8518
1.2446,40.6847,0.1538,24.8827
1.2467,40.7403,0.1542,24.9135
1.2487,40.7958,0.1545,24.9443
1.2508,40.8513,0.1548,24.975
1.2528,40.9068,0.1552,25.0057
1.2549,40.9623,0.1555,25.0364
1.2569,41.0177,0.1558,25.0671
1.259,41.0731,0.1562,25.0977
1.261,41.1284,0.1565,25.1283
1.2631,41.1838,0.1568,25.1588
1.2651,41.2391,0.1571,25.1893
1.2672,41.2943,0.1575,25.2198
1.2692,41.3496,0.1578,25.2503
1.2713,41.4048,0.1581,25.2807
1.2733,41.46,0.1585,25.3111
1.2754,41.5151,0.1588,25.3415
1.2774,41.5703,0.1591,25.3718
1.2795,41.6254,0.1595,25.4021
1.2815,41.6805,0.1598,25.4324
1.2836,41.7355,0.1601,25.4626
1.2856,41.7905,0.1605,25.4928
1.2877,41.8455,0.1608,25.523
1.2897,41.9005,0.1611,25.5531
1.2918,41.9554,0.1615,25.5832
1.2938,42.0103,0.1618,25.6133
1.2959,42.0652,0.1621,25.6433
1.2979,42.12,0.1625,25.6733
1.3,42.1748,0.1628,25.7033
1.302,42.2296,0.1631,25.7333
1.3041,42.2844,0.1635,25.7632
1.3061,42.3391,0.1638,25.7931
1.3082,42.3938,0.1642,25.8229
1.3102,42.4485,0.1645,25.8527
1.3123,42.5031,0.1648,25.8825
1.3143,42.5577,0.1652,25.9123
1.3164,42.6123,0.1655,25.942
1.3184,42.6669,0.1658,25.9717
1.3205,42.7214,0.1662,26.0014
1.3225,42.7759,0.1665,26.031
1.3246,42.8304,0.1668,26.0606
1.3266,42.8848,0.1672,26.0902
1.3287,42.9393,0.1675,26.1197
1.3307,42.9936,0.1679,26.1492
1.3328,43.048,0.1682,26.1787
1.3348,43.1023,0.1685,26.2081
1.3369,43.1566,0.1689,26.2375
1.3389,43.2109,0.1692,26.2669
1.341,43.2652,0.1695,26.2963
1.343,43.3194,0.1699,26.3256
1.3451,43.3736,0.1702,26.3549
1.3471,43.4278,0.1706,26.3841
1.3492,43.4819,0.1709,26.4133
1.3512,43.536,0.1712,26.4425
1.3533,43.5901,0.1716,26.4717
1.3553,43.6442,0.1719,26.5008
1.3574,43.6982,0.1723,26.5299
1.3594,43.7522,0.1726,26.5589
1.3615,43.8062,0.1729,26.588
1.3635,43.8601,0.1733,26.617
1.3656,43.914,0.1736,26.6459
1.3676,43.9679,0.174,26.6749
1.3697,44.0218,0.1743,26.7038
1.3717,44.0756,0.1746,26.7326
1.3738,44.1295,0.175,26.7615
1.3758,44.1832,0.1753,26.7903
1.3779,44.237,0.1757,26.8191
1.3799,44.2907,0.176,26.8478
1.382,44.3444,0.1764,26.8765
1.384,44.3981,0.1767,26.9052
1.3861,44.4517,0.177,26.9339
1.3881,44.5054,0.1774,26.9625
1.3902,44.559,0.1777,26.9911
1.3922,44.6125,0.1781,27.0196
1.3943,44.6661,0.1784,27.0481
1.3963,44.7196,0.1788,27.0766
1.3984,44.7731,0.1791,27.1051
1.4004,44.8265,0.1794,27.1335
1.4025,44.88,0.1798,27.1619
1.4045,44.9334,0.1801,27.1903
1.4066,44.9867,0.1805,27.2186
1.4086,45.0401,0.1808,27.2469
1.4107,45.0934,0.1812,27.2752
1.4127,45.1467,0.1815,27.3034
1.4148,45.2,0.1819,27.3316
1.4168,45.2532,0.1822,27.3598
1.4189,45.3064,0.1826,27.388
1.4209,45.3596,0.1829,27.4161
1.423,45.4128,0.1832,27.4442
1.425,45.4659,0.1836,27.4722
1.4271,45.519,0.1839,27.5002
1.4291,45.5721,0.1843,27.5282
1.4312,45.6252,0.1846,27.5562
1.4332,45.6782,0.185,27.5841
1.4353,45.7312,0.1853,27.612
1.4373,45.7842,0.1857,27.6399
1.4394,45.8372,0.186,27.6677
1.4414,45.8901,0.1864,27.6955
1.4435,45.943,0.1867,27.7233
1.4455,45.9959,0.1871,27.751
1.4476,46.0487,0.1874,27.7787
1.4496,46.1015,0.1878,27.8064
1.4517,46.1543,0.1881,27.834
1.4537,46.2071,0.1885,27.8616
1.4558,46.2598,0.1888,27.8892
1.4578,46.3125,0.1892,27.9167
1.4599,46.3652,0.1895,27.9443
1.4619,46.4179,0.1899,27.9717
1.464,46.4705,0.1902,27.9992
1.466,46.5232,0.1906,28.0266
1.4681,46.5757,0.1909,28.054
1.4701,46.6283,0.1913,28.0814
1.4722,46.6808,0.1916,28.1087
1.4742,46.7333,0.192,28.136
1.4763,46.7858,0.1923,28.1633
1.4783,46.8383,0.1927,28.1905
1.4804,46.8907,0.193,28.2177
1.4824,46.9431,0.1934,28.2449
1.4845,46.9955,0.1937,28.272
1.4865,47.0479,0.1941,28.2991
1.4886,47.1002,0.1944,28.3262
1.4906,47.1525,0.1948,28.3532
1.4927,47.2048,0.1951,28.3803
1.4947,47.257,0.1955,28.4072
1.4968,47.3092,0.1958,28.4342
1.4988,47.3615,0.1962,28.4611
1.5009,47.4136,0.1965,28.488
1.5029,47.4658,0.1969,28.5149
1.505,47.5179,0.1972,28.5417
1.507,47.57,0.1976,28.5685
1.5091,47.6221,0.1979,28.5953
1.5111,47.6741,0.1983,28.622
1.5132,47.7262,0.1987,28.6487
1.5152,47.7782,0.199,28.6754
1.5173,47.8301,0.1994,28.702
1.5193,47.8821,0.1997,28.7286
1.5214,47.934,0.2001,28.7552
1.5234,47.9859,0.2004,28.7817
1.5255,48.0378,0.2008,28.8082
1.5275,48.0896,0.2011,28.8347
1.5296,48.1414,0.2015,28.8612
1.5316,48.1932,0.2018,28.8876
1.5337,48.245,0.2022,28.914
1.5357,48.2968,0.2026,28.9403
1.5378,48.3485,0.2029,28.9667
1.5398,48.4002,0.2033,28.993
1.5419,48.4519,0.2036,29.0192
1.5439,48.5035,0.204,29.0455
1.546,48.5551,0.2043,29.0717
1.548,48.6067,0.2047,29.0978
1.5501,48.6583,0.2051,29.124
1.5521,48.7099,0.2054,29.1501
1.5542,48.7614,0.2058,29.1762
1.5562,48.8129,0.2061,29.2022
1.5583,48.8644,0.2065,29.2282
1.5603,48.9158,0.2068,29.2542
1.5624,48.9672,0.2072,29.2802
1.5644,49.0186,0.2076,29.3061
1.5665,49.07,0.2079,29.332
1.5685,49.1214,0.2083,29.3578
1.5706,49.1727,0.2086,29.3837
1.5726,49.224,0.209,29.4095
1.5747,49.2753,0.2094,29.4352
1.5767,49.3265,0.2097,29.461
1.5788,49.3778,0.2101,29.4867
1.5808,49.429,0.2104,29.5123
1.5829,49.4801,0.2108,29.538
1.5849,49.5313,0.2112,29.5636
1.587,49.5824,0.2115,29.5892
1.589,49.6336,0.2119,29.6147
1.5911,49.6846,0.2122,29.6402
1.5931,49.7357,0.2126,29.6657
1.5952,49.7867,0.213,29.6912
1.5972,49.8377,0.2133,29.7166
1.5993,49.8887,0.2137,29.742
1.6013,49.9397,0.214,29.7673
1.6034,49.9906,0.2144,29.7927
1.6054,50.0416,0.2148,29.818
1.6075,50.0925,0.2151,29.8432
1.6095,50.1433,0.2155,29.8685
1.6116,50.1942,0.2158,29.8937
1.6136,50.245,0.2162,29.9189
1.6157,50.2958,0.2166,29.944
1.6177,50.3466,0.2169,29.9691
1.6198,50.3973,0.2173,29.9942
1.6218,50.448,0.2177,30.0193
1.6239,50.4987,0.218,30.0443
1.6259,50.5494,0.2184,30.0693
1.628,50.6001,0.2188,30.0942
1.63,50.6507,0.2191,30.1191
1.6321,50.7013,0.2195,30.144
1.6341,50.7519,0.2198,30.1689
1.6362,50.8025,0.2202,30.1937
1.6382,50.853,0.2206,30.2185
1.6403,50.9035,0.2209,30.2433
1.6423,50.954,0.2213,30.2681
1.6444,51.0045,0.2217,30.2928
1.6464,51.0549,0.222,30.3174
1.6485,51.1053,0.2224,30.3421
1.6505,51.1557,0.2228,30.3667
1.6526,51.2061,0.2231,30.3913
1.6546,51.2564,0.2235,30.4159
1.6567,51.3068,0.2239,30.4404
1.6587,51.3571,0.2242,30.4649
1.6608,51.4074,0.2246,30.4893
1.6628,51.4576,0.225,30.5138
1.6649,51.5079,0.2253,30.5382
1.6669,51.5581,0.2257,30.5625
1.669,51.6082,0.2261,30.5869
1.671,51.6584,0.2264,30.6112
1.6731,51.7086,0.2268,30.6355
1.6751,51.7587,0.2272,30.6597
1.6772,51.8088,0.2275,30.6839
1.6792,51.8588,0.2279,30.7081
1.6813,51.9089,0.2283,30.7322
1.6833,51.9589,0.2286,30.7564
1.6854,52.0089,0.229,30.7805
1.6874,52.0589,0.2294,30.8045
1.6895,52.1089,0.2297,30.8286
1.6915,52.1588,0.2301,30.8525
1.6936,52.2087,0.2305,30.8765
1.6956,52.2586,0.2308,30.9005
1.6977,52.3085,0.2312,30.9244
1.6997,52.3583,0.2316,30.9482
1.7018,52.4081,0.232,30.9721
1.7038,52.4579,0.2323,30.9959
1.7059,52.5077,0.2327,31.0197
1.7079,52.5575,0.2331,31.0434
1.71,52.6072,0.2334,31.0671
1.712,52.6569,0.2338,31.0908
1.714,52.7066,0.2342,31.1145
1.7161,52.7562,0.2345,31.1381
1.7181,52.8059,0.2349,31.1617
1.7202,52.8555,0.2353,31.1853
1.7222,52.9051,0.2357,31.2088
1.7243,52.9547,0.236,31.2323
1.7263,53.0042,0.2364,31.2558
1.7284,53.0537,0.2368,31.2792
1.7304,53.1033,0.2371,31.3027
1.7325,53.1527,0.2375,31.326
1.7345,53.2022,0.2379,31.3494
1.7366,53.2516,0.2383,31.3727
1.7386,53.3011,0.2386,31.396
1.7407,53.3505,0.239,31.4192
1.7427,53.3998,0.2394,31.4425
1.7448,53.4492,0.2398,31.4657
1.7468,53.4985,0.2401,31.4888
1.7489,53.5478,0.2405,31.512
1.7509,53.5971,0.2409,31.5351
1.753,53.6464,0.2412,31.5582
1.755,53.6956,0.2416,31.5812
1.7571,53.7448,0.242,31.6042
1.7591,53.794,0.2424,31.6272
1.7612,53.8432,0.2427,31.6501
1.7632,53.8923,0.2431,31.6731
1.7653,53.9415,0.2435,31.6959
1.7673,53.9906,0.2439,31.7188
1.7694,54.0397,0.2442,31.7416
1.7714,54.0887,0.2446,31.7644
1.7735,54.1378,0.245,31.7872
1.7755,54.1868,0.2454,31.8099
1.7776,54.2358,0.2457,31.8326
1.7796,54.2848,0.2461,31.8553
1.7817,54.3337,0.2465,31.8779
1.7837,54.3827,0.2469,31.9006
1.7858,54.4316,0.2473,31.9231
1.7878,54.4805,0.2476,31.9457
1.7899,54.5293,0.248,31.9682
1.7919,54.5782,0.2484,31.9907
1.794,54.627,0.2488,32.0132
1.796,54.6758,0.2491,32.0356
1.7981,54.7246,0.2495,32.058
1.8001,54.7734,0.2499,32.0804
1.8022,54.8221,0.2503,32.1027
1.8042,54.8708,0.2506,32.125
1.8063,54.9195,0.251,32.1473
1.8083,54.9682,0.2514,32.1695
1.8104,55.0169,0.2518,32.1917
1.8124,55.0655,0.2522,32.2139
1.8145,55.1141,0.2525,32.2361
1.8165,55.1627,0.2529,32.2582
1.8186,55.2113,0.2533,32.2803
1.8206,55.2598,0.2537,32.3023
1.8227,55.3083,0.254,32.3244
1.8247,55.3569,0.2544,32.3464
1.8268,55.4053,0.2548,32.3683
1.8288,55.4538,0.2552,32.3903
1.8309,55.5023,0.2556,32.4122
1.8329,55.5507,0.2559,32.434
1.835,55.5991,0.2563,32.4559
1.837,55.6475,0.2567,32.4777
1.8391,55.6958,0.2571,32.4995
1.8411,55.7442,0.2575,32.5212
1.8432,55.7925,0.2578,32.543
1.8452,55.8408,0.2582,32.5647
1.8473,55.889,0.2586,32.5863
1.8493,55.9373,0.259,32.608
1.8514,55.9855,0.2594,32.6296
1.8534,56.0338,0.2598,32.6511
1.8555,56.0819,0.2601,32.6727
1.8575,56.1301,0.2605,32.6942
1.8596,56.1783,0.2609,32.7157
1.8616,56.2264,0.2613,32.7371
1.8637,56.2745,0.2617,32.7585
1.8657,56.3226,0.262,32.7799
1.8678,56.3707,0.2624,32.8013
1.8698,56.4187,0.2628,32.8226
1.8719,56.4667,0.2632,32.8439
1.8739,56.5148,0.2636,32.8651
1.876,56.5627,0.264,32.8864
1.878,56.6107,0.2643,32.9076
1.8801,56.6587,0.2647,32.9288
1.8821,56.7066,0.2651,32.9499
1.8842,56.7545,0.2655,32.971
1.8862,56.8024,0.2659,32.9921
1.8883,56.8502,0.2663,33.0131
1.8903,56.8981,0.2666,33.0342
1.8924,56.9459,0.267,33.0552
1.8944,56.9937,0.2674,33.0761
1.8965,57.0415,0.2678,33.097
1.8985,57.0892,0.2682,33.1179
1.9006,57.137,0.2686,33.1388
1.9026,57.1847,0.269,33.1596
1.9047,57.2324,0.2693,33.1805
1.9067,57.2801,0.2697,33.2012
1.9088,57.3278,0.2701,33.222
1.9108,57.3754,0.2705,33.2427
1.9129,57.423,0.2709,33.2634
1.9149,57.4706,0.2713,33.284
1.917,57.5182,0.2716,33.3047
1.919,57.5658,0.272,33.3252
1.9211,57.6133,0.2724,33.3458
1.9231,57.6608,0.2728,33.3663
1.9252,57.7083,0.2732,33.3868
1.9272,57.7558,0.2736,33.4073
1.9293,57.8033,0.274,33.4278
1.9313,57.8507,0.2744,33.4482
1.9334,57.8981,0.2747,33.4685
1.9354,57.9455,0.2751,33.4889
1.9375,57.9929,0.2755,33.5092
1.9395,58.0403,0.2759,33.5295
1.9416,58.0876,0.2763,33.5498
1.9436,58.135,0.2767,33.57
1.9457,58.1823,0.2771,33.5902
1.9477,58.2295,0.2775,33.6104
1.9498,58.2768,0.2778,33.6305
1.9518,58.324,0.2782,33.6506
1.9539,58.3713,0.2786,33.6707
1.9559,58.4185,0.279,33.6907
1.958,58.4657,0.2794,33.7107
1.96,58.5128,0.2798,33.7307
1.9621,58.56,0.2802,33.7507
1.9641,58.6071,0.2806,33.7706
1.9662,58.6542,0.281,33.7905
1.9682,58.7013,0.2813,33.8104
1.9703,58.7484,0.2817,33.8302
1.9723,58.7954,0.2821,33.85
1.9744,58.8424,0.2825,33.8698
1.9764,58.8895,0.2829,33.8895
1.9785,58.9365,0.2833,33.9092
1.9805,58.9834,0.2837,33.9289
1.9826,59.0304,0.2841,33.9485
1.9846,59.0773,0.2845,33.9682
1.9867,59.1242,0.2849,33.9878
1.9887,59.1711,0.2853,34.0073
1.9908,59.218,0.2856,34.0268
1.9928,59.2649,0.286,34.0463
1.9949,59.3117,0.2864,34.0658
1.9969,59.3585,0.2868,34.0852
1.999,59.4053,0.2872,34.1047
2.001,59.4521,0.2876,34.124
2.0031,59.4988,0.288,34.1434
2.0051,59.5456,0.2884,34.1627
2.0072,59.5923,0.2888,34.182
2.0092,59.639,0.2892,34.2012
2.0113,59.6857,0.2896,34.2205
2.0133,59.7324,0.29,34.2397
2.0154,59.779,0.2904,34.2588
2.0174,59.8256,0.2907,34.278
2.0195,59.8723,0.2911,34.2971
2.0215,59.9188,0.2915,34.3161
2.0236,59.9654,0.2919,34.3352
2.0256,60.012,0.2923,34.3542
2.0277,60.0585,0.2927,34.3732
2.0297,60.105,0.2931,34.3921
2.0318,60.1515,0.2935,34.4111
2.0338,60.198,0.2939,34.43
2.0359,60.2445,0.2943,34.4488
2.0379,60.2909,0.2947,34.4676
2.04,60.3373,0.2951,34.4864
2.042,60.3837,0.2955,34.5052
2.0441,60.4301,0.2959,34.524
2.0461,60.4765,0.2963,34.5427
2.0482,60.5228,0.2967,34.5614
2.0502,60.5692,0.2971,34.58
2.0523,60.6155,0.2975,34.5986
2.0543,60.6618,0.2978,34.6172
2.0564,60.708,0.2982,34.6358
2.0584,60.7543,0.2986,34.6543
2.0605,60.8005,0.299,34.6728
2.0625,60.8467,0.2994,34.6913
2.0646,60.8929,0.2998,34.7097
2.0666,60.9391,0.3002,34.7281
2.0687,60.9853,0.3006,34.7465
2.0707,61.0314,0.301,34.7648
2.0728,61.0776,0.3014,34.7832
2.0748,61.1237,0.3018,34.8014
2.0769,61.1698,0.3022,34.8197
2.0789,61.2158,0.3026,34.8379
2.081,61.2619,0.303,34.8561
2.083,61.3079,0.3034,34.8743
2.0851,61.3539,0.3038,34.8924
2.0871,61.3999,0.3042,34.9105
2.0892,61.4459,0.3046,34.9286
2.0912,61.4919,0.305,34.9467
2.0933,61.5378,0.3054,34.9647
2.0953,61.5838,0.3058,34.9827
2.0974,61.6297,0.3062,35.0006
2.0994,61.6756,0.3066,35.0185
2.1015,61.7214,0.307,35.0364
2.1035,61.7673,0.3074,35.0543
2.1056,61.8131,0.3078,35.0721
2.1076,61.859,0.3082,35.0899
2.1097,61.9048,0.3086,35.1077
2.1117,61.9505,0.309,35.1255
2.1138,61.9963,0.3094,35.1432
2.1158,62.0421,0.3098,35.1609
2.1179,62.0878,0.3102,35.1785
2.1199,62.1335,0.3106,35.1961
2.122,62.1792,0.311,35.2137
2.124,62.2249,0.3114,35.2313
2.1261,62.2705,0.3118,35.2488
2.1281,62.3162,0.3122,35.2663
2.1302,62.3618,0.3126,35.2838
2.1322,62.4074,0.313,35.3013
2.1343,62.453,0.3134,35.3187
2.1363,62.4986,0.3138,35.336
2.1384,62.5441,0.3142,35.3534
2.1404,62.5897,0.3146,35.3707
2.1425,62.6352,0.315,35.388
2.1445,62.6807,0.3154,35.4053
2.1466,62.7262,0.3158,35.4225
2.1486,62.7716,0.3162,35.4397
2.1507,62.8171,0.3166,35.4569
2.1527,62.8625,0.317,35.474
2.1548,62.9079,0.3174,35.4911
2.1568,62.9533,0.3178,35.5082
2.1589,62.9987,0.3182,35.5253
2.1609,63.0441,0.3186,35.5423
2.163,63.0894,0.319,35.5593
2.165,63.1347,0.3194,35.5762
2.1671,63.18,0.3198,35.5932
2.1691,63.2253,0.3202,35.6101
2.1712,63.2706,0.3206,35.627
2.1732,63.3159,0.321,35.6438
2.1753,63.3611,0.3214,35.6606
2.1773,63.4063,0.3218,35.6774
2.1794,63.4515,0.3223,35.6941
2.1814,63.4967,0.3227,35.7109
2.1835,63.5419,0.3231,35.7275
2.1855,63.5871,0.3235,35.7442
2.1876,63.6322,0.3239,35.7608
2.1896,63.6773,0.3243,35.7774
2.1917,63.7224,0.3247,35.794
2.1937,63.7675,0.3251,35.8106
2.1958,63.8126,0.3255,35.8271
2.1978,63.8576,0.3259,35.8435
2.1999,63.9027,0.3263,35.86
2.2019,63.9477,0.3267,35.8764
2.204,63.9927,0.3271,35.8928
2.206,64.0377,0.3275,35.9092
2.2081,64.0827,0.3279,35.9255
2.2101,64.1276,0.3283,35.9418
2.2122,64.1725,0.3287,35.9581
2.2142,64.2175,0.3291,35.9743
2.2163,64.2624,0.3296,35.9905
2.2183,64.3072,0.33,36.0067
2.2204,64.3521,0.3304,36.0228
2.2224,64.397,0.3308,36.039
2.2245,64.4418,0.3312,36.0551
2.2265,64.4866,0.3316,36.0711
2.2286,64.5314,0.332,36.0872
2.2306,64.5762,0.3324,36.1032
2.2327,64.621,0.3328,36.1191
2.2347,64.6657,0.3332,36.1351
2.2368,64.7105,0.3336,36.151
2.2388,64.7552,0.334,36.1669
2.2409,64.7999,0.3344,36.1827
2.2429,64.8446,0.3349,36.1985
2.245,64.8892,0.3353,36.2143
2.247,64.9339,0.3357,36.2301
2.2491,64.9785,0.3361,36.2458
2.2511,65.0232,0.3365,36.2615
2.2532,65.0678,0.3369,36.2772
2.2552,65.1123,0.3373,36.2928
2.2573,65.1569,0.3377,36.3084
2.2593,65.2015,0.3381,36.324
2.2614,65.246,0.3385,36.3396
2.2634,65.2905,0.3389,36.3551
2.2655,65.335,0.3394,36.3706
2.2675,65.3795,0.3398,36.386
2.2696,65.424,0.3402,36.4015
2.2716,65.4685,0.3406,36.4169
2.2737,65.5129,0.341,36.4322
2.2757,65.5573,0.3414,36.4476
2.2778,65.6017,0.3418,36.4629
2.2798,65.6461,0.3422,36.4782
2.2819,65.6905,0.3426,36.4934
2.2839,65.7349,0.343,36.5087
2.286,65.7792,0.3435,36.5238
2.288,65.8235,0.3439,36.539
2.2901,65.8678,0.3443,36.5541
2.2921,65.9121,0.3447,36.5692
2.2942,65.9564,0.3451,36.5843
2.2962,66.0007,0.3455,36.5994
2.2983,66.0449,0.3459,36.6144
2.3003,66.0892,0.3463,36.6294
2.3024,66.1334,0.3468,36.6443
2.3044,66.1776,0.3472,36.6592
2.3065,66.2218,0.3476,36.6741
2.3085,66.2659,0.348,36.689
2.3106,66.3101,0.3484,36.7038
2.3126,66.3542,0.3488,36.7186
2.3147,66.3984,0.3492,36.7334
2.3167,66.4425,0.3496,36.7481
2.3188,66.4865,0.3501,36.7629
2.3208,66.5306,0.3505,36.7775
2.3229,66.5747,0.3509,36.7922
2.3249,66.6187,0.3513,36.8068
2.327,66.6628,0.3517,36.8214
2.329,66.7068,0.3521,36.836
2.3311,66.7508,0.3525,36.8505
2.3331,66.7947,0.3529,36.865
2.3352,66.8387,0.3534,36.8795
2.3372,66.8827,0.3538,36.8939
2.3393,66.9266,0.3542,36.9084
2.3413,66.9705,0.3546,36.9227
2.3434,67.0144,0.355,36.9371
2.3454,67.0583,0.3554,36.9514
2.3475,67.1022,0.3559,36.9657
2.3495,67.146,0.3563,36.98
2.3516,67.1899,0.3567,36.9942
2.3536,67.2337,0.3571,37.0084
2.3557,67.2775,0.3575,37.0226
2.3577,67.3213,0.3579,37.0368
2.3598,67.3651,0.3583,37.0509
2.3618,67.4088,0.3588,37.065
2.3639,67.4526,0.3592,37.079
2.3659,67.4963,0.3596,37.0931
2.368,67.54,0.36,37.1071
2.37,67.5837,0.3604,37.121
2.3721,67.6274,0.3608,37.135
2.3741,67.6711,0.3613,37.1489
2.3762,67.7148,0.3617,37.1627
2.3782,67.7584,0.3621,37.1766
2.3803,67.802,0.3625,37.1904
2.3823,67.8456,0.3629,37.2042
2.3844,67.8892,0.3633,37.218
2.3864,67.9328,0.3638,37.2317
2.3885,67.9764,0.3642,37.2454
2.3905,68.0199,0.3646,37.2591
2.3926,68.0635,0.365,37.2727
2.3946,68.107,0.3654,37.2863
2.3967,68.1505,0.3658,37.2999
2.3987,68.194,0.3663,37.3135
2.4008,68.2375,0.3667,37.327
2.4028,68.2809,0.3671,37.3405
2.4049,68.3244,0.3675,37.3539
2.4069,68.3678,0.3679,37.3674
2.409,68.4112,0.3684,37.3808
2.411,68.4546,0.3688,37.3941
2.4131,68.498,0.3692,37.4075
2.4151,68.5414,0.3696,37.4208
2.4172,68.5847,0.37,37.4341
2.4192,68.6281,0.3705,37.4473
2.4213,68.6714,0.3709,37.4606
2.4233,68.7147,0.3713,37.4738
2.4254,68.758,0.3717,37.4869
2.4274,68.8013,0.3721,37.5001
2.4295,68.8446,0.3726,37.5132
2.4315,68.8878,0.373,37.5262
2.4336,68.9311,0.3734,37.5393
2.4356,68.9743,0.3738,37.5523
2.4377,69.0175,0.3742,37.5653
2.4397,69.0607,0.3747,37.5782
2.4418,69.1039,0.3751,37.5912
2.4438,69.147,0.3755,37.6041
2.4459,69.1902,0.3759,37.6169
2.4479,69.2333,0.3763,37.6298
2.45,69.2765,0.3768,37.6426
2.452,69.3196,0.3772,37.6554
2.4541,69.3627,0.3776,37.6681
2.4561,69.4057,0.378,37.6808
2.4582,69.4488,0.3784,37.6935
2.4602,69.4919,0.3789,37.7062
2.4623,69.5349,0.3793,37.7188
2.4643,69.5779,0.3797,37.7314
2.4664,69.6209,0.3801,37.744
2.4684,69.6639,0.3806,37.7565
2.4705,69.7069,0.381,37.769
2.4725,69.7499,0.3814,37.7815
2.4746,69.7928,0.3818,37.794
2.4766,69.8358,0.3822,37.8064
2.4787,69.8787,0.3827,37.8188
2.4807,69.9216,0.3831,37.8312
2.4828,69.9645,0.3835,37.8435
2.4848,70.0074,0.3839,37.8558
2.4869,70.0502,0.3844,37.8681
2.4889,70.0931,0.3848,37.8803
2.491,70.1359,0.3852,37.8925
2.493,70.1787,0.3856,37.9047
2.4951,70.2215,0.3861,37.9169
2.4971,70.2643,0.3865,37.929
2.4992,70.3071,0.3869,37.9411
2.5012,70.3499,0.3873,37.9532
2.5033,70.3926,0.3878,37.9652
2.5053,70.4354,0.3882,37.9772
2.5074,70.4781,0.3886,37.9892
2.5094,70.5208,0.389,38.0012
2.5115,70.5635,0.3895,38.0131
2.5135,70.6062,0.3899,38.025
2.5156,70.6489,0.3903,38.0368
2.5176,70.6915,0.3907,38.0487
2.5197,70.7341,0.3912,38.0605
2.5217,70.7768,0.3916,38.0722
2.5238,70.8194,0.392,38.084
2.5258,70.862,0.3924,38.0957
2.5279,70.9046,0.3929,38.1074
2.5299,70.9471,0.3933,38.119
2.532,70.9897,0.3937,38.1306
2.534,71.0322,0.3941,38.1422
2.5361,71.0748,0.3946,38.1538
2.5381,71.1173,0.395,38.1653
2.5402,71.1598,0.3954,38.1768
2.5422,71.2023,0.3958,38.1883
2.5443,71.2448,0.3963,38.1998
2.5463,71.2872,0.3967,38.2112
2.5484,71.3297,0.3971,38.2226
2.5504,71.3721,0.3975,38.2339
2.5525,71.4145,0.398,38.2452
2.5545,71.4569,0.3984,38.2565
2.5566,71.4993,0.3988,38.2678
2.5586,71.5417,0.3993,38.2791
2.5607,71.5841,0.3997,38.2903
2.5627,71.6264,0.4001,38.3014
2.5648,71.6688,0.4005,38.3126
2.5668,71.7111,0.401,38.3237
2.5689,71.7534,0.4014,38.3348
2.5709,71.7957,0.4018,38.3459
2.573,71.838,0.4023,38.3569
2.575,71.8803,0.4027,38.3679
2.5771,71.9225,0.4031,38.3789
2.5791,71.9648,0.4035,38.3898
2.5812,72.007,0.404,38.4007
2.5832,72.0492,0.4044,38.4116
2.5853,72.0914,0.4048,38.4225
2.5873,72.1336,0.4053,38.4333
2.5894,72.1758,0.4057,38.4441
2.5914,72.218,0.4061,38.4549
2.5935,72.2601,0.4065,38.4656
2.5955,72.3023,0.407,38.4763
2.5976,72.3444,0.4074,38.487
2.5996,72.3865,0.4078,38.4976
2.6017,72.4286,0.4083,38.5083
2.6037,72.4707,0.4087,38.5188
2.6058,72.5128,0.4091,38.5294
2.6078,72.5548,0.4096,38.5399
2.6099,72.5969,0.41,38.5504
2.6119,72.6389,0.4104,38.5609
2.614,72.6809,0.4108,38.5714
2.616,72.723,0.4113,38.5818
2.6181,72.7649,0.4117,38.5922
2.6201,72.8069,0.4121,38.6025
2.6222,72.8489,0.4126,38.6128
2.6242,72.8909,0.413,38.6231
2.6263,72.9328,0.4134,38.6334
2.6283,72.9747,0.4139,38.6436
2.6304,73.0167,0.4143,38.6538
2.6324,73.0586,0.4147,38.664
2.6345,73.1004,0.4152,38.6742
2.6365,73.1423,0.4156,38.6843
2.6386,73.1842,0.416,38.6944
2.6406,73.226,0.4165,38.7044
2.6427,73.2679,0.4169,38.7145
2.6447,73.3097,0.4173,38.7245
2.6468,73.3515,0.4178,38.7344
2.6488,73.3933,0.4182,38.7444
2.6509,73.4351,0.4186,38.7543
2.6529,73.4769,0.4191,38.7642
2.655,73.5187,0.4195,38.774
2.657,73.5604,0.4199,38.7838
2.6591,73.6022,0.4204,38.7936
2.6611,73.6439,0.4208,38.8034
2.6632,73.6856,0.4212,38.8131
2.6652,73.7273,0.4217,38.8228
2.6673,73.769,0.4221,38.8325
2.6693,73.8107,0.4225,38.8422
2.6714,73.8523,0.423,38.8518
2.6734,73.894,0.4234,38.8614
2.6755,73.9356,0.4238,38.8709
2.6775,73.9772,0.4243,38.8805
2.6796,74.0189,0.4247,38.89
2.6816,74.0605,0.4251,38.8994
2.6837,74.102,0.4256,38.9089
2.6857,74.1436,0.426,38.9183
2.6878,74.1852,0.4264,38.9277
2.6898,74.2267,0.4269,38.937
2.6919,74.2683,0.4273,38.9463
2.6939,74.3098,0.4277,38.9556
2.696,74.3513,0.4282,38.9649
2.698,74.3928,0.4286,38.9741
2.7001,74.4343,0.429,38.9833
2.7021,74.4758,0.4295,38.9925
2.7042,74.5172,0.4299,39.0017
2.7062,74.5587,0.4303,39.0108
2.7083,74.6001,0.4308,39.0199
2.7103,74.6416,0.4312,39.0289
2.7124,74.683,0.4317,39.038
2.7144,74.7244,0.4321,39.047
2.7165,74.7658,0.4325,39.0559
2.7185,74.8072,0.433,39.0649
2.7206,74.8485,0.4334,39.0738
2.7226,74.8899,0.4338,39.0827
2.7247,74.9312,0.4343,39.0915
2.7267,74.9726,0.4347,39.1004
2.7288,75.0139,0.4352,39.1091
2.7308,75.0552,0.4356,39.1179
2.7329,75.0965,0.436,39.1266
2.7349,75.1378,0.4365,39.1354
2.737,75.179,0.4369,39.144
2.739,75.2203,0.4373,39.1527
2.7411,75.2615,0.4378,39.1613
2.7431,75.3028,0.4382,39.1699
2.7452,75.344,0.4387,39.1785
2.7472,75.3852,0.4391,39.187
2.7493,75.4264,0.4395,39.1955
2.7513,75.4676,0.44,39.204
2.7534,75.5088,0.4404,39.2124
2.7554,75.5499,0.4408,39.2208
2.7575,75.5911,0.4413,39.2292
2.7595,75.6322,0.4417,39.2376
2.7616,75.6733,0.4422,39.2459
2.7636,75.7144,0.4426,39.2542
2.7657,75.7555,0.443,39.2624
2.7677,75.7966,0.4435,39.2707
2.7698,75.8377,0.4439,39.2789
2.7718,75.8788,0.4444,39.2871
2.7739,75.9198,0.4448,39.2952
2.7759,75.9609,0.4452,39.3033
2.778,76.0019,0.4457,39.3114
2.78,76.0429,0.4461,39.3195
2.7821,76.084,0.4466,39.3275
2.7841,76.1249,0.447,39.3355
2.7862,76.1659,0.4474,39.3435
2.7882,76.2069,0.4479,39.3514
2.7903,76.2479,0.4483,39.3594
2.7923,76.2888,0.4488,39.3673
2.7944,76.3298,0.4492,39.3751
2.7964,76.3707,0.4496,39.3829
2.7985,76.4116,0.4501,39.3907
2.8005,76.4525,0.4505,39.3985
2.8026,76.4934,0.451,39.4062
2.8046,76.5343,0.4514,39.414
2.8067,76.5752,0.4518,39.4216
2.8087,76.616,0.4523,39.4293
2.8108,76.6569,0.4527,39.4369
2.8128,76.6977,0.4532,39.4445
2.8149,76.7385,0.4536,39.4521
2.8169,76.7793,0.4541,39.4596
2.819,76.8201,0.4545,39.4671
2.821,76.8609,0.4549,39.4746
2.8231,76.9017,0.4554,39.482
2.8251,76.9425,0.4558,39.4895
2.8272,76.9832,0.4563,39.4968
2.8292,77.024,0.4567,39.5042
2.8313,77.0647,0.4571,39.5115
2.8333,77.1054,0.4576,39.5188
2.8354,77.1461,0.458,39.5261
2.8374,77.1868,0.4585,39.5333
2.8395,77.2275,0.4589,39.5406
2.8415,77.2682,0.4594,39.5477
2.8436,77.3089,0.4598,39.5549
2.8456,77.3495,0.4602,39.562
2.8477,77.3902,0.4607,39.5691
2.8497,77.4308,0.4611,39.5762
2.8518,77.4714,0.4616,39.5832
2.8538,77.512,0.462,39.5902
2.8559,77.5526,0.4625,39.5972
2.8579,77.5932,0.4629,39.6042
2.86,77.6338,0.4634,39.6111
2.862,77.6744,0.4638,39.618
2.8641,77.7149,0.4642,39.6248
2.8661,77.7555,0.4647,39.6317
2.8682,77.796,0.4651,39.6385
2.8702,77.8365,0.4656,39.6453
2.8723,77.877,0.466,39.652
2.8743,77.9175,0.4665,39.6587
2.8764,77.958,0.4669,39.6654
2.8784,77.9985,0.4674,39.6721
2.8805,78.039,0.4678,39.6787
2.8825,78.0794,0.4682,39.6853
2.8846,78.1199,0.4687,39.6919
2.8866,78.1603,0.4691,39.6984
2.8887,78.2007,0.4696,39.7049
2.8907,78.2412,0.47,39.7114
2.8928,78.2816,0.4705,39.7179
2.8948,78.3219,0.4709,39.7243
2.8969,78.3623,0.4714,39.7307
2.8989,78.4027,0.4718,39.7371
2.901,78.4431,0.4723,39.7434
2.903,78.4834,0.4727,39.7497
2.9051,78.5237,0.4731,39.756
2.9071,78.5641,0.4736,39.7622
2.9092,78.6044,0.474,39.7684
2.9112,78.6447,0.4745,39.7746
2.9133,78.685,0.4749,39.7808
2.9153,78.7253,0.4754,39.7869
2.9174,78.7655,0.4758,39.793
2.9194,78.8058,0.4763,39.7991
2.9215,78.8461,0.4767,39.8052
2.9235,78.8863,0.4772,39.8112
2.9256,78.9265,0.4776,39.8172
2.9276,78.9668,0.4781,39.8231
2.9297,79.007,0.4785,39.8291
2.9317,79.0472,0.479,39.835
2.9338,79.0874,0.4794,39.8408
2.9358,79.1275,0.4799,39.8467
2.9379,79.1677,0.4803,39.8525
2.9399,79.2079,0.4808,39.8583
2.942,79.248,0.4812,39.864
2.944,79.2881,0.4816,39.8698
2.9461,79.3283,0.4821,39.8754
2.9481,79.3684,0.4825,39.8811
2.9502,79.4085,0.483,39.8868
2.9522,79.4486,0.4834,39.8924
2.9543,79.4887,0.4839,39.8979
2.9563,79.5287,0.4843,39.9035
2.9584,79.5688,0.4848,39.909
2.9604,79.6089,0.4852,39.9145
2.9625,79.6489,0.4857,39.92
2.9645,79.6889,0.4861,39.9254
2.9666,79.729,0.4866,39.9308
2.9686,79.769,0.487,39.9362
2.9707,79.809,0.4875,39.9415
2.9727,79.849,0.4879,39.9469
2.9748,79.889,0.4884,39.9522
2.9768,79.9289,0.4888,39.9574
2.9789,79.9689,0.4893,39.9626
2.9809,80.0088,0.4897,39.9678
2.983,80.0488,0.4902,39.973
2.985,80.0887,0.4906,39.9782
2.9871,80.1286,0.4911,39.9833
2.9891,80.1685,0.4915,39.9884
2.9912,80.2084,0.492,39.9934
2.9932,80.2483,0.4924,39.9984
2.9953,80.2882,0.4929,40.0034
2.9973,80.3281,0.4933,40.0084
2.9994,80.3679,0.4938,40.0134
3.0014,80.4078,0.4942,40.0183
3.0035,80.4476,0.4947,40.0232
3.0055,80.4875,0.4951,40.028
3.0076,80.5273,0.4956,40.0328
3.0096,80.5671,0.4961,40.0376
3.0117,80.6069,0.4965,40.0424
3.0137,80.6467,0.497,40.0471
3.0158,80.6865,0.4974,40.0518
3.0178,80.7262,0.4979,40.0565
3.0199,80.766,0.4983,40.0612
3.0219,80.8058,0.4988,40.0658
3.024,80.8455,0.4992,40.0704
3.026,80.8852,0.4997,40.0749
3.0281,80.9249,0.5001,40.0795
3.0301,80.9647,0.5006,40.084
3.0322,81.0044,0.501,40.0885
3.0342,81.0441,0.5015,40.0929
3.0363,81.0837,0.5019,40.0973
3.0383,81.1234,0.5024,40.1017
3.0404,81.1631,0.5028,40.1061
3.0424,81.2027,0.5033,40.1104
3.0445,81.2424,0.5037,40.1147
3.0465,81.282,0.5042,40.119
3.0486,81.3216,0.5047,40.1232
3.0506,81.3612,0.5051,40.1274
3.0527,81.4008,0.5056,40.1316
3.0547,81.4404,0.506,40.1358
3.0568,81.48,0.5065,40.1399
3.0588,81.5196,0.5069,40.144
3.0609,81.5592,0.5074,40.1481
3.0629,81.5987,0.5078,40.1521
3.065,81.6383,0.5083,40.1561
3.067,81.6778,0.5087,40.1601
3.0691,81.7173,0.5092,40.1641
3.0711,81.7569,0.5096,40.168
3.0732,81.7964,0.5101,40.1719
3.0752,81.8359,0.5106,40.1758
3.0773,81.8753,0.511,40.1796
3.0793,81.9148,0.5115,40.1834
3.0814,81.9543,0.5119,40.1872
3.0834,81.9938,0.5124,40.191
3.0855,82.0332,0.5128,40.1947
3.0875,82.0727,0.5133,40.1984
3.0896,82.1121,0.5137,40.202
3.0916,82.1515,0.5142,40.2057
3.0937,82.1909,0.5147,40.2093
3.0957,82.2303,0.5151,40.2129
3.0978,82.2697,0.5156,40.2164
3.0998,82.3091,0.516,40.2199
3.1019,82.3485,0.5165,40.2234
3.1039,82.3879,0.5169,40.2269
3.106,82.4272,0.5174,40.2303
3.108,82.4666,0.5178,40.2337
3.1101,82.5059,0.5183,40.2371
3.1121,82.5452,0.5188,40.2404
3.1142,82.5846,0.5192,40.2438
3.1162,82.6239,0.5197,40.247
3.1183,82.6632,0.5201,40.2503
3.1203,82.7025,0.5206,40.2535
3.1224,82.7417,0.521,40.2567
3.1244,82.781,0.5215,40.2599
3.1265,82.8203,0.522,40.2631
3.1285,82.8595,0.5224,40.2662
3.1306,82.8988,0.5229,40.2693
3.1326,82.938,0.5233,40.2723
3.1347,82.9773,0.5238,40.2753
3.1367,83.0165,0.5242,40.2783
3.1388,83.0557,0.5247,40.2813
3.1408,83.0949,0.5252,40.2843
3.1429,83.1341,0.5256,40.2872
3.1449,83.1733,0.5261,40.2901
3.147,83.2124,0.5265,40.2929
3.149,83.2516,0.527,40.2957
3.1511,83.2908,0.5275,40.2985
3.1531,83.3299,0.5279,40.3013
3.1552,83.3691,0.5284,40.304
3.1572,83.4082,0.5288,40.3067
3.1593,83.4473,0.5293,40.3094
3.1613,83.4864,0.5297,40.3121
3.1634,83.5255,0.5302,40.3147
3.1654,83.5646,0.5307,40.3173
3.1675,83.6037,0.5311,40.3199
3.1695,83.6428,0.5316,40.3224
3.1716,83.6819,0.532,40.3249
3.1736,83.7209,0.5325,40.3274
3.1757,83.76,0.533,40.3298
3.1777,83.799,0.5334,40.3323
3.1798,83.838,0.5339,40.3347
3.1818,83.8771,0.5343,40.337
3.1839,83.9161,0.5348,40.3394
3.1859,83.9551,0.5353,40.3417
3.188,83.9941,0.5357,40.3439
3.19,84.0331,0.5362,40.3462
3.1921,84.072,0.5366,40.3484
3.1941,84.111,0.5371,40.3506
3.1962,84.15,0.5376,40.3528
3.1982,84.1889,0.538,40.3549
3.2003,84.2279,0.5385,40.357
3.2023,84.2668,0.5389,40.3591
3.2044,84.3057,0.5394,40.3611
3.2064,84.3447,0.5399,40.3632
3.2085,84.3836,0.5403,40.3651
3.2105,84.4225,0.5408,40.3671
3.2126,84.4614,0.5412,40.369
3.2146,84.5003,0.5417,40.3709
3.2167,84.5391,0.5422,40.3728
3.2187,84.578,0.5426,40.3747
3.2208,84.6169,0.5431,40.3765
3.2228,84.6557,0.5436,40.3783
3.2249,84.6946,0.544,40.38
3.2269,84.7334,0.5445,40.3818
3.229,84.7722,0.5449,40.3835
3.231,84.811,0.5454,40.3851
3.2331,84.8498,0.5459,40.3868
3.2351,84.8886,0.5463,40.3884
3.2372,84.9274,0.5468,40.39
3.2392,84.9662,0.5473,40.3915
3.2413,85.005,0.5477,40.3931
3.2433,85.0438,0.5482,40.3946
3.2454,85.0825,0.5486,40.396
3.2474,85.1213,0.5491,40.3975
3.2495,85.16,0.5496,40.3989
3.2515,85.1987,0.55,40.4003
3.2536,85.2375,0.5505,40.4016
3.2556,85.2762,0.551,40.403
3.2577,85.3149,0.5514,40.4043
3.2597,85.3536,0.5519,40.4055
3.2618,85.3923,0.5523,40.4068
3.2638,85.431,0.5528,40.408
3.2659,85.4696,0.5533,40.4092
3.2679,85.5083,0.5537,40.4103
3.27,85.547,0.5542,40.4114
3.272,85.5856,0.5547,40.4125
3.2741,85.6243,0.5551,40.4136
3.2761,85.6629,0.5556,40.4146
3.2782,85.7015,0.5561,40.4157
3.2802,85.7401,0.5565,40.4166
3.2823,85.7787,0.557,40.4176
3.2843,85.8173,0.5574,40.4185
3.2864,85.8559,0.5579,40.4194
3.2884,85.8945,0.5584,40.4203
3.2905,85.9331,0.5588,40.4211
3.2925,85.9717,0.5593,40.4219
3.2946,86.0102,0.5598,40.4227
3.2966,86.0488,0.5602,40.4235
3.2987,86.0873,0.5607,40.4242
3.3007,86.1259,0.5612,40.4249
3.3028,86.1644,0.5616,40.4255
3.3048,86.2029,0.5621,40.4262
3.3069,86.2414,0.5626,40.4268
3.3089,86.2799,0.563,40.4274
3.311,86.3184,0.5635,40.4279
3.313,86.3569,0.564,40.4285
3.3151,86.3954,0.5644,40.4289
3.3171,86.4339,0.5649,40.4294
3.3192,86.4723,0.5654,40.4298
3.3212,86.5108,0.5658,40.4303
3.3233,86.5493,0.5663,40.4306
3.3253,86.5877,0.5668,40.431
3.3274,86.6261,0.5672,40.4313
3.3294,86.6646,0.5677,40.4316
3.3315,86.703,0.5682,40.4319
3.3335,86.7414,0.5686,40.4321
3.3356,86.7798,0.5691,40.4323
3.3376,86.8182,0.5696,40.4325
3.3397,86.8566,0.57,40.4326
3.3417,86.8949,0.5705,40.4328
3.3438,86.9333,0.571,40.4329
3.3458,86.9717,0.5714,40.4329
3.3479,87.01,0.5719,40.433
3.3499,87.0484,0.5724,40.433
3.352,87.0867,0.5728,40.4329
3.354,87.1251,0.5733,40.4329
3.3561,87.1634,0.5738,40.4328
3.3581,87.2017,0.5742,40.4327
3.3602,87.24,0.5747,40.4326
3.3622,87.2783,0.5752,40.4324
3.3643,87.3166,0.5756,40.4322
3.3663,87.3549,0.5761,40.432
3.3684,87.3932,0.5766,40.4317
3.3704,87.4314,0.577,40.4314
3.3725,87.4697,0.5775,40.4311
3.3745,87.508,0.578,40.4308
3.3766,87.5462,0.5784,40.4304
3.3786,87.5845,0.5789,40.43
3.3807,87.6227,0.5794,40.4296
3.3827,87.6609,0.5799,40.4292
3.3848,87.6991,0.5803,40.4287
3.3868,87.7373,0.5808,40.4282
3.3889,87.7756,0.5813,40.4276
3.3909,87.8137,0.5817,40.4271
3.393,87.8519,0.5822,40.4265
3.395,87.8901,0.5827,40.4259
3.3971,87.9283,0.5831,40.4252
3.3991,87.9665,0.5836,40.4245
3.4012,88.0046,0.5841,40.4238
3.4032,88.0428,0.5845,40.4231
3.4053,88.0809,0.585,40.4223
3.4073,88.1191,0.5855,40.4215
3.4094,88.1572,0.586,40.4207
3.4114,88.1953,0.5864,40.4198
3.4135,88.2334,0.5869,40.419
3.4155,88.2715,0.5874,40.4181
3.4176,88.3096,0.5878,40.4171
3.4196,88.3477,0.5883,40.4162
3.4217,88.3858,0.5888,40.4152
3.4237,88.4239,0.5892,40.4141
3.4258,88.462,0.5897,40.4131
3.4278,88.5,0.5902,40.412
3.4299,88.5381,0.5907,40.4109
3.4319,88.5761,0.5911,40.4098
3.434,88.6142,0.5916,40.4086
3.436,88.6522,0.5921,40.4074
3.4381,88.6902,0.5925,40.4062
3.4401,88.7283,0.593,40.4049
3.4422,88.7663,0.5935,40.4036
3.4442,88.8043,0.594,40.4023
3.4463,88.8423,0.5944,40.401
3.4483,88.8803,0.5949,40.3996
3.4504,88.9182,0.5954,40.3982
3.4524,88.9562,0.5958,40.3968
3.4545,88.9942,0.5963,40.3954
3.4565,89.0322,0.5968,40.3939
3.4586,89.0701,0.5973,40.3924
3.4606,89.1081,0.5977,40.3908
3.4627,89.146,0.5982,40.3893
3.4647,89.1839,0.5987,40.3877
3.4668,89.2219,0.5991,40.386
3.4688,89.2598,0.5996,40.3844
3.4709,89.2977,0.6001,40.3827
3.4729,89.3356,0.6006,40.381
3.475,89.3735,0.601,40.3793
3.477,89.4114,0.6015,40.3775
3.4791,89.4493,0.602,40.3757
3.4811,89.4872,0.6025,40.3739
3.4832,89.525,0.6029,40.372
3.4852,89.5629,0.6034,40.3702
3.4873,89.6008,0.6039,40.3683
3.4893,89.6386,0.6043,40.3663
3.4914,89.6765,0.6048,40.3644
3.4934,89.7143,0.6053,40.3624
3.4955,89.7521,0.6058,40.3603
3.4975,89.79,0.6062,40.3583
3.4996,89.8278,0.6067,40.3562
3.5016,89.8656,0.6072,40.3541
3.5037,89.9034,0.6077,40.352
3.5057,89.9412,0.6081,40.3498
3.5078,89.979,0.6086,40.3476
3.5098,90.0168,0.6091,40.3454
3.5119,90.0545,0.6096,40.3431
3.5139,90.0923,0.61,40.3409
3.516,90.1301,0.6105,40.3386
3.518,90.1678,0.611,40.3362
3.5201,90.2056,0.6115,40.3339
3.5221,90.2433,0.6119,40.3315
3.5242,90.2811,0.6124,40.329
3.5262,90.3188,0.6129,40.3266
3.5283,90.3565,0.6134,40.3241
3.5303,90.3942,0.6138,40.3216
3.5324,90.4319,0.6143,40.3191
3.5344,90.4696,0.6148,40.3165
3.5365,90.5073,0.6153,40.3139
3.5385,90.545,0.6157,40.3113
3.5406,90.5827,0.6162,40.3087
3.5426,90.6204,0.6167,40.306
3.5447,90.6581,0.6172,40.3033
3.5467,90.6957,0.6176,40.3005
3.5488,90.7334,0.6181,40.2978
3.5508,90.771,0.6186,40.295
3.5529,90.8087,0.6191,40.2922
3.5549,90.8463,0.6195,40.2893
3.557,90.8839,0.62,40.2865
3.559,90.9216,0.6205,40.2835
3.5611,90.9592,0.621,40.2806
3.5631,90.9968,0.6214,40.2777
3.5652,91.0344,0.6219,40.2747
3.5672,91.072,0.6224,40.2717
3.5693,91.1096,0.6229,40.2686
3.5713,91.1472,0.6233,40.2655
3.5734,91.1848,0.6238,40.2624
3.5754,91.2223,0.6243,40.2593
3.5775,91.2599,0.6248,40.2561
3.5795,91.2975,0.6253,40.253
3.5816,91.335,0.6257,40.2497
3.5836,91.3726,0.6262,40.2465
3.5857,91.4101,0.6267,40.2432
3.5877,91.4476,0.6272,40.2399
3.5898,91.4852,0.6276,40.2366
3.5918,91.5227,0.6281,40.2332
3.5939,91.5602,0.6286,40.2298
3.5959,91.5977,0.6291,40.2264
3.598,91.6352,0.6295,40.223
3.6,91.6727,0.63,40.2195
3.6021,91.7102,0.6305,40.216
3.6041,91.7477,0.631,40.2125
3.6062,91.7852,0.6315,40.2089
3.6082,91.8226,0.6319,40.2054
3.6103,91.8601,0.6324,40.2017
3.6123,91.8975,0.6329,40.1981
3.6144,91.935,0.6334,40.1944
3.6164,91.9724,0.6338,40.1907
3.6185,92.0099,0.6343,40.187
3.6205,92.0473,0.6348,40.1833
3.6226,92.0848,0.6353,40.1795
3.6246,92.1222,0.6358,40.1757
3.6267,92.1596,0.6362,40.1718
3.6287,92.197,0.6367,40.168
3.6308,92.2344,0.6372,40.1641
3.6328,92.2718,0.6377,40.1601
3.6349,92.3092,0.6382,40.1562
3.6369,92.3466,0.6386,40.1522
3.639,92.384,0.6391,40.1482
3.641,92.4213,0.6396,40.1442
3.6431,92.4587,0.6401,40.1401
3.6451,92.4961,0.6406,40.136
3.6472,92.5334,0.641,40.1319
3.6492,92.5708,0.6415,40.1277
3.6513,92.6081,0.642,40.1235
3.6533,92.6454,0.6425,40.1193
3.6554,92.6828,0.643,40.1151
3.6574,92.7201,0.6434,40.1108
3.6595,92.7574,0.6439,40.1065
3.6615,92.7947,0.6444,40.1022
3.6636,92.832,0.6449,40.0979
3.6656,92.8693,0.6454,40.0935
3.6677,92.9066,0.6458,40.0891
3.6697,92.9439,0.6463,40.0847
3.6718,92.9812,0.6468,40.0802
3.6738,93.0185,0.6473,40.0757
3.6759,93.0558,0.6478,40.0712
3.6779,93.093,0.6482,40.0666
3.68,93.1303,0.6487,40.0621
3.682,93.1675,0.6492,40.0575
3.6841,93.2048,0.6497,40.0528
3.6861,93.242,0.6502,40.0482
3.6882,93.2793,0.6506,40.0435
3.6902,93.3165,0.6511,40.0388
3.6923,93.3537,0.6516,40.034
3.6943,93.3909,0.6521,40.0293
3.6964,93.4281,0.6526,40.0245
3.6984,93.4654,0.653,40.0196
3.7005,93.5026,0.6535,40.0148
3.7025,93.5398,0.654,40.0099
3.7046,93.5769,0.6545,40.005
3.7066,93.6141,0.655,40.0
3.7087,93.6513,0.6555,39.9951
3.7107,93.6885,0.6559,39.9901
3.7128,93.7257,0.6564,39.985
3.7148,93.7628,0.6569,39.98
3.7169,93.8,0.6574,39.9749
3.7189,93.8371,0.6579,39.9698
3.721,93.8743,0.6584,39.9647
3.723,93.9114,0.6588,39.9595
3.7251,93.9485,0.6593,39.9543
3.7271,93.9857,0.6598,39.9491
3.7292,94.0228,0.6603,39.9438
3.7312,94.0599,0.6608,39.9385
3.7333,94.097,0.6612,39.9332
3.7353,94.1341,0.6617,39.9279
3.7374,94.1712,0.6622,39.9225
3.7394,94.2083,0.6627,39.9171
3.7415,94.2454,0.6632,39.9117
3.7435,94.2825,0.6637,39.9063
3.7456,94.3196,0.6641,39.9008
3.7476,94.3566,0.6646,39.8953
3.7497,94.3937,0.6651,39.8898
3.7517,94.4308,0.6656,39.8842
3.7538,94.4678,0.6661,39.8786
3.7558,94.5049,0.6666,39.873
3.7579,94.5419,0.667,39.8673
3.7599,94.579,0.6675,39.8617
3.762,94.616,0.668,39.856
3.764,94.653,0.6685,39.8502
3.7661,94.69,0.669,39.8445
3.7681,94.7271,0.6695,39.8387
3.7702,94.7641,0.6699,39.8329
3.7722,94.8011,0.6704,39.827
3.7743,94.8381,0.6709,39.8212
3.7763,94.8751,0.6714,39.8153
3.7784,94.9121,0.6719,39.8093
3.7804,94.9491,0.6724,39.8034
3.7825,94.986,0.6729,39.7974
3.7845,95.023,0.6733,39.7914
3.7866,95.06,0.6738,39.7854
3.7886,95.097,0.6743,39.7793
3.7907,95.1339,0.6748,39.7732
3.7927,95.1709,0.6753,39.7671
3.7948,95.2078,0.6758,39.7609
3.7968,95.2448,0.6762,39.7547
3.7989,95.2817,0.6767,39.7485
3.8009,95.3186,0.6772,39.7423
3.803,95.3556,0.6777,39.736
3.805,95.3925,0.6782,39.7297
3.8071,95.4294,0.6787,39.7234
3.8091,95.4663,0.6792,39.7171
3.8112,95.5032,0.6796,39.7107
3.8132,95.5401,0.6801,39.7043
3.8153,95.577,0.6806,39.6979
3.8173,95.6139,0.6811,39.6914
3.8194,95.6508,0.6816,39.6849
3.8214,95.6877,0.6821,39.6784
3.8235,95.7245,0.6826,39.6718
3.8255,95.7614,0.683,39.6653
3.8276,95.7983,0.6835,39.6587
3.8296,95.8351,0.684,39.652
3.8317,95.872,0.6845,39.6454
3.8337,95.9088,0.685,39.6387
3.8358,95.9457,0.6855,39.632
3.8378,95.9825,0.686,39.6253
3.8399,96.0194,0.6865,39.6185
3.8419,96.0562,0.6869,39.6117
3.844,96.093,0.6874,39.6049
3.846,96.1298,0.6879,39.598
3.8481,96.1667,0.6884,39.5911
3.8501,96.2035,0.6889,39.5842
3.8522,96.2403,0.6894,39.5773
3.8542,96.2771,0.6899,39.5703
3.8563,96.3139,0.6904,39.5633
3.8583,96.3507,0.6908,39.5563
3.8604,96.3874,0.6913,39.5493
3.8624,96.4242,0.6918,39.5422
3.8645,96.461,0.6923,39.5351
3.8665,96.4978,0.6928,39.5279
3.8686,96.5345,0.6933,39.5208
3.8706,96.5713,0.6938,39.5136
3.8727,96.6081,0.6943,39.5064
3.8747,96.6448,0.6947,39.4991
3.8768,96.6815,0.6952,39.4919
3.8788,96.7183,0.6957,39.4846
3.8809,96.755,0.6962,39.4772
3.8829,96.7918,0.6967,39.4699
3.885,96.8285,0.6972,39.4625
3.887,96.8652,0.6977,39.4551
3.8891,96.9019,0.6982,39.4476
3.8911,96.9386,0.6986,39.4402
3.8932,96.9753,0.6991,39.4327
3.8952,97.012,0.6996,39.4252
3.8973,97.0487,0.7001,39.4176
3.8993,97.0854,0.7006,39.41
3.9014,97.1221,0.7011,39.4024
3.9034,97.1588,0.7016,39.3948
3.9055,97.1955,0.7021,39.3871
3.9075,97.2322,0.7026,39.3794
3.9096,97.2688,0.703,39.3717
3.9116,97.3055,0.7035,39.364
3.9137,97.3421,0.704,39.3562
3.9157,97.3788,0.7045,39.3484
3.9178,97.4155,0.705,39.3406
3.9198,97.4521,0.7055,39.3327
3.9219,97.4887,0.706,39.3248
3.9239,97.5254,0.7065,39.3169
3.926,97.562,0.707,39.309
3.928,97.5986,0.7074,39.301
3.9301,97.6353,0.7079,39.293
3.9321,97.6719,0.7084,39.285
3.9342,97.7085,0.7089,39.2769
3.9362,97.7451,0.7094,39.2688
3.9383,97.7817,0.7099,39.2607
3.9403,97.8183,0.7104,39.2526
3.9424,97.8549,0.7109,39.2444
3.9444,97.8915,0.7114,39.2362
3.9465,97.9281,0.7119,39.228
3.9485,97.9646,0.7123,39.2198
3.9506,98.0012,0.7128,39.2115
3.9526,98.0378,0.7133,39.2032
3.9547,98.0744,0.7138,39.1948
3.9567,98.1109,0.7143,39.1865
3.9588,98.1475,0.7148,39.1781
3.9608,98.184,0.7153,39.1697
3.9629,98.2206,0.7158,39.1612
3.9649,98.2571,0.7163,39.1528
3.967,98.2937,0.7168,39.1443
3.969,98.3302,0.7173,39.1357
3.9711,98.3667,0.7177,39.1272
3.9731,98.4033,0.7182,39.1186
3.9752,98.4398,0.7187,39.11
3.9772,98.4763,0.7192,39.1014
3.9793,98.5128,0.7197,39.0927
3.9813,98.5493,0.7202,39.084
3.9834,98.5858,0.7207,39.0753
3.9854,98.6223,0.7212,39.0665
3.9875,98.6588,0.7217,39.0577
3.9895,98.6953,0.7222,39.0489
3.9916,98.7318,0.7227,39.0401
3.9936,98.7683,0.7232,39.0312
3.9957,98.8048,0.7236,39.0224
3.9977,98.8413,0.7241,39.0134
3.9998,98.8777,0.7246,39.0045
4.0018,98.9142,0.7251,38.9955
4.0039,98.9507,0.7256,38.9865
4.0059,98.9871,0.7261,38.9775
4.008,99.0236,0.7266,38.9684
4.01,99.06,0.7271,38.9594
4.0121,99.0965,0.7276,38.9503
4.0141,99.1329,0.7281,38.9411
4.0162,99.1693,0.7286,38.932
4.0182,99.2058,0.7291,38.9228
4.0203,99.2422,0.7296,38.9135
4.0223,99.2786,0.73,38.9043
4.0244,99.315,0.7305,38.895
4.0264,99.3514,0.731,38.8857
4.0285,99.3879,0.7315,38.8764
4.0305,99.4243,0.732,38.867
4.0326,99.4607,0.7325,38.8576
4.0346,99.4971,0.733,38.8482
4.0367,99.5335,0.7335,38.8388
4.0387,99.5699,0.734,38.8293
4.0408,99.6062,0.7345,38.8198
4.0428,99.6426,0.735,38.8103
4.0449,99.679,0.7355,38.8007
4.0469,99.7154,0.736,38.7911
4.049,99.7517,0.7365,38.7815
4.051,99.7881,0.737,38.7719
4.0531,99.8245,0.7374,38.7622
4.0551,99.8608,0.7379,38.7525
4.0572,99.8972,0.7384,38.7428
4.0592,99.9335,0.7389,38.7331
4.0613,99.9699,0.7394,38.7233
4.0633,100.0062,0.7399,38.7135
4.0654,100.0425,0.7404,38.7037
4.0674,100.0789,0.7409,38.6938
4.0695,100.1152,0.7414,38.6839
4.0715,100.1515,0.7419,38.674
4.0736,100.1879,0.7424,38.6641
4.0756,100.2242,0.7429,38.6541
4.0777,100.2605,0.7434,38.6441
4.0797,100.2968,0.7439,38.6341
4.0818,100.3331,0.7444,38.624
4.0838,100.3694,0.7449,38.614
4.0859,100.4057,0.7454,38.6039
4.0879,100.442,0.7459,38.5937
4.09,100.4783,0.7463,38.5836
4.092,100.5146,0.7468,38.5734
4.0941,100.5508,0.7473,38.5631
4.0961,100.5871,0.7478,38.5529
4.0982,100.6234,0.7483,38.5426
4.1002,100.6597,0.7488,38.5323
4.1023,100.6959,0.7493,38.522
4.1043,100.7322,0.7498,38.5117
4.1064,100.7685,0.7503,38.5013
4.1084,100.8047,0.7508,38.4909
4.1105,100.841,0.7513,38.4804
4.1125,100.8772,0.7518,38.47
4.1146,100.9135,0.7523,38.4595
4.1166,100.9497,0.7528,38.4489
4.1187,100.9859,0.7533,38.4384
4.1207,101.0222,0.7538,38.4278
4.1228,101.0584,0.7543,38.4172
4.1248,101.0946,0.7548,38.4066
4.1269,101.1308,0.7553,38.3959
4.1289,101.167,0.7558,38.3852
4.131,101.2033,0.7563,38.3745
4.133,101.2395,0.7568,38.3638
4.1351,101.2757,0.7573,38.353
4.1371,101.3119,0.7578,38.3422
4.1392,101.3481,0.7582,38.3314
4.1412,101.3843,0.7587,38.3206
4.1433,101.4205,0.7592,38.3097
4.1453,101.4566,0.7597,38.2988
4.1474,101.4928,0.7602,38.2878
4.1494,101.529,0.7607,38.2769
4.1515,101.5652,0.7612,38.2659
4.1535,101.6014,0.7617,38.2549
4.1556,101.6375,0.7622,38.2438
4.1576,101.6737,0.7627,38.2328
4.1597,101.7098,0.7632,38.2217
4.1617,101.746,0.7637,38.2105
4.1638,101.7822,0.7642,38.1994
4.1658,101.8183,0.7647,38.1882
4.1679,101.8545,0.7652,38.177
4.1699,101.8906,0.7657,38.1658
4.172,101.9267,0.7662,38.1545
4.174,101.9629,0.7667,38.1432
4.1761,101.999,0.7672,38.1319
4.1781,102.0351,0.7677,38.1205
4.1802,102.0713,0.7682,38.1092
4.1822,102.1074,0.7687,38.0978
4.1843,102.1435,0.7692,38.0863
4.1863,102.1796,0.7697,38.0749
4.1884,102.2157,0.7702,38.0634
4.1904,102.2518,0.7707,38.0519
4.1925,102.2879,0.7712,38.0404
4.1945,102.324,0.7717,38.0288
4.1966,102.3601,0.7722,38.0172
4.1986,102.3962,0.7727,38.0056
4.2007,102.4323,0.7732,37.9939
4.2027,102.4684,0.7737,37.9823
4.2048,102.5045,0.7742,37.9706
4.2068,102.5406,0.7747,37.9588
4.2089,102.5766,0.7752,37.9471
4.2109,102.6127,0.7757,37.9353
4.213,102.6488,0.7762,37.9235
4.215,102.6848,0.7767,37.9117
4.2171,102.7209,0.7772,37.8998
4.2191,102.757,0.7777,37.8879
4.2212,102.793,0.7782,37.876
4.2232,102.8291,0.7787,37.864
4.2253,102.8651,0.7792,37.852
4.2273,102.9012,0.7797,37.84
4.2294,102.9372,0.7802,37.828
4.2314,102.9733,0.7807,37.816
4.2335,103.0093,0.7812,37.8039
4.2355,103.0453,0.7817,37.7918
4.2376,103.0814,0.7822,37.7796
4.2396,103.1174,0.7827,37.7675
4.2417,103.1534,0.7832,37.7553
4.2437,103.1894,0.7836,37.743
4.2458,103.2254,0.7841,37.7308
4.2478,103.2614,0.7846,37.7185
4.2499,103.2975,0.7851,37.7062
4.2519,103.3335,0.7856,37.6939
4.254,103.3695,0.7861,37.6815
4.256,103.4055,0.7866,37.6691
4.2581,103.4415,0.7871,37.6567
4.2601,103.4775,0.7876,37.6443
4.2622,103.5134,0.7881,37.6318
4.2642,103.5494,0.7886,37.6193
4.2663,103.5854,0.7891,37.6068
4.2683,103.6214,0.7896,37.5943
4.2704,103.6574,0.7901,37.5817
4.2724,103.6933,0.7906,37.5691
4.2745,103.7293,0.7912,37.5565
4.2765,103.7653,0.7917,37.5438
4.2786,103.8012,0.7922,37.5311
4.2806,103.8372,0.7927,37.5184
4.2827,103.8732,0.7932,37.5057
4.2847,103.9091,0.7937,37.4929
4.2868,103.9451,0.7942,37.4801
4.2888,103.981,0.7947,37.4673
4.2909,104.017,0.7952,37.4544
4.2929,104.0529,0.7957,37.4416
4.295,104.0888,0.7962,37.4287
4.297,104.1248,0.7967,37.4157
4.2991,104.1607,0.7972,37.4028
4.3011,104.1966,0.7977,37.3898
4.3032,104.2326,0.7982,37.3768
4.3052,104.2685,0.7987,37.3637
4.3073,104.3044,0.7992,37.3507
4.3093,104.3403,0.7997,37.3376
4.3114,104.3763,0.8002,37.3244
4.3134,104.4122,0.8007,37.3113
4.3155,104.4481,0.8012,37.2981
4.3175,104.484,0.8017,37.2849
4.3196,104.5199,0.8022,37.2717
4.3216,104.5558,0.8027,37.2584
4.3237,104.5917,0.8032,37.2452
4.3257,104.6276,0.8037,37.2318
4.3278,104.6635,0.8042,37.2185
4.3298,104.6994,0.8047,37.2051
4.3319,104.7352,0.8052,37.1918
4.3339,104.7711,0.8057,37.1783
4.336,104.807,0.8062,37.1649
4.338,104.8429,0.8067,37.1514
4.3401,104.8787,0.8072,37.1379
4.3421,104.9146,0.8077,37.1244
4.3442,104.9505,0.8082,37.1108
4.3462,104.9863,0.8087,37.0973
4.3483,105.0222,0.8092,37.0836
4.3503,105.0581,0.8097,37.07
4.3524,105.0939,0.8102,37.0563
4.3544,105.1298,0.8107,37.0427
4.3565,105.1656,0.8112,37.0289
4.3585,105.2015,0.8117,37.0152
4.3606,105.2373,0.8122,37.0014
4.3626,105.2732,0.8127,36.9876
4.3647,105.309,0.8132,36.9738
4.3667,105.3448,0.8137,36.9599
4.3688,105.3807,0.8142,36.9461
4.3708,105.4165,0.8147,36.9322
4.3729,105.4523,0.8152,36.9182
4.3749,105.4881,0.8157,36.9043
4.377,105.524,0.8162,36.8903
4.379,105.5598,0.8167,36.8763
4.3811,105.5956,0.8173,36.8622
4.3831,105.6314,0.8178,36.8481
4.3852,105.6672,0.8183,36.8341
4.3872,105.703,0.8188,36.8199
4.3893,105.7388,0.8193,36.8058
4.3913,105.7746,0.8198,36.7916
4.3934,105.8104,0.8203,36.7774
4.3954,105.8462,0.8208,36.7632
4.3975,105.882,0.8213,36.7489
4.3995,105.9178,0.8218,36.7346
4.4016,105.9536,0.8223,36.7203
4.4036,105.9894,0.8228,36.706
4.4057,106.0252,0.8233,36.6916
4.4077,106.061,0.8238,36.6772
4.4098,106.0967,0.8243,36.6628
4.4118,106.1325,0.8248,36.6483
4.4139,106.1683,0.8253,36.6339
4.4159,106.2041,0.8258,36.6194
4.418,106.2398,0.8263,36.6048
4.42,106.2756,0.8268,36.5903
4.4221,106.3114,0.8273,36.5757
4.4241,106.3471,0.8278,36.5611
4.4262,106.3829,0.8283,36.5465
4.4282,106.4186,0.8288,36.5318
4.4303,106.4544,0.8293,36.5171
4.4323,106.4901,0.8299,36.5024
4.4344,106.5259,0.8304,36.4877
4.4364,106.5616,0.8309,36.4729
4.4385,106.5974,0.8314,36.4581
4.4405,106.6331,0.8319,36.4433
4.4426,106.6688,0.8324,36.4284
4.4446,106.7046,0.8329,36.4135
4.4467,106.7403,0.8334,36.3986
4.4487,106.776,0.8339,36.3837
4.4508,106.8118,0.8344,36.3687
4.4528,106.8475,0.8349,36.3538
4.4549,106.8832,0.8354,36.3387
4.4569,106.9189,0.8359,36.3237
4.459,106.9546,0.8364,36.3086
4.461,106.9903,0.8369,36.2935
4.4631,107.0261,0.8374,36.2784
4.4651,107.0618,0.8379,36.2633
4.4672,107.0975,0.8384,36.2481
4.4692,107.1332,0.8389,36.2329
4.4713,107.1689,0.8394,36.2177
4.4733,107.2046,0.84,36.2024
4.4754,107.2403,0.8405,36.1871
4.4774,107.276,0.841,36.1718
4.4795,107.3117,0.8415,36.1565
4.4815,107.3474,0.842,36.1411
4.4836,107.383,0.8425,36.1258
4.4856,107.4187,0.843,36.1103
4.4877,107.4544,0.8435,36.0949
4.4897,107.4901,0.844,36.0794
4.4918,107.5258,0.8445,36.0639
4.4938,107.5614,0.845,36.0484
4.4959,107.5971,0.8455,36.0329
4.4979,107.6328,0.846,36.0173
4.5,107.6684,0.8465,36.0017
4.502,107.7041,0.847,35.9861
4.5041,107.7398,0.8475,35.9704
4.5061,107.7754,0.8481,35.9547
4.5082,107.8111,0.8486,35.939
4.5102,107.8467,0.8491,35.9233
4.5123,107.8824,0.8496,35.9075
4.5143,107.9181,0.8501,35.8917
4.5164,107.9537,0.8506,35.8759
4.5184,107.9893,0.8511,35.8601
4.5205,108.025,0.8516,35.8442
4.5225,108.0606,0.8521,35.8283
4.5246,108.0963,0.8526,35.8124
4.5266,108.1319,0.8531,35.7964
4.5287,108.1675,0.8536,35.7804
4.5307,108.2032,0.8541,35.7644
4.5328,108.2388,0.8546,35.7484
4.5348,108.2744,0.8551,35.7324
4.5369,108.3101,0.8557,35.7163
4.5389,108.3457,0.8562,35.7002
4.541,108.3813,0.8567,35.684
4.543,108.4169,0.8572,35.6679
4.5451,108.4526,0.8577,35.6517
4.5471,108.4882,0.8582,35.6355
4.5492,108.5238,0.8587,35.6192
4.5512,108.5594,0.8592,35.6029
4.5533,108.595,0.8597,35.5866
4.5553,108.6306,0.8602,35.5703
4.5574,108.6662,0.8607,35.554
4.5594,108.7018,0.8612,35.5376
4.5615,108.7374,0.8617,35.5212
4.5635,108.773,0.8623,35.5048
4.5656,108.8086,0.8628,35.4883
4.5676,108.8442,0.8633,35.4718
4.5697,108.8798,0.8638,35.4553
4.5717,108.9154,0.8643,35.4388
4.5738,108.951,0.8648,35.4222
4.5758,108.9866,0.8653,35.4056
4.5779,109.0221,0.8658,35.389
4.5799,109.0577,0.8663,35.3724
4.582,109.0933,0.8668,35.3557
4.584,109.1289,0.8673,35.339
4.5861,109.1645,0.8678,35.3223
4.5881,109.2,0.8684,35.3055
4.5902,109.2356,0.8689,35.2887
4.5922,109.2712,0.8694,35.2719
4.5943,109.3067,0.8699,35.2551
4.5963,109.3423,0.8704,35.2383
4.5984,109.3779,0.8709,35.2214
4.6004,109.4134,0.8714,35.2045
4.6025,109.449,0.8719,35.1875
4.6045,109.4845,0.8724,35.1706
4.6066,109.5201,0.8729,35.1536
4.6086,109.5556,0.8734,35.1366
4.6107,109.5912,0.8739,35.1195
4.6127,109.6267,0.8745,35.1025
4.6148,109.6623,0.875,35.0854
4.6168,109.6978,0.8755,35.0682
4.6189,109.7334,0.876,35.0511
4.6209,109.7689,0.8765,35.0339
4.623,109.8045,0.877,35.0167
4.625,109.84,0.8775,34.9995
4.6271,109.8755,0.878,34.9822
4.6291,109.9111,0.8785,34.965
4.6312,109.9466,0.879,34.9477
4.6332,109.9821,0.8795,34.9303
4.6353,110.0176,0.8801,34.913
4.6373,110.0532,0.8806,34.8956
4.6394,110.0887,0.8811,34.8782
4.6414,110.1242,0.8816,34.8607
4.6435,110.1597,0.8821,34.8433
4.6455,110.1953,0.8826,34.8258
4.6476,110.2308,0.8831,34.8083
4.6496,110.2663,0.8836,34.7907
4.6517,110.3018,0.8841,34.7732
4.6537,110.3373,0.8846,34.7556
4.6558,110.3728,0.8852,34.7379
4.6578,110.4083,0.8857,34.7203
4.6599,110.4438,0.8862,34.7026
4.6619,110.4793,0.8867,34.6849
4.664,110.5148,0.8872,34.6672
4.666,110.5503,0.8877,34.6494
4.6681,110.5858,0.8882,34.6316
4.6701,110.6213,0.8887,34.6138
4.6722,110.6568,0.8892,34.596
4.6742,110.6923,0.8897,34.5781
4.6763,110.7278,0.8903,34.5603
4.6783,110.7633,0.8908,34.5423
4.6804,110.7988,0.8913,34.5244
4.6824,110.8343,0.8918,34.5064
4.6845,110.8698,0.8923,34.4884
4.6865,110.9052,0.8928,34.4704
4.6886,110.9407,0.8933,34.4524
4.6906,110.9762,0.8938,34.4343
4.6927,111.0117,0.8943,34.4162
4.6947,111.0471,0.8948,34.3981
4.6968,111.0826,0.8954,34.3799
4.6988,111.1181,0.8959,34.3618
4.7009,111.1536,0.8964,34.3436
4.7029,111.189,0.8969,34.3253
4.705,111.2245,0.8974,34.3071
4.707,111.26,0.8979,34.2888
4.7091,111.2954,0.8984,34.2705
4.7111,111.3309,0.8989,34.2522
4.7132,111.3663,0.8994,34.2338
4.7152,111.4018,0.9,34.2154
4.7173,111.4373,0.9005,34.197
4.7193,111.4727,0.901,34.1786
4.7214,111.5082,0.9015,34.1601
4.7234,111.5436,0.902,34.1416
4.7255,111.5791,0.9025,34.1231
4.7275,111.6145,0.903,34.1045
4.7296,111.65,0.9035,34.086
4.7316,111.6854,0.904,34.0674
4.7337,111.7208,0.9046,34.0487
4.7357,111.7563,0.9051,34.0301
4.7378,111.7917,0.9056,34.0114
4.7398,111.8272,0.9061,33.9927
4.7419,111.8626,0.9066,33.974
4.7439,111.898,0.9071,33.9552
4.746,111.9335,0.9076,33.9365
4.748,111.9689,0.9081,33.9177
4.7501,112.0043,0.9087,33.8988
4.7521,112.0398,0.9092,33.88
4.7542,112.0752,0.9097,33.8611
4.7562,112.1106,0.9102,33.8422
4.7583,112.146,0.9107,33.8232
4.7603,112.1815,0.9112,33.8043
4.7624,112.2169,0.9117,33.7853
4.7644,112.2523,0.9122,33.7663
4.7665,112.2877,0.9127,33.7472
4.7685,112.3231,0.9133,33.7282
4.7706,112.3586,0.9138,33.7091
4.7726,112.394,0.9143,33.69
4.7747,112.4294,0.9148,33.6708
4.7767,112.4648,0.9153,33.6516
4.7788,112.5002,0.9158,33.6324
4.7808,112.5356,0.9163,33.6132
4.7829,112.571,0.9168,33.594
4.7849,112.6064,0.9174,33.5747
4.787,112.6418,0.9179,33.5554
4.789,112.6772,0.9184,33.5361
4.7911,112.7126,0.9189,33.5167
4.7931,112.748,0.9194,33.4973
4.7952,112.7834,0.9199,33.4779
4.7972,112.8188,0.9204,33.4585
4.7993,112.8542,0.9209,33.439
4.8013,112.8896,0.9215,33.4195
4.8034,112.925,0.922,33.4
4.8054,112.9604,0.9225,33.3805
4.8075,112.9958,0.923,33.3609
4.8095,113.0312,0.9235,33.3414
4.8116,113.0666,0.924,33.3217
4.8136,113.1019,0.9245,33.3021
4.8157,113.1373,0.9251,33.2824
4.8177,113.1727,0.9256,33.2627
4.8198,113.2081,0.9261,33.243
4.8218,113.2435,0.9266,33.2233
4.8239,113.2789,0.9271,33.2035
4.8259,113.3142,0.9276,33.1837
4.828,113.3496,0.9281,33.1639
4.83,113.385,0.9286,33.144
4.8321,113.4204,0.9292,33.1242
4.8341,113.4557,0.9297,33.1043
4.8362,113.4911,0.9302,33.0843
4.8382,113.5265,0.9307,33.0644
4.8403,113.5618,0.9312,33.0444
4.8423,113.5972,0.9317,33.0244
4.8444,113.6326,0.9322,33.0044
4.8464,113.6679,0.9328,32.9843
4.8485,113.7033,0.9333,32.9643
4.8505,113.7387,0.9338,32.9441
4.8526,113.774,0.9343,32.924
4.8546,113.8094,0.9348,32.9039
4.8567,113.8447,0.9353,32.8837
4.8587,113.8801,0.9358,32.8635
4.8608,113.9155,0.9363,32.8432
4.8628,113.9508,0.9369,32.823
4.8649,113.9862,0.9374,32.8027
4.8669,114.0215,0.9379,32.7824
4.869,114.0569,0.9384,32.762
4.871,114.0922,0.9389,32.7417
4.8731,114.1276,0.9394,32.7213
4.8751,114.1629,0.9399,32.7008
4.8772,114.1983,0.9405,32.6804
4.8792,114.2336,0.941,32.6599
4.8813,114.2689,0.9415,32.6394
4.8833,114.3043,0.942,32.6189
4.8854,114.3396,0.9425,32.5984
4.8874,114.375,0.943,32.5778
4.8895,114.4103,0.9435,32.5572
4.8915,114.4456,0.9441,32.5366
4.8936,114.481,0.9446,32.5159
4.8956,114.5163,0.9451,32.4953
4.8977,114.5517,0.9456,32.4746
4.8997,114.587,0.9461,32.4538
4.9018,114.6223,0.9466,32.4331
4.9038,114.6576,0.9471,32.4123
4.9059,114.693,0.9477,32.3915
4.9079,114.7283,0.9482,32.3707
4.91,114.7636,0.9487,32.3498
4.912,114.799,0.9492,32.3289
4.9141,114.8343,0.9497,32.308
4.9161,114.8696,0.9502,32.2871
4.9182,114.9049,0.9508,32.2661
4.9202,114.9403,0.9513,32.2451
4.9223,114.9756,0.9518,32.2241
4.9243,115.0109,0.9523,32.2031
4.9264,115.0462,0.9528,32.182
4.9284,115.0815,0.9533,32.161
4.9305,115.1169,0.9538,32.1398
4.9325,115.1522,0.9544,32.1187
4.9346,115.1875,0.9549,32.0975
4.9366,115.2228,0.9554,32.0764
4.9387,115.2581,0.9559,32.0551
4.9407,115.2934,0.9564,32.0339
4.9428,115.3287,0.9569,32.0126
4.9448,115.364,0.9574,31.9913
4.9469,115.3994,0.958,31.97
4.9489,115.4347,0.9585,31.9487
4.951,115.47,0.959,31.9273
4.953,115.5053,0.9595,31.9059
4.9551,115.5406,0.96,31.8845
4.9571,115.5759,0.9605,31.8631
4.9592,115.6112,0.9611,31.8416
4.9612,115.6465,0.9616,31.8201
4.9633,115.6818,0.9621,31.7986
4.9653,115.7171,0.9626,31.777
4.9674,115.7524,0.9631,31.7554
4.9694,115.7877,0.9636,31.7339
4.9715,115.823,0.9642,31.7122
4.9735,115.8583,0.9647,31.6906
4.9756,115.8936,0.9652,31.6689
4.9776,115.9289,0.9657,31.6472
4.9797,115.9642,0.9662,31.6255
4.9817,115.9995,0.9667,31.6037
4.9838,116.0348,0.9672,31.5819
4.9858,116.07,0.9678,31.5601
4.9879,116.1053,0.9683,31.5383
4.9899,116.1406,0.9688,31.5165
4.992,116.1759,0.9693,31.4946
4.994,116.2112,0.9698,31.4727
4.9961,116.2465,0.9703,31.4507
4.9981,116.2818,0.9709,31.4288
5.0002,116.3171,0.9714,31.4068
5.0022,116.3523,0.9719,31.3848
5.0043,116.3876,0.9724,31.3628
5.0063,116.4229,0.9729,31.3407
5.0084,116.4582,0.9734,31.3186
5.0104,116.4935,0.974,31.2965
5.0125,116.5287,0.9745,31.2744
5.0145,116.564,0.975,31.2522
5.0166,116.5993,0.9755,31.23
5.0186,116.6346,0.976,31.2078
5.0207,116.6699,0.9765,31.1856
5.0227,116.7051,0.9771,31.1633
5.0248,116.7404,0.9776,31.1411
5.0268,116.7757,0.9781,31.1187
5.0289,116.811,0.9786,31.0964
5.0309,116.8462,0.9791,31.074
5.033,116.8815,0.9796,31.0517
5.035,116.9168,0.9802,31.0292
5.0371,116.952,0.9807,31.0068
5.0391,116.9873,0.9812,30.9843
5.0412,117.0226,0.9817,30.9619
5.0432,117.0579,0.9822,30.9393
5.0453,117.0931,0.9827,30.9168
5.0473,117.1284,0.9833,30.8942
5.0494,117.1637,0.9838,30.8716
5.0514,117.1989,0.9843,30.849
5.0535,117.2342,0.9848,30.8264
5.0555,117.2694,0.9853,30.8037
5.0576,117.3047,0.9858,30.781
5.0596,117.34,0.9864,30.7583
5.0617,117.3752,0.9869,30.7356
5.0637,117.4105,0.9874,30.7128
5.0658,117.4458,0.9879,30.69
5.0678,117.481,0.9884,30.6672
5.0699,117.5163,0.9889,30.6444
5.0719,117.5515,0.9895,30.6215
5.074,117.5868,0.99,30.5986
5.076,117.6221,0.9905,30.5757
5.0781,117.6573,0.991,30.5527
5.0801,117.6926,0.9915,30.5298
5.0822,117.7278,0.992,30.5068
5.0842,117.7631,0.9926,30.4837
5.0863,117.7983,0.9931,30.4607
5.0883,117.8336,0.9936,30.4376
5.0904,117.8688,0.9941,30.4145
5.0924,117.9041,0.9946,30.3914
5.0945,117.9393,0.9952,30.3683
5.0965,117.9746,0.9957,30.3451
5.0986,118.0098,0.9962,30.3219
5.1006,118.0451,0.9967,30.2987
5.1027,118.0803,0.9972,30.2754
5.1047,118.1156,0.9977,30.2522
5.1068,118.1508,0.9983,30.2289
5.1088,118.1861,0.9988,30.2055
5.1109,118.2213,0.9993,30.1822
5.1129,118.2566,0.9998,30.1588
5.115,118.2918,1.0003,30.1354
5.117,118.3271,1.0008,30.112
5.1191,118.3623,1.0014,30.0886
5.1211,118.3975,1.0019,30.0651
5.1232,118.4328,1.0024,30.0416
5.1252,118.468,1.0029,30.0181
5.1273,118.5033,1.0034,29.9945
5.1293,118.5385,1.004,29.9709
5.1314,118.5738,1.0045,29.9473
5.1334,118.609,1.005,29.9237
5.1355,118.6442,1.0055,29.9001
5.1375,118.6795,1.006,29.8764
5.1396,118.7147,1.0065,29.8527
5.1416,118.75,1.0071,29.829
5.1437,118.7852,1.0076,29.8052
5.1457,118.8204,1.0081,29.7815
5.1478,118.8557,1.0086,29.7577
5.1498,118.8909,1.0091,29.7338
5.1519,118.9261,1.0097,29.71
5.1539,118.9614,1.0102,29.6861
5.156,118.9966,1.0107,29.6622
5.158,119.0318,1.0112,29.6383
5.1601,119.0671,1.0117,29.6144
5.1621,119.1023,1.0122,29.5904
5.1642,119.1375,1.0128,29.5664
5.1662,119.1728,1.0133,29.5424
5.1683,119.208,1.0138,29.5183
5.1703,119.2432,1.0143,29.4942
5.1724,119.2785,1.0148,29.4701
5.1744,119.3137,1.0154,29.446
5.1765,119.3489,1.0159,29.4219
5.1785,119.3842,1.0164,29.3977
5.1806,119.4194,1.0169,29.3735
5.1826,119.4546,1.0174,29.3493
5.1847,119.4899,1.018,29.325
5.1867,119.5251,1.0185,29.3008
5.1888,119.5603,1.019,29.2765
5.1908,119.5955,1.0195,29.2521
5.1929,119.6308,1.02,29.2278
5.1949,119.666,1.0205,29.2034
5.197,119.7012,1.0211,29.179
5.199,119.7364,1.0216,29.1546
5.2011,119.7717,1.0221,29.1302
5.2031,119.8069,1.0226,29.1057
5.2052,119.8421,1.0231,29.0812
5.2072,119.8774,1.0237,29.0567
5.2093,119.9126,1.0242,29.0321
5.2113,119.9478,1.0247,29.0076
5.2134,119.983,1.0252,28.983
5.2154,120.0182,1.0257,28.9583
5.2175,120.0535,1.0263,28.9337
5.2195,120.0887,1.0268,28.909
5.2216,120.1239,1.0273,28.8843
5.2236,120.1591,1.0278,28.8596
5.2257,120.1944,1.0283,28.8349
5.2277,120.2296,1.0289,28.8101
5.2298,120.2648,1.0294,28.7853
5.2318,120.3,1.0299,28.7605
5.2339,120.3352,1.0304,28.7356
5.2359,120.3705,1.0309,28.7108
5.238,120.4057,1.0315,28.6859
5.24,120.4409,1.032,28.661
5.2421,120.4761,1.0325,28.636
5.2441,120.5113,1.033,28.6111
5.2462,120.5466,1.0335,28.5861
5.2482,120.5818,1.034,28.5611
5.2503,120.617,1.0346,28.536
5.2523,120.6522,1.0351,28.511
5.2544,120.6874,1.0356,28.4859
5.2564,120.7227,1.0361,28.4607
5.2585,120.7579,1.0366,28.4356
5.2605,120.7931,1.0372,28.4104
5.2626,120.8283,1.0377,28.3853
5.2646,120.8635,1.0382,28.36
5.2667,120.8987,1.0387,28.3348
5.2687,120.934,1.0392,28.3095
5.2708,120.9692,1.0398,28.2843
5.2728,121.0044,1.0403,28.2589
5.2749,121.0396,1.0408,28.2336
5.2769,121.0748,1.0413,28.2082
5.279,121.11,1.0418,28.1829
5.281,121.1453,1.0424,28.1575
5.2831,121.1805,1.0429,28.132
5.2851,121.2157,1.0434,28.1066
5.2872,121.2509,1.0439,28.0811
5.2892,121.2861,1.0444,28.0556
5.2913,121.3213,1.045,28.03
5.2933,121.3565,1.0455,28.0045
5.2954,121.3918,1.046,27.9789
5.2974,121.427,1.0465,27.9533
5.2995,121.4622,1.047,27.9277
5.3015,121.4974,1.0476,27.902
5.3036,121.5326,1.0481,27.8763
5.3056,121.5678,1.0486,27.8506
5.3077,121.603,1.0491,27.8249
5.3097,121.6383,1.0496,27.7991
5.3118,121.6735,1.0502,27.7734
5.3138,121.7087,1.0507,27.7476
5.3159,121.7439,1.0512,27.7217
5.3179,121.7791,1.0517,27.6959
5.32,121.8143,1.0522,27.67
5.322,121.8495,1.0528,27.6441
5.3241,121.8847,1.0533,27.6182
5.3261,121.92,1.0538,27.5922
5.3282,121.9552,1.0543,27.5663
5.3302,121.9904,1.0548,27.5403
5.3323,122.0256,1.0554,27.5142
5.3343,122.0608,1.0559,27.4882
5.3364,122.096,1.0564,27.4621
5.3384,122.1312,1.0569,27.436
5.3405,122.1664,1.0574,27.4099
5.3425,122.2017,1.058,27.3838
5.3446,122.2369,1.0585,27.3576
5.3466,122.2721,1.059,27.3314
5.3487,122.3073,1.0595,27.3052
5.3507,122.3425,1.0601,27.2789
5.3528,122.3777,1.0606,27.2527
5.3548,122.4129,1.0611,27.2264
5.3569,122.4481,1.0616,27.2001
5.3589,122.4834,1.0621,27.1737
5.361,122.5186,1.0627,27.1474
5.363,122.5538,1.0632,27.121
5.3651,122.589,1.0637,27.0946
5.3671,122.6242,1.0642,27.0681
5.3692,122.6594,1.0647,27.0417
5.3712,122.6946,1.0653,27.0152
5.3733,122.7298,1.0658,26.9887
5.3753,122.765,1.0663,26.9621
5.3774,122.8003,1.0668,26.9356
5.3794,122.8355,1.0673,26.909
5.3815,122.8707,1.0679,26.8824
5.3835,122.9059,1.0684,26.8558
5.3856,122.9411,1.0689,26.8291
5.3876,122.9763,1.0694,26.8024
5.3897,123.0115,1.0699,26.7757
5.3917,123.0467,1.0705,26.749
5.3938,123.082,1.071,26.7223
5.3958,123.1172,1.0715,26.6955
5.3979,123.1524,1.072,26.6687
5.3999,123.1876,1.0726,26.6419
5.402,123.2228,1.0731,26.615
5.404,123.258,1.0736,26.5881
5.4061,123.2932,1.0741,26.5612
5.4081,123.3284,1.0746,26.5343
5.4102,123.3637,1.0752,26.5074
5.4122,123.3989,1.0757,26.4804
5.4143,123.4341,1.0762,26.4534
5.4163,123.4693,1.0767,26.4264
5.4184,123.5045,1.0772,26.3994
5.4204,123.5397,1.0778,26.3723
5.4225,123.5749,1.0783,26.3452
5.4245,123.6101,1.0788,26.3181
5.4266,123.6454,1.0793,26.291
5.4286,123.6806,1.0798,26.2638
5.4307,123.7158,1.0804,26.2366
5.4327,123.751,1.0809,26.2094
5.4348,123.7862,1.0814,26.1822
5.4368,123.8214,1.0819,26.1549
5.4389,123.8566,1.0825,26.1276
5.4409,123.8919,1.083,26.1003
5.443,123.9271,1.0835,26.073
5.445,123.9623,1.084,26.0456
5.4471,123.9975,1.0845,26.0183
5.4491,124.0327,1.0851,25.9908
5.4512,124.0679,1.0856,25.9634
5.4532,124.1032,1.0861,25.936
5.4553,124.1384,1.0866,25.9085
5.4573,124.1736,1.0871,25.881
5.4594,124.2088,1.0877,25.8535
5.4614,124.244,1.0882,25.8259
5.4635,124.2792,1.0887,25.7984
5.4655,124.3144,1.0892,25.7708
5.4676,124.3497,1.0898,25.7431
5.4696,124.3849,1.0903,25.7155
5.4717,124.4201,1.0908,25.6878
5.4737,124.4553,1.0913,25.6602
5.4758,124.4905,1.0918,25.6324
5.4778,124.5258,1.0924,25.6047
5.4799,124.561,1.0929,25.5769
5.4819,124.5962,1.0934,25.5492
5.484,124.6314,1.0939,25.5213
5.486,124.6666,1.0944,25.4935
5.4881,124.7018,1.095,25.4657
5.4901,124.7371,1.0955,25.4378
5.4922,124.7723,1.096,25.4099
5.4942,124.8075,1.0965,25.3819
5.4963,124.8427,1.0971,25.354
5.4983,124.8779,1.0976,25.326
5.5004,124.9132,1.0981,25.298
5.5024,124.9484,1.0986,25.27
5.5045,124.9836,1.0991,25.2419
5.5065,125.0188,1.0997,25.2139
5.5086,125.0541,1.1002,25.1858
5.5106,125.0893,1.1007,25.1577
5.5127,125.1245,1.1012,25.1295
5.5147,125.1597,1.1018,25.1013
5.5168,125.1949,1.1023,25.0732
5.5188,125.2302,1.1028,25.0449
5.5209,125.2654,1.1033,25.0167
5.5229,125.3006,1.1038,24.9884
5.525,125.3358,1.1044,24.9601
5.527,125.3711,1.1049,24.9318
5.5291,125.4063,1.1054,24.9035
5.5311,125.4415,1.1059,24.8752
5.5332,125.4767,1.1065,24.8468
5.5352,125.512,1.107,24.8184
5.5373,125.5472,1.1075,24.7899
5.5393,125.5824,1.108,24.7615
5.5414,125.6176,1.1085,24.733
5.5434,125.6529,1.1091,24.7045
5.5455,125.6881,1.1096,24.676
5.5475,125.7233,1.1101,24.6474
5.5496,125.7586,1.1106,24.6189
5.5516,125.7938,1.1112,24.5903
5.5537,125.829,1.1117,24.5617
5.5557,125.8642,1.1122,24.533
5.5578,125.8995,1.1127,24.5044
5.5598,125.9347,1.1132,24.4757
5.5619,125.9699,1.1138,24.447
5.5639,126.0052,1.1143,24.4182
5.566,126.0404,1.1148,24.3895
5.568,126.0756,1.1153,24.3607
5.5701,126.1109,1.1158,24.3319
5.5721,126.1461,1.1164,24.303
5.5742,126.1813,1.1169,24.2742
5.5762,126.2166,1.1174,24.2453
5.5783,126.2518,1.1179,24.2164
5.5803,126.287,1.1185,24.1875
5.5824,126.3223,1.119,24.1585
5.5844,126.3575,1.1195,24.1296
5.5865,126.3927,1.12,24.1006
5.5885,126.428,1.1206,24.0716
5.5906,126.4632,1.1211,24.0425
5.5926,126.4984,1.1216,24.0134
5.5947,126.5337,1.1221,23.9844
5.5967,126.5689,1.1226,23.9552
5.5988,126.6042,1.1232,23.9261
5.6008,126.6394,1.1237,23.897
5.6029,126.6746,1.1242,23.8678
5.6049,126.7099,1.1247,23.8386
5.607,126.7451,1.1253,23.8093
5.609,126.7804,1.1258,23.7801
5.6111,126.8156,1.1263,23.7508
5.6131,126.8508,1.1268,23.7215
5.6152,126.8861,1.1273,23.6922
5.6172,126.9213,1.1279,23.6628
5.6193,126.9566,1.1284,23.6335
5.6213,126.9918,1.1289,23.6041
5.6234,127.027,1.1294,23.5747
5.6254,127.0623,1.13,23.5452
5.6275,127.0975,1.1305,23.5157
5.6295,127.1328,1.131,23.4863
5.6316,127.168,1.1315,23.4568
5.6336,127.2033,1.132,23.4272
5.6357,127.2385,1.1326,23.3977
5.6377,127.2738,1.1331,23.3681
5.6398,127.309,1.1336,23.3385
5.6418,127.3443,1.1341,23.3088
5.6439,127.3795,1.1347,23.2792
5.6459,127.4148,1.1352,23.2495
5.648,127.45,1.1357,23.2198
5.65,127.4853,1.1362,23.1901
5.6521,127.5205,1.1367,23.1604
5.6541,127.5558,1.1373,23.1306
5.6562,127.591,1.1378,23.1008
5.6582,127.6263,1.1383,23.071
5.6603,127.6615,1.1388,23.0412
5.6623,127.6968,1.1394,23.0113
5.6644,127.732,1.1399,22.9814
5.6664,127.7673,1.1404,22.9515
5.6685,127.8025,1.1409,22.9216
5.6705,127.8378,1.1415,22.8916
5.6726,127.8731,1.142,22.8616
5.6746,127.9083,1.1425,22.8316
5.6767,127.9436,1.143,22.8016
5.6787,127.9788,1.1435,22.7716
5.6808,128.0141,1.1441,22.7415
5.6828,128.0494,1.1446,22.7114
5.6849,128.0846,1.1451,22.6813
5.6869,128.1199,1.1456,22.6512
5.689,128.1551,1.1462,22.621
5.691,128.1904,1.1467,22.5908
5.6931,128.2257,1.1472,22.5606
5.6951,128.2609,1.1477,22.5304
5.6972,128.2962,1.1483,22.5001
5.6992,128.3315,1.1488,22.4698
5.7013,128.3667,1.1493,22.4395
5.7033,128.402,1.1498,22.4092
5.7054,128.4373,1.1503,22.3789
5.7074,128.4725,1.1509,22.3485
5.7095,128.5078,1.1514,22.3181
5.7115,128.5431,1.1519,22.2877
5.7136,128.5783,1.1524,22.2573
5.7156,128.6136,1.153,22.2268
5.7177,128.6489,1.1535,22.1963
5.7197,128.6841,1.154,22.1658
5.7218,128.7194,1.1545,22.1353
5.7238,128.7547,1.155,22.1047
5.7259,128.79,1.1556,22.0741
5.7279,128.8252,1.1561,22.0435
5.73,128.8605,1.1566,22.0129
5.732,128.8958,1.1571,21.9823
5.7341,128.9311,1.1577,21.9516
5.7361,128.9663,1.1582,21.9209
5.7382,129.0016,1.1587,21.8902
5.7402,129.0369,1.1592,21.8595
5.7423,129.0722,1.1598,21.8287
5.7443,129.1074,1.1603,21.7979
5.7464,129.1427,1.1608,21.7671
5.7484,129.178,1.1613,21.7363
5.7505,129.2133,1.1618,21.7054
5.7525,129.2486,1.1624,21.6745
5.7546,129.2838,1.1629,21.6437
5.7566,129.3191,1.1634,21.6127
5.7587,129.3544,1.1639,21.5818
5.7607,129.3897,1.1645,21.5508
5.7628,129.425,1.165,21.5198
5.7648,129.4603,1.1655,21.4888
5.7669,129.4956,1.166,21.4578
5.7689,129.5308,1.1666,21.4267
5.771,129.5661,1.1671,21.3956
5.773,129.6014,1.1676,21.3645
5.7751,129.6367,1.1681,21.3334
5.7771,129.672,1.1686,21.3023
5.7792,129.7073,1.1692,21.2711
5.7812,129.7426,1.1697,21.2399
5.7833,129.7779,1.1702,21.2087
5.7853,129.8132,1.1707,21.1774
5.7874,129.8485,1.1713,21.1462
5.7894,129.8838,1.1718,21.1149
5.7915,129.9191,1.1723,21.0836
5.7935,129.9544,1.1728,21.0522
5.7956,129.9897,1.1734,21.0209
5.7976,130.025,1.1739,20.9895
5.7997,130.0603,1.1744,20.9581
5.8017,130.0956,1.1749,20.9267
5.8038,130.1309,1.1754,20.8952
5.8058,130.1662,1.176,20.8638
5.8079,130.2015,1.1765,20.8323
5.8099,130.2368,1.177,20.8008
5.812,130.2721,1.1775,20.7692
5.814,130.3074,1.1781,20.7377
5.8161,130.3427,1.1786,20.7061
5.8181,130.378,1.1791,20.6745
5.8202,130.4133,1.1796,20.6429
5.8222,130.4486,1.1802,20.6112
5.8243,130.4839,1.1807,20.5795
5.8263,130.5192,1.1812,20.5478
5.8284,130.5545,1.1817,20.5161
5.8304,130.5898,1.1823,20.4844
5.8325,130.6252,1.1828,20.4526
5.8345,130.6605,1.1833,20.4208
5.8366,130.6958,1.1838,20.389
5.8386,130.7311,1.1843,20.3572
5.8407,130.7664,1.1849,20.3253
5.8427,130.8017,1.1854,20.2935
5.8448,130.8371,1.1859,20.2616
5.8468,130.8724,1.1864,20.2296
5.8489,130.9077,1.187,20.1977
5.8509,130.943,1.1875,20.1657
5.853,130.9783,1.188,20.1337
5.855,131.0137,1.1885,20.1017
5.8571,131.049,1.1891,20.0697
5.8591,131.0843,1.1896,20.0376
5.8612,131.1196,1.1901,20.0056
5.8632,131.155,1.1906,19.9735
5.8653,131.1903,1.1911,19.9413
5.8673,131.2256,1.1917,19.9092
5.8694,131.2609,1.1922,19.877
5.8714,131.2963,1.1927,19.8448
5.8735,131.3316,1.1932,19.8126
5.8755,131.3669,1.1938,19.7804
5.8776,131.4023,1.1943,19.7481
5.8796,131.4376,1.1948,19.7158
5.8817,131.4729,1.1953,19.6835
5.8837,131.5083,1.1959,19.6512
5.8858,131.5436,1.1964,19.6189
5.8878,131.5789,1.1969,19.5865
5.8899,131.6143,1.1974,19.5541
5.8919,131.6496,1.198,19.5217
5.894,131.6849,1.1985,19.4892
5.896,131.7203,1.199,19.4568
5.8981,131.7556,1.1995,19.4243
5.9001,131.791,1.2,19.3918
5.9022,131.8263,1.2006,19.3593
5.9042,131.8617,1.2011,19.3267
5.9063,131.897,1.2016,19.2941
5.9083,131.9323,1.2021,19.2615
5.9104,131.9677,1.2027,19.2289
5.9124,132.003,1.2032,19.1963
5.9145,132.0384,1.2037,19.1636
5.9165,132.0737,1.2042,19.1309
5.9186,132.1091,1.2048,19.0982
5.9206,132.1444,1.2053,19.0655
5.9227,132.1798,1.2058,19.0328
5.9247,132.2151,1.2063,19.0
5.9268,132.2505,1.2068,18.9672
5.9288,132.2859,1.2074,18.9344
5.9309,132.3212,1.2079,18.9015
5.9329,132.3566,1.2084,18.8687
5.935,132.3919,1.2089,18.8358
5.937,132.4273,1.2095,18.8029
5.9391,132.4626,1.21,18.77
5.9411,132.498,1.2105,18.737
5.9432,132.5334,1.211,18.704
5.9452,132.5687,1.2116,18.671
5.9473,132.6041,1.2121,18.638
5.9493,132.6395,1.2126,18.605
5.9514,132.6748,1.2131,18.5719
5.9534,132.7102,1.2137,18.5388
5.9555,132.7456,1.2142,18.5057
5.9575,132.7809,1.2147,18.4726
5.9596,132.8163,1.2152,18.4395
5.9616,132.8517,1.2157,18.4063
5.9637,132.8871,1.2163,18.3731
5.9657,132.9224,1.2168,18.3399
5.9678,132.9578,1.2173,18.3066
5.9698,132.9932,1.2178,18.2734
5.9719,133.0286,1.2184,18.2401
5.9739,133.0639,1.2189,18.2068
5.976,133.0993,1.2194,18.1735
5.978,133.1347,1.2199,18.1401
5.9801,133.1701,1.2205,18.1067
5.9821,133.2055,1.221,18.0734
5.9842,133.2408,1.2215,18.0399
5.9862,133.2762,1.222,18.0065
5.9883,133.3116,1.2225,17.973
5.9903,133.347,1.2231,17.9396
5.9924,133.3824,1.2236,17.9061
5.9944,133.4178,1.2241,17.8725
5.9965,133.4532,1.2246,17.839
5.9985,133.4885,1.2252,17.8054
6.0006,133.5239,1.2257,17.7718
6.0026,133.5593,1.2262,17.7382
6.0047,133.5947,1.2267,17.7046
6.0067,133.6301,1.2273,17.6709
6.0088,133.6655,1.2278,17.6373
6.0108,133.7009,1.2283,17.6036
6.0129,133.7363,1.2288,17.5698
6.0149,133.7717,1.2294,17.5361
6.017,133.8071,1.2299,17.5023
6.019,133.8425,1.2304,17.4685
6.0211,133.8779,1.2309,17.4347
6.0231,133.9133,1.2314,17.4009
6.0252,133.9487,1.232,17.367
6.0272,133.9841,1.2325,17.3332
6.0293,134.0195,1.233,17.2993
6.0313,134.0549,1.2335,17.2653
6.0334,134.0904,1.2341,17.2314
6.0354,134.1258,1.2346,17.1974
6.0375,134.1612,1.2351,17.1635
6.0395,134.1966,1.2356,17.1295
6.0416,134.232,1.2362,17.0954
6.0436,134.2674,1.2367,17.0614
6.0457,134.3028,1.2372,17.0273
6.0477,134.3383,1.2377,16.9932
6.0498,134.3737,1.2382,16.9591
6.0518,134.4091,1.2388,16.925
6.0539,134.4445,1.2393,16.8908
6.0559,134.4799,1.2398,16.8566
6.058,134.5154,1.2403,16.8224
6.06,134.5508,1.2409,16.7882
6.0621,134.5862,1.2414,16.7539
6.0641,134.6216,1.2419,16.7197
6.0662,134.6571,1.2424,16.6854
6.0682,134.6925,1.243,16.6511
6.0703,134.7279,1.2435,16.6168
6.0723,134.7634,1.244,16.5824
6.0744,134.7988,1.2445,16.548
6.0764,134.8342,1.245,16.5136
6.0785,134.8697,1.2456,16.4792
6.0805,134.9051,1.2461,16.4448
6.0826,134.9405,1.2466,16.4103
6.0846,134.976,1.2471,16.3758
6.0867,135.0114,1.2477,16.3413
6.0887,135.0468,1.2482,16.3068
6.0908,135.0823,1.2487,16.2722
6.0928,135.1177,1.2492,16.2377
6.0949,135.1532,1.2498,16.2031
6.0969,135.1886,1.2503,16.1685
6.099,135.2241,1.2508,16.1338
6.101,135.2595,1.2513,16.0992
6.1031,135.295,1.2519,16.0645
6.1051,135.3304,1.2524,16.0298
6.1072,135.3659,1.2529,15.9951
6.1092,135.4013,1.2534,15.9603
6.1113,135.4368,1.2539,15.9256
6.1133,135.4722,1.2545,15.8908
6.1154,135.5077,1.255,15.856
6.1174,135.5431,1.2555,15.8211
6.1195,135.5786,1.256,15.7863
6.1215,135.6141,1.2566,15.7514
6.1236,135.6495,1.2571,15.7165
6.1256,135.685,1.2576,15.6816
6.1277,135.7205,1.2581,15.6467
6.1297,135.7559,1.2587,15.6117
6.1318,135.7914,1.2592,15.5767
6.1338,135.8269,1.2597,15.5417
6.1359,135.8623,1.2602,15.5067
6.1379,135.8978,1.2607,15.4717
6.14,135.9333,1.2613,15.4366
6.142,135.9687,1.2618,15.4015
6.1441,136.0042,1.2623,15.3664
6.1461,136.0397,1.2628,15.3313
6.1482,136.0752,1.2634,15.2961
6.1502,136.1106,1.2639,15.261
6.1523,136.1461,1.2644,15.2258
6.1543,136.1816,1.2649,15.1906
6.1564,136.2171,1.2655,15.1553
6.1584,136.2526,1.266,15.1201
6.1605,136.288,1.2665,15.0848
6.1625,136.3235,1.267,15.0495
6.1646,136.359,1.2675,15.0142
6.1666,136.3945,1.2681,14.9788
6.1687,136.43,1.2686,14.9435
6.1707,136.4655,1.2691,14.9081
6.1728,136.501,1.2696,14.8727
6.1748,136.5365,1.2702,14.8372
6.1769,136.572,1.2707,14.8018
6.1789,136.6075,1.2712,14.7663
6.181,136.643,1.2717,14.7308
6.183,136.6785,1.2723,14.6953
6.1851,136.714,1.2728,14.6598
6.1871,136.7495,1.2733,14.6242
6.1892,136.785,1.2738,14.5887
6.1912,136.8205,1.2743,14.5531
6.1933,136.856,1.2749,14.5174
6.1953,136.8915,1.2754,14.4818
6.1974,136.927,1.2759,14.4461
6.1994,136.9625,1.2764,14.4105
6.2015,136.998,1.277,14.3748
6.2035,137.0335,1.2775,14.339
6.2056,137.069,1.278,14.3033
6.2076,137.1046,1.2785,14.2675
6.2097,137.1401,1.279,14.2317
6.2117,137.1756,1.2796,14.1959
6.2138,137.2111,1.2801,14.1601
6.2158,137.2466,1.2806,14.1243
6.2179,137.2821,1.2811,14.0884
6.2199,137.3177,1.2817,14.0525
6.222,137.3532,1.2822,14.0166
6.224,137.3887,1.2827,13.9806
6.2261,137.4242,1.2832,13.9447
6.2281,137.4598,1.2838,13.9087
6.2302,137.4953,1.2843,13.8727
6.2322,137.5308,1.2848,13.8367
6.2343,137.5664,1.2853,13.8006
6.2363,137.6019,1.2858,13.7646
6.2384,137.6374,1.2864,13.7285
6.2404,137.673,1.2869,13.6924
6.2425,137.7085,1.2874,13.6563
6.2445,137.744,1.2879,13.6201
6.2466,137.7796,1.2885,13.584
6.2486,137.8151,1.289,13.5478
6.2507,137.8507,1.2895,13.5116
6.2527,137.8862,1.29,13.4753
6.2548,137.9218,1.2905,13.4391
6.2568,137.9573,1.2911,13.4028
6.2589,137.9929,1.2916,13.3665
6.2609,138.0284,1.2921,13.3302
6.263,138.064,1.2926,13.2939
6.265,138.0995,1.2932,13.2575
6.2671,138.1351,1.2937,13.2211
6.2691,138.1706,1.2942,13.1848
6.2712,138.2062,1.2947,13.1483
6.2732,138.2417,1.2953,13.1119
6.2753,138.2773,1.2958,13.0754
6.2773,138.3129,1.2963,13.039
6.2794,138.3484,1.2968,13.0025
6.2814,138.384,1.2973,12.9659
6.2835,138.4196,1.2979,12.9294
6.2855,138.4551,1.2984,12.8928
6.2876,138.4907,1.2989,12.8562
6.2896,138.5263,1.2994,12.8196
6.2917,138.5618,1.3,12.783
6.2937,138.5974,1.3005,12.7464
6.2958,138.633,1.301,12.7097
6.2978,138.6686,1.3015,12.673
6.2999,138.7041,1.302,12.6363
6.3019,138.7397,1.3026,12.5996
6.304,138.7753,1.3031,12.5628
6.306,138.8109,1.3036,12.5261
6.3081,138.8465,1.3041,12.4893
6.3101,138.882,1.3047,12.4525
6.3122,138.9176,1.3052,12.4156
6.3142,138.9532,1.3057,12.3788
6.3163,138.9888,1.3062,12.3419
6.3183,139.0244,1.3067,12.305
6.3204,139.06,1.3073,12.2681
6.3224,139.0956,1.3078,12.2311
6.3245,139.1312,1.3083,12.1942
6.3265,139.1668,1.3088,12.1572
6.3286,139.2024,1.3094,12.1202
6.3306,139.238,1.3099,12.0832
6.3327,139.2736,1.3104,12.0462
6.3347,139.3092,1.3109,12.0091
6.3368,139.3448,1.3114,11.972
6.3388,139.3804,1.312,11.9349
6.3409,139.416,1.3125,11.8978
6.3429,139.4516,1.313,11.8607
6.345,139.4872,1.3135,11.8235
6.347,139.5228,1.3141,11.7863
6.3491,139.5584,1.3146,11.7491
6.3511,139.5941,1.3151,11.7119
6.3532,139.6297,1.3156,11.6746
6.3552,139.6653,1.3161,11.6374
6.3573,139.7009,1.3167,11.6001
6.3593,139.7365,1.3172,11.5628
6.3614,139.7721,1.3177,11.5254
6.3634,139.8078,1.3182,11.4881
6.3655,139.8434,1.3188,11.4507
6.3675,139.879,1.3193,11.4133
6.3696,139.9146,1.3198,11.3759
6.3716,139.9503,1.3203,11.3385
6.3737,139.9859,1.3208,11.3011
6.3757,140.0215,1.3214,11.2636
6.3778,140.0572,1.3219,11.2261
6.3798,140.0928,1.3224,11.1886
6.3819,140.1284,1.3229,11.151
6.3839,140.1641,1.3235,11.1135
6.386,140.1997,1.324,11.0759
6.388,140.2354,1.3245,11.0383
6.3901,140.271,1.325,11.0007
6.3921,140.3067,1.3255,10.9631
6.3942,140.3423,1.3261,10.9254
6.3962,140.3779,1.3266,10.8878
6.3983,140.4136,1.3271,10.8501
6.4003,140.4492,1.3276,10.8123
6.4024,140.4849,1.3282,10.7746
6.4044,140.5206,1.3287,10.7369
6.4065,140.5562,1.3292,10.6991
6.4085,140.5919,1.3297,10.6613
6.4106,140.6275,1.3302,10.6235
6.4126,140.6632,1.3308,10.5856
6.4147,140.6988,1.3313,10.5478
6.4167,140.7345,1.3318,10.5099
6.4188,140.7702,1.3323,10.472
6.4208,140.8058,1.3329,10.4341
6.4229,140.8415,1.3334,10.3961
6.4249,140.8772,1.3339,10.3582
6.427,140.9129,1.3344,10.3202
6.429,140.9485,1.3349,10.2822
6.4311,140.9842,1.3355,10.2442
6.4331,141.0199,1.336,10.2061
6.4352,141.0556,1.3365,10.1681
6.4372,141.0912,1.337,10.13
6.4393,141.1269,1.3375,10.0919
6.4413,141.1626,1.3381,10.0538
6.4434,141.1983,1.3386,10.0156
6.4454,141.234,1.3391,9.9775
6.4475,141.2697,1.3396,9.9393
6.4495,141.3053,1.3402,9.9011
6.4516,141.341,1.3407,9.8629
6.4536,141.3767,1.3412,9.8246
6.4557,141.4124,1.3417,9.7864
6.4577,141.4481,1.3422,9.7481
6.4598,141.4838,1.3428,9.7098
6.4618,141.5195,1.3433,9.6715
6.4639,141.5552,1.3438,9.6331
6.4659,141.5909,1.3443,9.5948
6.468,141.6266,1.3448,9.5564
6.47,141.6623,1.3454,9.518
6.4721,141.698,1.3459,9.4796
6.4741,141.7337,1.3464,9.4411
6.4762,141.7694,1.3469,9.4027
6.4782,141.8052,1.3475,9.3642
6.4803,141.8409,1.348,9.3257
6.4823,141.8766,1.3485,9.2872
6.4844,141.9123,1.349,9.2486
6.4864,141.948,1.3495,9.21
6.4885,141.9837,1.3501,9.1715
6.4905,142.0195,1.3506,9.1329
6.4926,142.0552,1.3511,9.0942
6.4946,142.0909,1.3516,9.0556
6.4967,142.1266,1.3521,9.0169
6.4987,142.1624,1.3527,8.9783
6.5008,142.1981,1.3532,8.9396
6.5028,142.2338,1.3537,8.9008
6.5049,142.2695,1.3542,8.8621
6.5069,142.3053,1.3548,8.8233
6.509,142.341,1.3553,8.7846
6.511,142.3768,1.3558,8.7458
6.5131,142.4125,1.3563,8.7069
6.5151,142.4482,1.3568,8.6681
6.5172,142.484,1.3574,8.6292
6.5192,142.5197,1.3579,8.5903
6.5213,142.5555,1.3584,8.5514
6.5233,142.5912,1.3589,8.5125
6.5254,142.627,1.3594,8.4736
6.5274,142.6627,1.36,8.4346
6.5295,142.6985,1.3605,8.3956
6.5315,142.7342,1.361,8.3567
6.5336,142.77,1.3615,8.3176
6.5356,142.8057,1.362,8.2786
6.5377,142.8415,1.3626,8.2395
6.5397,142.8772,1.3631,8.2005
6.5418,142.913,1.3636,8.1614
6.5438,142.9488,1.3641,8.1222
6.5459,142.9845,1.3647,8.0831
6.5479,143.0203,1.3652,8.0439
6.55,143.0561,1.3657,8.0048
6.552,143.0918,1.3662,7.9656
6.5541,143.1276,1.3667,7.9264
6.5561,143.1634,1.3673,7.8871
6.5582,143.1992,1.3678,7.8479
6.5602,143.2349,1.3683,7.8086
6.5623,143.2707,1.3688,7.7693
6.5643,143.3065,1.3693,7.73
6.5664,143.3423,1.3699,7.6906
6.5684,143.3781,1.3704,7.6513
6.5705,143.4139,1.3709,7.6119
6.5725,143.4496,1.3714,7.5725
6.5746,143.4854,1.3719,7.5331
6.5766,143.5212,1.3725,7.4937
6.5787,143.557,1.373,7.4542
6.5807,143.5928,1.3735,7.4147
6.5828,143.6286,1.374,7.3753
6.5848,143.6644,1.3745,7.3357
6.5869,143.7002,1.3751,7.2962
6.5889,143.736,1.3756,7.2567
6.591,143.7718,1.3761,7.2171
6.593,143.8076,1.3766,7.1775
6.5951,143.8434,1.3771,7.1379
6.5971,143.8792,1.3777,7.0983
6.5992,143.915,1.3782,7.0586
6.6012,143.9509,1.3787,7.019
6.6033,143.9867,1.3792,6.9793
6.6053,144.0225,1.3797,6.9396
6.6074,144.0583,1.3803,6.8998
6.6094,144.0941,1.3808,6.8601
6.6115,144.1299,1.3813,6.8203
6.6135,144.1658,1.3818,6.7805
6.6156,144.2016,1.3824,6.7407
6.6176,144.2374,1.3829,6.7009
6.6197,144.2732,1.3834,6.6611
6.6217,144.3091,1.3839,6.6212
6.6238,144.3449,1.3844,6.5813
6.6258,144.3807,1.385,6.5414
6.6279,144.4166,1.3855,6.5015
6.6299,144.4524,1.386,6.4616
6.632,144.4882,1.3865,6.4216
6.634,144.5241,1.387,6.3816
6.6361,144.5599,1.3876,6.3416
6.6381,144.5958,1.3881,6.3016
6.6402,144.6316,1.3886,6.2616
6.6422,144.6675,1.3891,6.2215
6.6443,144.7033,1.3896,6.1815
6.6463,144.7392,1.3902,6.1414
6.6484,144.775,1.3907,6.1012
6.6504,144.8109,1.3912,6.0611
6.6525,144.8467,1.3917,6.021
6.6545,144.8826,1.3922,5.9808
6.6566,144.9184,1.3928,5.9406
6.6586,144.9543,1.3933,5.9004
6.6607,144.9902,1.3938,5.8602
6.6627,145.026,1.3943,5.8199
6.6648,145.0619,1.3948,5.7796
6.6668,145.0978,1.3954,5.7394
6.6689,145.1336,1.3959,5.699
6.6709,145.1695,1.3964,5.6587
6.673,145.2054,1.3969,5.6184
6.675,145.2412,1.3974,5.578
6.6771,145.2771,1.3979,5.5376
6.6791,145.313,1.3985,5.4972
6.6812,145.3489,1.399,5.4568
6.6832,145.3848,1.3995,5.4164
6.6853,145.4206,1.4,5.3759
6.6873,145.4565,1.4005,5.3354
6.6894,145.4924,1.4011,5.2949
6.6914,145.5283,1.4016,5.2544
6.6935,145.5642,1.4021,5.2139
6.6955,145.6001,1.4026,5.1733
6.6976,145.636,1.4031,5.1327
6.6996,145.6719,1.4037,5.0922
6.7017,145.7078,1.4042,5.0515
6.7037,145.7437,1.4047,5.0109
6.7058,145.7796,1.4052,4.9703
6.7078,145.8155,1.4057,4.9296
6.7099,145.8514,1.4063,4.8889
6.7119,145.8873,1.4068,4.8482
6.714,145.9232,1.4073,4.8075
6.716,145.9591,1.4078,4.7667
6.7181,145.995,1.4083,4.726
6.7201,146.031,1.4089,4.6852
6.7222,146.0669,1.4094,4.6444
6.7242,146.1028,1.4099,4.6035
6.7263,146.1387,1.4104,4.5627
6.7283,146.1746,1.4109,4.5218
6.7304,146.2106,1.4115,4.481
6.7324,146.2465,1.412,4.4401
6.7345,146.2824,1.4125,4.3992
6.7365,146.3183,1.413,4.3582
6.7386,146.3543,1.4135,4.3173
6.7406,146.3902,1.414,4.2763
6.7427,146.4261,1.4146,4.2353
6.7447,146.4621,1.4151,4.1943
6.7468,146.498,1.4156,4.1533
6.7488,146.5339,1.4161,4.1122
6.7509,146.5699,1.4166,4.0711
6.7529,146.6058,1.4172,4.0301
6.755,146.6418,1.4177,3.9889
6.757,146.6777,1.4182,3.9478
6.7591,146.7137,1.4187,3.9067
6.7611,146.7496,1.4192,3.8655
6.7632,146.7856,1.4198,3.8243
6.7652,146.8215,1.4203,3.7831
6.7673,146.8575,1.4208,3.7419
6.7693,146.8935,1.4213,3.7007
6.7714,146.9294,1.4218,3.6594
6.7734,146.9654,1.4224,3.6181
6.7755,147.0013,1.4229,3.5769
6.7775,147.0373,1.4234,3.5355
6.7796,147.0733,1.4239,3.4942
6.7816,147.1092,1.4244,3.4529
6.7837,147.1452,1.4249,3.4115
6.7857,147.1812,1.4255,3.3701
6.7878,147.2172,1.426,3.3287
6.7898,147.2531,1.4265,3.2873
6.7919,147.2891,1.427,3.2458
6.7939,147.3251,1.4275,3.2044
6.796,147.3611,1.4281,3.1629
6.798,147.3971,1.4286,3.1214
6.8001,147.4331,1.4291,3.0799
6.8021,147.469,1.4296,3.0383
6.8042,147.505,1.4301,2.9968
6.8062,147.541,1.4306,2.9552
6.8083,147.577,1.4312,2.9136
6.8103,147.613,1.4317,2.872
6.8124,147.649,1.4322,2.8304
6.8144,147.685,1.4327,2.7887
6.8165,147.721,1.4332,2.747
6.8185,147.757,1.4338,2.7054
6.8206,147.793,1.4343,2.6637
6.8226,147.829,1.4348,2.6219
6.8247,147.865,1.4353,2.5802
6.8267,147.9011,1.4358,2.5384
6.8288,147.9371,1.4363,2.4967
6.8308,147.9731,1.4369,2.4549
6.8329,148.0091,1.4374,2.413
6.8349,148.0451,1.4379,2.3712
6.837,148.0811,1.4384,2.3294
6.839,148.1172,1.4389,2.2875
6.8411,148.1532,1.4395,2.2456
6.8431,148.1892,1.44,2.2037
6.8452,148.2252,1.4405,2.1618
6.8472,148.2613,1.441,2.1198
6.8493,148.2973,1.4415,2.0778
6.8513,148.3333,1.442,2.0359
6.8534,148.3694,1.4426,1.9939
6.8554,148.4054,1.4431,1.9518
6.8575,148.4415,1.4436,1.9098
6.8595,148.4775,1.4441,1.8677
6.8616,148.5135,1.4446,1.8257
6.8636,148.5496,1.4452,1.7836
6.8657,148.5856,1.4457,1.7415
6.8677,148.6217,1.4462,1.6993
6.8698,148.6577,1.4467,1.6572
6.8718,148.6938,1.4472,1.615
6.8739,148.7298,1.4477,1.5728
6.8759,148.7659,1.4483,1.5306
6.878,148.802,1.4488,1.4884
6.88,148.838,1.4493,1.4462
6.8821,148.8741,1.4498,1.4039
6.8841,148.9101,1.4503,1.3616
6.8862,148.9462,1.4508,1.3193
6.8882,148.9823,1.4514,1.277
6.8903,149.0183,1.4519,1.2347
6.8923,149.0544,1.4524,1.1924
6.8944,149.0905,1.4529,1.15
6.8964,149.1266,1.4534,1.1076
6.8985,149.1626,1.4539,1.0652
6.9005,149.1987,1.4545,1.0228
6.9026,149.2348,1.455,0.9803
6.9046,149.2709,1.4555,0.9379
6.9067,149.307,1.456,0.8954
6.9087,149.3431,1.4565,0.8529
6.9108,149.3792,1.457,0.8104
6.9128,149.4152,1.4576,0.7679
6.9149,149.4513,1.4581,0.7253
6.9169,149.4874,1.4586,0.6827
6.919,149.5235,1.4591,0.6401
6.921,149.5596,1.4596,0.5975
6.9231,149.5957,1.4602,0.5549
6.9251,149.6318,1.4607,0.5123
6.9272,149.6679,1.4612,0.4696
6.9292,149.7041,1.4617,0.4269
6.9313,149.7402,1.4622,0.3842
6.9333,149.7763,1.4627,0.3415
6.9354,149.8124,1.4633,0.2988
6.9374,149.8485,1.4638,0.2561
6.9395,149.8846,1.4643,0.2133
6.9415,149.9207,1.4648,0.1705
6.9436,149.9569,1.4653,0.1277
6.9456,149.993,1.4658,0.0849
6.9477,150.0291,1.4664,0.042
